0.0689748,-0.074986,0.236086,-0.962449,0.0852529
-0.235415,0.501749,0.282839,-0.451124,0.637119
-0.25211,0.408059,0.135683,-0.194406,0.842602
0.545495,-0.0220683,0.347262,0.508409,0.568902
-0.0502987,0.251031,0.688162,-0.653529,0.182067
0.593666,0.241965,0.416382,0.451937,0.453037
-0.562147,0.364081,-0.513338,-0.479043,-0.234808
-0.0315535,-0.428459,0.162119,-0.869751,0.189502
-0.689538,0.614344,0.101071,0.348305,0.132843
0.106013,-0.30281,-0.482491,0.325677,0.747678
-0.185189,-0.153926,0.661518,-0.296377,0.643629
-0.331669,0.819031,-0.284862,0.369191,-0.0611746
-0.201691,0.794774,-0.332801,0.0369652,-0.464186
-0.465517,0.478749,0.555142,0.218838,-0.445033
-0.869169,-0.182763,-0.0117148,0.41306,-0.200493
-0.973514,0.118323,-0.0341851,-0.148667,-0.108581
-0.267827,-0.359976,-0.0771298,0.87579,0.154632
0.706098,0.613981,-0.0534534,-0.0501982,-0.3431
-0.417204,0.815673,-0.151389,0.108868,-0.353436
-0.592918,0.230517,-0.173952,-0.543162,-0.520998
0.0345117,-0.205285,-0.508527,0.788809,-0.274267
-0.130022,-0.4484,0.737444,-0.485992,0.0116667
0.0493373,-0.0287583,0.629359,-0.153621,0.758076
0.383504,-0.416211,-0.589324,-0.57726,0.0245034
0.238015,-0.0426177,0.130664,-0.329782,-0.900843
-0.261993,-0.792983,0.449637,-0.280467,0.143401
-0.338901,0.518567,-0.017933,-0.758772,0.204257
0.031431,0.215971,-0.497479,0.131726,0.829948
-0.287271,0.297898,0.462583,-0.227582,0.753817
-0.528525,-0.351169,-0.280899,-0.229575,0.679929
-0.531988,0.194425,0.129963,-0.00732913,0.814439
-0.214233,0.430477,0.564975,-0.615883,-0.274945
0.816138,-0.31096,-0.379434,0.120696,0.290451
-0.377558,-0.571434,0.401212,0.543973,-0.263546
-0.587068,-0.0261767,0.489316,-0.504031,-0.403327
0.396051,-0.269057,-0.111462,-0.602573,-0.629233
0.306139,-0.0374588,-0.670217,-0.459069,0.493568
-0.404442,0.41662,0.67263,0.114268,0.447916
-0.322666,-0.142896,0.901085,0.183476,-0.164921
-0.257007,0.635931,0.443481,0.318255,-0.478862
-0.8252,-0.221172,0.0805033,0.502284,-0.109826
0.416968,0.432448,-0.753092,-0.222607,0.142877
0.363206,-0.202235,-0.366344,-0.750587,-0.358263
-0.504316,0.242847,0.0382142,0.136257,0.817199
-0.416908,0.0905495,0.56817,-0.500711,-0.497623
-0.371952,-0.0484146,0.0507645,-0.7095,0.593868
-0.59235,0.317686,-0.575164,-0.306917,-0.353129
-0.171454,0.853823,-0.153631,-0.275536,0.37557
-0.614657,0.13426,0.405223,-0.33975,0.569881
0.0896418,-0.302944,-0.283365,-0.905111,0.0451488
-0.00666036,0.0561346,-0.490514,0.736725,0.45895
0.841351,-0.387172,0.100333,-0.269134,-0.241063
-0.603377,-0.0743822,-0.0441229,0.560359,0.558794
-0.384536,0.650572,-0.148504,0.626275,0.127343
-0.0680541,-0.142545,-0.0299647,0.980958,-0.104263
-0.088196,-0.402319,-0.861096,0.274503,-0.115037
-0.424816,-0.296935,-0.673927,0.359002,0.389862
0.361532,0.102778,0.350407,0.85254,0.0872723
-0.906533,0.00971535,0.325003,0.162307,0.209604
-0.35981,0.726446,-0.223549,0.40074,0.362497
-0.0141966,0.751257,-0.121122,0.455946,-0.463373
-1.00011,-0.00614937,-0.0402579,0.0359075,0.0105341
0.414638,0.174664,-0.290406,0.340997,0.772319
0.514726,-0.52552,-0.133268,-0.582782,0.319869
-0.248438,-0.699452,0.261318,-0.237106,-0.570586
-0.111244,-0.269484,0.0600835,-0.245288,-0.921313
0.3414,0.525352,0.76842,0.132889,-0.0278196
-0.0366102,0.458573,-0.528274,-0.143447,-0.700299
-0.0830013,-0.202526,-0.730709,0.559685,0.323527
0.321346,0.402493,0.268933,0.730352,0.362109
-0.372969,-0.430394,0.703271,0.366255,0.212218
0.493957,0.682134,-0.170939,0.513211,0.00364721
-0.822836,-0.1348,-0.393083,-0.13652,-0.360964
-0.0207243,0.77115,-0.536035,-0.0711897,-0.334358
-0.709342,-0.506693,-0.455617,0.0477058,0.170317
-0.0557119,0.391482,-0.84722,0.357285,0.0307316
-0.201606,0.449993,0.643762,0.571978,-0.12813
-0.089856,0.170762,-0.481964,0.852922,-0.00468178
0.275805,-0.120796,0.122264,-0.934008,0.151327
-0.043343,-0.750361,-0.109508,0.638887,-0.104152
-0.419482,0.174625,0.334407,-0.0755358,0.822485
-0.414621,0.563199,0.0855214,-0.185112,-0.68542
-0.541432,-0.576147,0.0991994,-0.527075,-0.303342
0.318107,0.196928,0.35205,0.829065,-0.22564
-0.248336,0.710503,-0.6531,0.0667437,-0.053027
0.0345884,-0.867022,0.207337,0.248438,0.379614
0.491961,0.382174,0.642298,0.416028,0.168467
0.445637,0.570854,-0.214385,-0.269933,0.597833
0.310312,-0.679134,0.505221,0.235322,0.363932
0.189502,-0.628286,-0.343946,0.603828,0.287138
-0.471406,0.303944,-0.537381,-0.517786,-0.359121
0.318799,0.172421,0.410204,-0.0478782,-0.836472
-0.18327,-0.547482,0.589772,-0.161168,-0.54006
0.18796,0.0406553,0.619883,0.682836,-0.336643
-0.29494,0.167459,-0.262784,0.46921,-0.770826
0.702838,0.118797,0.324758,0.538307,-0.313639
0.484172,0.0477019,0.1242,-0.0917302,0.860042
0.300252,0.0627045,-0.0662057,0.773668,-0.552677
0.148951,-0.524361,-0.0548284,-0.447252,-0.703921
0.473341,-0.308093,-0.505027,0.654158,-0.0287571
-0.199513,-0.614668,0.00461897,0.485663,-0.588855
-0.300773,0.151087,-0.37436,-0.699875,0.507919
0.088948,-0.08324,0.116414,-0.72797,-0.663661
-0.0733033,0.357801,-0.355292,0.6999,0.500435
-0.249308,0.522216,-0.584399,-0.553534,0.12934
-0.0853168,-0.0598546,-0.124226,-0.633589,-0.757566
-0.374804,0.523216,-0.10657,0.320166,0.686192
0.691642,0.681458,0.210195,-0.107453,0.0390808
0.0851701,-0.181238,0.556003,0.18295,0.787209
0.580442,0.41344,-0.148081,0.665211,-0.181486
0.465217,-0.431255,0.731525,0.178781,0.173814
-0.384266,-0.00219056,-0.245953,-0.86878,0.197019
-0.438211,-0.148811,0.60305,0.544105,-0.353655
0.371217,0.315251,-0.373339,-0.635581,-0.470597
0.773562,-0.139855,0.313063,0.41203,0.333506
0.0695026,0.494043,0.708884,-0.326644,0.37813
0.18565,0.525607,0.0674886,0.777222,-0.288499
-0.320978,-0.0192846,0.671449,-0.665507,0.0396894
0.778123,0.118588,0.491779,0.367317,0.0652358
0.0819217,-0.778567,0.133361,0.219062,0.568793
-0.164427,0.892093,0.107429,-0.21822,-0.342731
-0.149344,0.0162547,0.530058,0.730059,0.401708
0.647592,0.080796,-0.166998,-0.319584,0.66498
0.172184,0.842808,0.176343,-0.446608,-0.169116
-0.4242,0.187852,-0.0900654,0.00377554,-0.881434
-0.388305,-0.302188,0.664779,-0.00124853,-0.56297
-0.655767,0.261046,0.141478,-0.239043,0.650009
0.0799007,-0.209217,0.735652,-0.48618,-0.413367
-0.368002,0.912048,0.0641724,0.176447,0.0144162
0.170829,0.182195,-0.320131,-0.124444,-0.905272
0.0320543,-0.336139,-0.453798,-0.165098,0.807496
0.131505,-0.410067,0.690904,-0.412367,-0.40456
0.0464555,-0.33731,-0.726795,-0.0340633,0.598227
0.523289,0.311735,-0.260368,-0.680527,0.314845
0.115512,0.387268,-0.227618,0.75997,0.453778
0.29127,-0.414146,-0.149972,-0.153512,0.83346
0.519442,0.467263,0.619996,0.356599,-0.0441117
-0.420112,0.261804,0.476303,0.542613,-0.482079
0.335258,0.081994,-0.807327,-0.133274,-0.460918
0.626982,0.481683,0.592443,0.165867,-0.00423347
-0.482802,0.033314,0.629542,-0.364681,0.48422
0.415241,-0.340555,0.495624,-0.145802,0.666676
0.332203,-0.38103,0.342479,-0.198059,0.76706
-0.193634,-0.309717,-0.676766,0.341637,-0.536902
0.286073,0.292676,0.466223,-0.47743,-0.622399
-0.163556,-0.557565,0.190189,-0.0515736,0.789745
-0.461083,0.763126,-0.29701,0.342214,0.0244949
-0.486486,-0.338329,-0.577923,0.524505,0.197807
-0.479528,-0.415334,-0.677514,-0.0937556,-0.362893
0.728208,0.270082,-0.130072,0.527282,0.322759
-0.0956808,0.154071,-0.55733,-0.780805,-0.213316
0.312108,-0.446863,0.205614,0.196258,-0.788033
-0.946172,-0.219611,0.142071,0.0301404,-0.187423
-0.0375958,0.0805576,-0.649243,0.182209,0.729895
0.104077,0.720661,-0.558702,0.180907,0.352332
0.560205,-0.690305,-0.408235,0.0203295,-0.212775
-0.292879,-0.622939,-0.375449,-0.526454,-0.328537
-0.337356,0.585634,0.113567,-0.612849,0.394944
-0.188781,-0.822118,0.334606,0.155476,0.390061
-0.826869,0.442234,-0.232297,0.151797,0.20799
0.12444,0.505788,0.785459,-0.326593,-0.0807998
0.0733213,-0.0683451,-0.43354,-0.888025,0.117617
0.307238,0.806685,-0.358226,0.191918,0.299506
-0.433322,-0.071128,0.111007,-0.874402,0.169067
-0.0065299,0.794343,0.151532,0.0400769,0.583904
0.707209,-0.349794,-0.113584,0.152173,-0.586485
0.943138,0.184107,-0.0342011,0.0867287,-0.25334
-0.6151,0.49921,-0.265042,0.0828614,-0.54621
-0.477569,0.600292,0.542381,0.200687,-0.27388
-0.0993794,0.324694,-0.761221,0.514532,-0.198915
0.554015,0.663158,-0.340737,0.0709014,-0.364207
0.28179,0.16162,-0.612972,0.262023,-0.670117
0.560693,0.721119,0.23542,0.119116,-0.316555
0.297917,-0.87727,-0.0661291,-0.307049,-0.205638
-0.585405,0.428638,0.640259,-0.239971,-0.0758163
0.099039,-0.40238,-0.823871,0.323778,-0.215019
0.49955,0.708654,0.288213,0.39447,0.0968524
-0.340717,0.466425,-0.459441,-0.626655,-0.248433
-0.0314628,-0.842734,-0.386358,-0.279209,0.258073
-0.384393,-0.640234,-0.303056,-0.284687,-0.518162
0.730161,0.178529,-0.168257,0.596282,-0.22506
0.51443,-0.568189,0.128663,-0.481084,-0.407164
0.356979,-0.314944,0.623601,0.354986,-0.509113
-0.111952,-0.729544,0.378977,0.28848,-0.479196
0.463238,0.828854,0.282673,0.10132,0.0849529
0.817242,-0.197708,-0.265376,0.165932,-0.441666
0.687939,-0.122914,0.411037,-0.36533,0.460405
0.781856,-0.126997,-0.190701,-0.2785,0.50636
0.860654,0.0496824,0.175194,-0.452278,0.145734
-0.439265,0.340532,-0.719915,0.402566,-0.0978513
0.196827,0.653821,0.156201,-0.602064,-0.386768
0.628955,0.294808,0.479139,-0.169937,-0.509087
-0.610737,0.28373,-0.147789,0.208671,0.692144
-0.122248,-0.47691,0.0478942,-0.239088,0.837564
0.540998,-0.383506,-0.591133,0.246188,-0.384498
0.489885,0.706811,0.377731,0.290915,-0.184993
0.208682,-0.249036,-0.512348,-0.0529835,-0.795194
-0.854719,-0.318494,-0.229568,0.332892,0.0219298
0.862275,0.19031,-0.448902,0.115025,-0.0690586
0.117629,-0.839099,-0.525794,0.0768019,0.0483155
-0.453805,0.864512,-0.0329508,0.185341,0.108938
-0.218465,0.102108,0.354821,0.225291,0.875466
-0.39775,-0.37134,-0.636578,0.382589,-0.389817
-0.712994,-0.00928459,0.17638,-0.506523,0.451009
-0.907339,0.0415062,-0.0461757,-0.398058,0.116222
0.370829,-0.508427,-0.560037,0.507454,0.177029
0.579896,-0.0787347,0.153978,-0.775725,-0.177729
0.775437,-0.0327252,-0.479466,-0.0468366,0.405785
-0.194554,0.233571,0.825381,-0.23925,-0.409494
-0.201317,-0.34638,0.719551,0.566875,-0.0286741
0.293951,-0.546805,0.213616,0.010314,-0.756426
0.192079,0.221167,0.34414,-0.0581983,-0.888882
0.473341,0.499068,-0.714288,-0.0404646,-0.135259
-0.13797,0.417324,0.216646,-0.611253,-0.62173
0.0887239,0.827542,-0.177489,-0.468996,0.231595
0.723887,-0.290722,0.526833,0.0999966,-0.320881
0.127435,-0.866625,0.282298,-0.384581,-0.0450096
-0.506826,-0.751297,0.0534616,-0.284215,-0.311441
-0.863306,-0.201247,0.251086,-0.17614,-0.354139
0.379101,0.77709,-0.121709,-0.155047,0.465455
0.0967381,-0.05632,0.170851,0.96105,-0.191351
0.0861874,0.124998,-0.155497,-0.869529,0.440045
0.148163,0.0807952,0.937698,-0.293743,0.0606393
-0.674673,-0.498314,0.0817133,-0.0494016,-0.53714
-0.0187604,-0.5794,0.316427,-0.598937,-0.451259
0.257722,-0.332865,0.092283,-0.0718373,-0.89876
0.749845,-0.0810288,0.0938868,-0.0720305,-0.646457
0.378721,0.0847345,0.412107,-0.13159,-0.812769
0.527968,-0.47348,0.433129,0.474637,0.288617
-0.0193477,-0.192419,0.914113,-0.128982,-0.331146
-0.131487,0.443526,-0.635627,0.589418,-0.180529
-0.784442,0.13318,-0.531854,-0.0521808,-0.287515
0.83403,-0.142441,0.465468,0.0857965,0.242288
-0.799031,0.44401,-0.10194,-0.100385,-0.379266
-0.188593,0.405375,-0.0835275,-0.888196,-0.0785043
-0.347975,0.598914,0.154539,-0.298113,-0.639159
0.221111,-0.34897,0.348113,0.836773,-0.0833676
0.225929,-0.59631,0.337772,-0.534325,0.437656
-0.741955,-0.484079,-0.120343,0.313981,0.322586
-0.293313,-0.250178,-0.451428,0.733028,0.331453
-0.444319,0.0129374,0.738672,-0.349198,-0.372033
-0.0161752,0.284666,-0.904723,0.30742,0.0633813
-0.825932,0.483417,-0.0846636,-0.0770194,0.263984
-0.0187485,0.309054,-0.612653,0.075707,0.722533
-0.104879,0.121481,-0.0826442,-0.947242,-0.26161
-0.278417,0.174043,-0.194703,-0.0783335,-0.921018
0.552359,0.613497,-0.363412,-0.174937,-0.393148
-0.0876689,0.0299501,-0.299348,-0.832416,0.455281
-0.156096,0.413871,-0.672695,0.398031,0.437969
0.407182,0.741339,0.350174,-0.0740456,-0.393437
0.747335,0.341281,-0.303975,0.323077,0.360318
0.157826,0.428886,0.549325,-0.521561,0.46392
-0.351348,0.288464,0.221621,-0.786813,0.357835
-0.50195,-0.192705,-0.765579,0.351083,-0.000722065
0.639297,0.119447,0.243811,0.560837,-0.450475
0.871491,0.370639,-0.277963,-0.00601804,0.15838
0.307494,0.623971,0.0184397,0.27108,-0.668663
-0.248756,0.0556577,0.692326,0.656753,0.151319
0.691844,0.230844,0.651784,-0.00415922,-0.205625
0.687696,0.536146,-0.344428,0.220187,-0.273505
-0.184439,0.015716,0.0972577,0.709423,0.672995
-0.432204,-0.733496,-0.197655,-0.412933,-0.259226
0.123395,0.237779,-0.451374,0.283659,-0.801605
0.270319,-0.839642,0.350087,0.275454,0.151842
0.0528232,-0.150285,-0.173194,-0.596342,-0.768218
0.71162,0.0594284,0.622183,-0.158179,-0.278347
0.00350142,-0.682502,-0.514099,-0.495092,-0.155888
-0.545036,-0.633283,0.483285,0.0799038,-0.256228
0.596333,0.0366344,-0.472144,-0.546505,0.350603
-0.205226,0.0190017,-0.407217,0.702868,-0.543406
-0.388377,-0.113561,-0.626918,-0.331382,-0.577432
-0.0155459,-0.00844117,-0.761296,-0.0674754,-0.643474
0.360559,0.826293,-0.0892156,-0.301525,-0.29982
0.628023,-0.155346,-0.456643,-0.545347,0.276047
-0.507467,0.226584,0.13193,0.15122,0.808022
-0.158127,0.0682088,-0.340951,-0.364937,0.847447
-0.58323,-0.177664,-0.549279,0.571325,-0.0272007
-0.777226,0.327,-0.496504,-0.047984,0.192967
0.400241,-0.897403,-0.146811,0.0832133,0.0776969
-0.390009,0.33556,0.0372374,-0.581532,-0.629241
-0.260226,0.0513981,0.322148,-0.906217,0.0600634
0.560045,0.247292,0.217555,0.570589,-0.500659
0.236951,0.57025,-0.35888,0.559608,-0.420659
0.0161689,-0.444292,-0.801025,-0.0393189,-0.401667
-0.656614,-0.557142,0.17292,-0.164238,0.450662
-0.551758,0.22448,0.618741,0.480244,0.184646
-0.740792,-0.418584,-0.454071,-0.109517,0.241538
-0.428727,-0.6748,-0.278836,-0.529129,0.075973
0.654495,-0.139555,0.646093,0.0148107,0.360411
-0.312166,0.623182,-0.508886,-0.423332,0.276982
0.381591,0.503263,-0.621126,0.175407,-0.42873
-0.153375,0.660313,-0.328552,0.265909,-0.60083
-0.578094,0.132525,-0.0886951,0.00972849,0.799848
0.740984,-0.0618778,-0.377947,0.478103,-0.276007
0.710888,-0.0960857,-0.578088,-0.240716,-0.303608
0.677481,0.018804,0.454057,0.35271,0.455254
0.0830498,-0.188119,0.897941,0.0441815,0.389442
-0.883773,-0.149064,0.0615385,-0.281558,0.332087
0.184296,-0.0615524,0.487952,-0.450854,0.722036
0.183313,-0.878683,0.0317024,0.399727,-0.177535
-0.269985,0.0531448,-0.225794,-0.331176,0.874105
0.115569,-0.437332,0.190156,-0.18373,0.851529
0.358447,-0.0581534,0.717615,-0.410549,-0.432519
0.232379,0.279265,0.751391,0.485235,0.267742
0.376477,0.800287,-0.172349,-0.287367,-0.325951
0.833972,0.200989,0.0636237,0.305363,0.40759
0.114746,0.202429,0.821651,-0.314515,-0.413032
-0.276635,0.350259,-0.621036,-0.0822095,0.640494
-0.258905,-0.373972,0.84798,-0.113624,0.248935
0.0580257,-0.193905,0.261058,0.532726,0.778049
0.550133,-0.238493,-0.19611,-0.356648,0.690533
0.277705,0.622059,0.138881,0.0375483,0.719
-0.571849,-0.277329,-0.198947,0.314487,-0.678977
-0.111988,0.822543,-0.369353,-0.118184,0.397054
0.259993,0.281303,0.597256,0.24394,0.661946
-0.799001,-0.0861396,-0.088011,0.356214,0.466623
-0.277592,0.215456,-0.4709,0.308071,0.747808
0.738693,0.445084,-0.0196544,0.161614,-0.482772
0.172147,0.437352,0.0170742,0.797588,0.378325
-0.620343,-0.265258,-0.700732,0.231447,-0.0414418
0.0901051,-0.587231,-0.754829,0.272034,0.0672287
0.143436,-0.429959,-0.588693,0.643319,0.18823
0.199687,-0.327832,0.0590236,0.718597,-0.575405
-0.276537,0.598394,0.411009,0.182859,0.602273
0.357463,0.0700208,-0.849956,-0.103332,-0.365792
0.218644,0.442838,0.00515344,-0.735854,-0.463023
0.329818,0.873445,0.209958,-0.279049,0.0871367
-0.809479,0.377613,0.444245,0.012616,0.051346
-0.463963,0.571971,-0.660109,0.0130723,-0.148702
0.040758,-0.674196,0.189097,-0.225063,0.676223
-0.659668,-0.247466,0.0352116,-0.699862,-0.108126
-0.462818,0.680692,-0.4728,0.184223,-0.257194
0.024726,-0.0949181,0.206784,-0.328096,-0.917756
0.152929,-0.31812,0.138754,0.870068,0.316781
0.20825,0.208893,0.151646,0.794426,-0.508137
0.334372,-0.162496,0.20389,-0.875608,-0.235894
-0.530593,-0.259404,0.131815,-0.0164219,-0.79567
0.36777,0.768162,0.0122176,0.458389,0.264352
0.128968,-0.42907,-0.307967,-0.799041,0.250957
0.435844,0.0898999,0.786777,0.23222,-0.360855
0.562448,0.642692,-0.342459,0.284422,-0.271043
-0.495424,0.162218,0.0035004,-0.0500175,0.849928
0.239419,-0.564325,0.503365,-0.550841,0.260624
-0.605149,-0.460395,-0.291661,0.568149,0.116665
-0.529378,0.397849,-0.349221,0.613724,0.250865
-0.361243,-0.16319,0.652054,0.503297,-0.403649
-0.251187,0.173967,-0.418579,-0.0617409,-0.854333
0.440249,0.412423,-0.150246,-0.398549,-0.674391
-0.426297,-0.633474,-0.213615,-0.563893,0.232984
-0.577978,0.309612,0.172864,0.689924,-0.25146
-0.477274,0.313197,0.400484,-0.251335,0.670976
0.765245,0.255521,-0.288344,-0.280737,-0.432863
-0.292636,0.0578351,-0.271724,0.908504,0.109673
0.0703782,-0.632202,0.0682726,-0.305043,-0.706086
-0.18467,-0.603235,-0.108572,-0.581762,-0.502551
-0.0459174,0.10137,-0.629077,0.724513,0.259139
0.469644,0.518372,0.0966493,0.708312,-0.0139678
-0.286565,-0.456641,0.036097,-0.827125,0.160206
0.452032,-0.486865,0.284145,0.521337,0.452338
0.596679,0.0653667,0.161374,-0.526885,-0.577059
0.524652,0.17355,-0.0749748,0.179448,-0.81147
-0.599286,0.599709,0.041165,-0.440538,0.295331
0.714884,-0.0725334,-0.570349,-0.332957,-0.218753
-0.282853,0.0367647,0.803205,0.499066,0.16165
-0.938782,-0.0836557,-0.0814019,0.035919,0.324737
-0.80997,0.247229,0.115252,0.448166,-0.260164
-0.605051,0.304949,0.711517,-0.189869,-0.0454789
0.023749,0.41863,-0.804756,0.217584,-0.361612
0.582284,0.292835,0.451525,-0.1385,0.596798
-0.482911,-0.400945,-0.472833,0.473206,-0.400397
-0.157121,0.22704,-0.230432,0.77792,0.515131
0.355758,-0.764056,-0.0973292,-0.0184998,0.528384
-0.0736396,-0.211116,0.655224,0.326673,0.642315
-0.455613,0.614876,0.207726,0.596078,-0.142659
0.312906,0.614295,0.0225812,-0.419886,-0.591254
-0.812736,0.207242,-0.151997,0.434818,-0.296648
-0.293986,0.310234,-0.822398,-0.272072,-0.260143
-0.0232736,-0.702851,0.602631,-0.0743116,0.374021
0.176394,-0.121698,0.0724061,0.95888,-0.151865
-0.20902,0.970544,0.104654,-0.0811355,0.00435371
-0.319097,0.664717,0.0176016,-0.610662,-0.283683
0.62566,-0.0204805,0.450934,0.375279,0.515193
0.37438,0.770187,-0.258565,0.324683,-0.306481
-0.755081,0.443709,0.0814326,-0.239155,-0.414096
0.398234,0.130589,0.365498,0.451845,0.698237
0.0678616,0.362545,-0.143606,-0.69136,0.603049
0.0489302,-0.284428,0.688511,0.42239,-0.5146
0.233064,-0.467002,0.740496,-0.305632,0.288435
-0.180118,0.0423109,0.10993,0.337217,-0.916671
-0.513326,-0.608711,0.529949,0.242589,-0.159003
0.280838,0.58257,-0.0963363,0.59668,0.466645
0.592056,0.456935,-0.1107,0.630237,-0.174861
0.3099,0.573268,0.270715,0.695222,-0.13042
-0.662329,-0.0378036,0.64143,0.140668,-0.356907
0.49877,0.661251,-0.279603,-0.446176,-0.191165
-0.796357,-0.116853,-0.00126814,0.528291,-0.270993
-0.425918,0.0487912,0.721073,-0.534966,0.103722
-0.753072,-0.187704,0.183902,0.562521,-0.219821
-0.634796,0.760756,-0.0548743,-0.0985059,0.072479
-0.208801,0.235587,0.297745,-0.168991,-0.884466
0.342371,0.730587,-0.0347334,-0.532816,-0.251815
0.475814,-0.512796,0.26536,0.226349,-0.623287
0.127907,-0.428626,0.540186,0.681608,0.219999
0.22563,-0.14681,-0.427382,-0.861541,0.05089
0.581835,0.702473,0.122178,-0.372195,0.114345
0.403944,-0.5496,0.558617,-0.462618,-0.103072
0.0906748,-0.277676,0.20317,0.0934882,-0.931823
-0.566712,0.790911,-0.190766,0.119217,0.0769839
0.68802,-0.369094,-0.521489,-0.306641,-0.160152
0.0985172,0.775567,0.369438,-0.471587,0.172161
-0.377841,0.201174,0.0604453,0.794097,0.429745
0.341283,0.0784394,-0.214555,-0.889143,-0.205458
-0.95434,0.0897858,0.128024,-0.245609,-0.0742558
0.194268,0.388278,-0.455355,0.720911,0.288023
0.842677,-0.151712,-0.103672,0.0907888,0.499064
0.336487,0.610121,-0.186964,0.623163,-0.305582
-0.0749647,-0.507271,0.535897,0.49089,-0.45528
0.693693,0.0419141,0.658737,-0.150636,0.24825
0.485702,-0.317878,0.804215,0.103105,0.0630783
0.527278,0.492041,0.0840796,-0.178167,0.662498
0.684845,0.221229,-0.359819,-0.386904,-0.448766
0.292628,0.242254,0.179624,0.0206889,0.904028
-0.420867,-0.326736,0.235867,0.0286288,-0.812088
-0.625014,-0.0521377,-0.662111,-0.368966,0.171269
-0.375792,0.0597808,-0.771672,-0.507846,-0.0227446
0.0368846,-0.181439,-0.386267,-0.893615,0.129135
0.767481,0.111983,0.0163497,0.0648144,-0.629294
-0.429163,-0.24428,-0.0537938,-0.49982,0.710543
0.350223,0.438758,-0.553304,-0.318709,-0.527226
-0.852735,-0.206435,0.382913,-0.185887,0.228691
-0.0823957,0.577122,-0.142043,0.0592094,0.800762
0.103792,0.435516,0.837329,0.0595649,0.304353
0.0938632,0.662111,-0.588688,-0.0223102,0.452971
0.306665,-0.196589,0.356104,-0.843321,0.173099
0.193272,0.0582244,0.613335,-0.329377,0.687931
0.133536,0.0497748,0.474081,0.268609,0.824733
-0.482805,-0.719922,-0.127743,0.291402,-0.382289
-0.685976,-0.303646,0.596574,0.288495,-0.0113035
0.00408837,0.614512,-0.687929,0.132325,-0.363601
0.001885,-0.247618,0.110417,0.898155,-0.344886
0.278729,0.886726,-0.147102,0.195913,0.273765
0.614505,0.666614,-0.326157,-0.135307,-0.235477
-0.103456,0.637931,0.52075,-0.555732,-0.0473593
0.354687,-0.324398,0.869394,-0.0771645,-0.0843385
0.226591,-0.191013,-0.363869,0.113602,0.876434
0.136984,-0.0311886,0.667417,0.710926,0.174293
0.262465,-0.201382,0.242668,0.912582,0.0123324
-0.756686,0.354114,-0.274005,0.0916854,-0.464995
0.599839,0.0887266,0.378004,0.142507,-0.684539
-0.70055,0.0477534,0.267959,0.657617,0.0548277
0.089051,-0.401531,0.0424699,-0.190787,0.888583
-0.223385,-0.344544,-0.804972,0.418284,0.0881029
0.0859741,0.857738,-0.436871,-0.0933898,0.24214
-0.445975,-0.256158,0.504804,-0.275477,0.634824
0.444632,0.119009,0.0208243,0.623809,0.631922
-0.475794,0.10886,0.417496,-0.683667,-0.348568
0.461127,0.172575,-0.274115,-0.533422,0.629986
0.765431,-0.446409,0.106977,0.279663,0.356742
0.470756,-0.561674,-0.160119,-0.312243,-0.584429
0.101405,0.617589,0.0654236,-0.515354,0.578182
-0.136669,0.0654262,-0.649791,0.225904,-0.708455
0.3398,0.6461,-0.671236,0.0193703,-0.13697
0.269566,-0.117699,0.406298,-0.311265,-0.80616
-0.761996,-0.0948908,-0.410629,0.397799,-0.283257
0.395043,0.355452,0.68353,0.286145,-0.411318
0.303679,0.584006,-0.68918,-0.296693,0.0661453
0.060072,0.456447,-0.804658,0.282022,0.249212
-0.0780235,-0.590103,0.408739,0.255852,0.641324
0.259393,0.911064,0.0205385,-0.314298,-0.0674465
0.277962,0.554343,0.0238962,-0.756838,-0.204361
0.365067,0.756781,-0.137248,-0.312828,-0.423125
0.713616,0.62571,-0.229644,0.216788,-0.0115114
-0.406956,0.104155,0.441725,0.661672,-0.435124
-0.0798822,-0.0748317,-0.118386,0.342297,0.92584
-0.188211,0.88814,-0.148317,0.175345,0.348728
0.840185,-0.390604,-0.0726712,0.267716,0.250077
0.544695,0.324768,0.710117,0.155767,-0.260076
0.355219,0.1303,0.132924,-0.915486,0.0310679
-0.476614,-0.48631,-0.566179,0.307384,0.349552
-0.143505,-0.512668,-0.806954,-0.255941,0.0185674
0.68205,-0.296129,-0.338458,0.506589,0.275084
0.135788,0.762448,0.130757,-0.557156,0.270905
-0.0880789,-0.456683,-0.787886,-0.389632,-0.110937
0.205371,0.936741,-0.267319,-0.0923753,0.0306904
0.00528638,-0.385823,0.403796,-0.811987,-0.172292
-0.435158,0.158613,0.171301,-0.548837,0.671677
-0.423508,-0.570827,0.233744,0.382435,0.544573
0.202898,-0.226982,-0.831898,-0.443688,-0.144293
-0.44772,-0.0525849,-0.278923,0.237673,-0.817966
-0.148336,-0.698304,0.572839,-0.222214,-0.334227
0.468546,0.483794,-0.616893,0.368694,-0.175548
-0.118558,0.458631,-0.440792,0.474567,-0.598365
0.466823,0.0116975,0.150343,0.79934,0.341131
-0.0699162,-0.454198,0.179984,0.851042,-0.169642
0.00317492,-0.187542,0.619457,0.429044,-0.628642
-0.757621,-0.59312,0.066775,0.150174,-0.218048
-0.165993,-0.0897269,-0.726587,-0.638153,-0.178784
0.700075,0.478033,-0.0256845,0.315591,0.427247
-0.151323,0.0706312,0.643291,0.23928,0.708281
0.773723,-0.23885,0.152935,0.372462,-0.427789
-0.541881,-0.0561174,0.599806,0.197571,-0.554549
-0.216648,-0.601626,0.0131267,-0.10533,-0.759495
0.627483,0.486728,0.0798295,-0.333329,0.502081
0.182544,0.301828,-0.301722,-0.689219,-0.553705
-0.631556,-0.664991,-0.18599,-0.0363458,0.349178
-0.907957,-0.193164,-0.235895,0.112726,0.267882
0.366036,0.12164,-0.17638,-0.888737,-0.174191
-0.0230212,0.766284,-0.298669,0.246346,0.511289
0.268664,-0.898266,0.295995,0.147745,0.0992639
0.305786,0.152049,0.0140182,-0.520571,-0.783361
-0.0109733,0.788659,-0.556646,0.00935406,0.256099
-0.72569,-0.32289,-0.44973,-0.407646,-0.0434219
0.375717,-0.0764022,0.866832,0.305304,0.0905392
-0.00977609,-0.119541,-0.358768,0.643713,-0.665066
-0.574983,0.720674,-0.183956,0.241972,-0.242816
-0.375445,-0.153188,-0.79159,0.268567,-0.369218
-0.516645,-0.713789,0.278349,-0.376444,-0.0423092
0.365754,-0.4833,-0.0185664,0.509245,-0.609589
-0.162869,-0.00543833,0.581048,0.569638,0.557838
0.797535,0.0552431,0.475209,-0.209893,-0.299171
-0.210493,0.717142,-0.0385073,0.434641,-0.503329
-0.361731,0.23819,0.194104,-0.690674,-0.544689
0.224022,0.282525,-0.0253054,-0.499187,-0.787598
-0.0618283,-0.350393,-0.542293,0.482588,0.591207
-0.24537,-0.073629,-0.0946261,0.947473,0.178598
-0.298036,0.0565934,-0.360623,-0.238418,-0.846668
-0.229125,0.463123,0.519511,0.102347,-0.672904
-0.2552,0.140198,0.208536,-0.834828,0.419118
0.176338,-0.583997,-0.201867,0.764973,-0.0226648
-0.597355,-0.19751,-0.725132,0.173952,0.221016
0.39844,0.0209058,0.584625,-0.0572019,0.701388
-0.426435,0.525674,0.197672,-0.303319,-0.640265
-0.500868,0.086011,0.719747,-0.15125,-0.445937
0.138458,-0.526913,-0.22428,0.782645,0.20267
-0.611252,0.365409,0.238639,0.305848,0.583813
-0.21039,0.0663749,0.167937,-0.912333,-0.302084
-0.222623,-0.476377,-0.53068,0.366832,0.555546
-0.826379,-0.261198,-0.177009,0.460166,0.0881836
0.329225,-0.923034,-0.00487806,-0.172431,-0.0816209
0.0955105,-0.292821,0.379186,-0.269363,0.830062
0.0631631,-0.35142,0.568809,0.726993,-0.138807
0.0614581,-0.576127,0.642138,-0.228065,-0.447021
0.383881,0.425411,0.257459,-0.778114,0.0155885
0.389326,0.130404,-0.906339,0.0558526,-0.0929509
-0.255675,0.525602,0.308684,-0.551239,0.50998
-0.00888847,-0.013435,0.113453,-0.913226,-0.389285
0.0911031,-0.637396,-0.379143,-0.659735,-0.0771978
-0.175609,0.719662,-0.460126,0.486232,0.0778516
-0.303071,0.0491932,-0.177795,-0.823583,0.442153
-0.593539,-0.117323,0.714977,0.290414,0.201675
0.128236,0.505178,-0.739953,0.10319,-0.411319
-0.118921,0.0100761,0.552181,-0.539094,0.625362
0.0194201,-0.289411,0.83486,0.346646,0.311586
0.753599,-0.312521,-0.419594,-0.389181,-0.075901
0.974425,0.197536,-0.025449,-0.0875098,0.0206124
-0.141611,-0.031782,0.633876,0.745821,-0.140693
-0.646266,0.0496867,-0.612502,-0.0109711,0.454937
0.559607,0.160233,-0.187113,-0.476471,-0.631798
0.725914,0.00691915,0.277581,-0.265395,-0.571752
0.466447,-0.6275,0.3001,0.145319,-0.5245
0.879341,0.112969,0.113467,0.212853,0.393752
-0.509209,0.101632,0.0669116,-0.737118,-0.42731
-0.493065,0.410483,0.0937952,-0.0941868,0.756069
-0.15834,0.411423,-0.779978,-0.273059,0.354746
0.37328,0.651685,-0.532621,-0.38798,0.0141015
0.0401232,0.0915861,-0.173574,0.433082,0.879806
-0.0611232,-0.364499,0.134405,0.837432,-0.381593
0.279492,0.0266245,-0.937478,-0.0487936,-0.209821
-0.15801,-0.849965,-0.393472,0.199541,-0.244801
0.576274,0.0417111,0.00974304,-0.807211,-0.135747
0.321005,0.679314,-0.306072,-0.517776,0.274842
0.273898,0.337635,-0.746061,-0.204125,-0.459464
-0.382993,-0.28008,-0.652362,-0.361949,0.466586
0.264183,0.662247,0.365326,0.593639,0.0854652
-0.266868,-0.28403,0.899293,0.0759298,0.190405
0.074245,0.0878599,0.161555,-0.382981,-0.903132
0.063163,-0.283809,0.495671,0.109941,0.808955
-0.60938,-0.151937,0.488276,-0.605341,-0.00038433
-0.456474,-0.105745,-0.843076,0.106192,-0.248457
-0.2845,0.719865,0.47288,0.0626051,-0.417243
-0.450864,0.37231,0.297847,0.36025,-0.662875
-0.621958,0.165423,-0.586269,0.390908,0.301374
-0.191611,0.421642,0.550544,0.546921,-0.42851
0.0639972,0.368525,-0.456558,-0.560529,-0.578832
0.0947335,0.662349,-0.297551,-0.116567,-0.671023
0.342774,0.361408,-0.535718,-0.457053,0.50496
-0.248336,0.10503,-0.560627,-0.750511,0.225019
0.238935,0.446808,-0.522518,0.611228,0.313897
-0.318652,0.784251,-0.396037,-0.321024,-0.141573
0.73049,0.0939036,0.448096,-0.124224,0.492203
-0.367639,-0.03298,0.421837,-0.544934,-0.624881
0.653684,-0.0980077,0.587027,-0.336469,-0.320457
-0.0119782,-0.707822,0.538458,-0.33991,-0.304823
-0.360288,-0.174374,-0.289135,0.0437682,-0.869324
-0.704749,0.142275,0.664228,0.160047,-0.134992
0.548964,0.104707,0.057526,-0.455427,0.692855
-0.909157,0.184961,-0.31002,-0.131471,-0.160766
-0.584956,-0.498036,-0.634569,0.0431167,-0.0686313
-0.78418,-0.291765,0.0292076,0.482504,0.260699
0.721972,0.387278,0.0870388,-0.416662,0.390698
0.326972,-0.380898,-0.842118,0.189017,0.0389647
-0.176373,0.20983,-0.0852108,-0.951781,0.104584
-0.200494,0.30513,0.455603,-0.812349,-0.00302166
0.394594,-0.811612,0.287633,-0.321149,-0.00729876
-0.19064,0.0149445,0.379872,0.286152,0.860123
0.67609,0.603211,-0.218505,0.176987,-0.319938
-0.0836904,0.69132,0.222242,-0.180807,0.658763
0.239399,-0.37025,0.240358,-0.407414,0.760896
-0.493667,0.557659,-0.336582,0.344455,0.461598
-0.145931,-0.455397,0.469578,0.412555,0.614342
-0.496039,0.0594657,-0.541707,-0.280813,0.616433
-0.487374,0.350379,0.469113,-0.481444,-0.43283
0.247271,-0.287545,0.0450106,-0.211344,-0.899698
0.14855,-0.479126,0.767636,0.351707,-0.193273
-0.777924,0.0233226,-0.438766,-0.18613,-0.406382
0.149581,0.637875,-0.303687,-0.357938,0.591692
0.605312,0.00671633,0.449609,-0.128888,0.64532
-0.414899,0.852798,0.0387237,0.311768,0.00432436
-0.594189,0.311804,0.115962,0.688984,0.251287
-0.55457,-0.400876,0.320938,0.580414,0.302662
-0.386987,-0.608868,-0.343514,-0.48535,0.356587
0.71667,-0.442168,-0.412636,0.162029,0.304835
-0.231456,-0.320314,-0.347827,-0.0847865,0.846174
0.08635,-0.48726,0.386642,0.155912,0.762294
0.970543,0.00570354,-0.104215,0.0257349,0.21526
0.763747,-0.50776,0.298667,0.253494,0.070548
0.0449252,0.506332,-0.826974,0.237737,-0.0257685
-0.445649,-0.793743,-0.133693,-0.370328,0.134792
-0.0933509,-0.523842,0.0360113,0.117006,-0.837437
-0.282971,0.0755286,0.954075,-0.043923,0.0428521
0.46372,-0.0151504,-0.0570019,0.590416,0.657182
-0.750393,0.0284915,-0.542651,0.229552,-0.29883
-0.194197,0.784559,-0.414656,-0.35667,0.218481
0.544702,0.398431,-0.47579,-0.522604,-0.220685
-0.28844,0.0823045,0.932179,0.0825632,0.183763
-0.276729,-0.344946,-0.0700192,-0.796642,0.408488
0.37911,0.678697,-0.165049,-0.537861,0.28489
-0.243723,0.292271,-0.00545547,-0.0503938,-0.923683
0.188685,0.618611,-0.522078,0.497511,0.249198
0.434951,-0.203387,-0.304925,-0.210422,0.795976
0.351953,-0.440693,-0.505863,-0.0473054,-0.651959
-0.21111,-0.529288,-0.159171,-0.307825,-0.745941
-0.335793,0.224022,0.45786,0.415731,0.673765
-0.484313,-0.14041,0.145759,0.779895,0.341548
-0.0784667,-0.672247,-0.31522,-0.271638,0.607093
-0.1729,0.369014,-0.878357,0.107547,0.234363
0.222995,0.288728,-0.301917,0.880604,-0.00548098
0.476174,-0.381181,-0.550878,0.250863,0.510357
0.538243,0.178036,-0.721651,-0.293038,0.262367
-0.419027,-0.0432382,-0.40044,0.464052,-0.668136
-0.0488554,0.495774,0.745227,-0.0519852,0.442895
0.134561,0.193448,0.254383,-0.937195,-0.0030622
0.854829,0.336452,0.331741,-0.0105219,0.206785
-0.923524,0.321958,0.131644,-0.121072,-0.111323
0.756768,0.314915,0.114392,-0.215084,0.518554
-0.485428,0.0667784,0.507363,0.249867,-0.660497
0.222417,0.85482,0.20745,0.110953,0.402747
0.112027,-0.174124,-0.690581,-0.492465,-0.484497
-0.112372,-0.519669,-0.767698,0.183174,-0.312147
-0.272284,-0.185021,0.16321,-0.505391,-0.779737
-0.654846,-0.0592896,-0.299017,-0.113853,-0.679777
-0.0490762,0.123088,-0.326631,0.871595,-0.340341
-0.435018,0.115992,-0.413592,-0.250631,-0.751762
0.801489,0.237064,0.245295,0.486152,-0.0728946
0.173402,-0.0418365,-0.815328,0.548219,0.0532695
0.227089,-0.243526,-0.508302,0.621391,-0.495889
-0.255846,-0.253627,-0.0131528,-0.928375,0.0858779
0.138065,-0.220087,-0.495808,-0.390321,-0.729815
-0.290926,-0.820057,0.479703,-0.095191,-0.0583308
0.682165,-0.627499,0.325422,0.193615,0.00971242
0.142148,-0.416741,-0.435165,-0.155163,-0.768132
-0.539424,-0.721933,0.251164,0.323065,0.158942
-0.490017,-0.322216,-0.568152,-0.0898196,-0.5698
-0.0728043,0.337392,0.710526,-0.608154,-0.0748932
-0.506969,-0.375177,0.679791,-0.0408679,0.369653
0.240033,0.404393,0.775895,-0.389073,-0.157197
-0.74555,0.457673,0.422662,-0.238628,-0.00692709
0.183611,-0.812476,-0.297376,0.405638,0.235155
-0.0169793,0.680001,-0.420345,0.0380211,0.59909
-0.38158,0.312968,0.465551,0.511087,0.529002
-0.471312,-0.623414,0.311327,0.540596,0.0274531
0.188979,-0.545096,0.00716395,0.753211,0.313149
-0.919488,-0.106651,-0.252602,0.0219211,0.275897
0.0711833,0.332453,0.544565,0.493818,0.584771
-0.608429,0.141256,0.725117,0.154829,-0.240173
0.394219,0.0966807,-0.903712,-0.0357575,0.144958
0.308313,0.237453,-0.258543,-0.883544,0.0255368
-0.638992,0.710349,-0.127138,0.103377,-0.241014
-0.492358,-0.277672,0.726622,0.338456,0.189395
-0.608843,0.322422,-0.0493675,-0.622568,-0.368748
-0.409927,-0.124475,0.664745,-0.436163,-0.430846
-0.187633,0.223257,-0.660858,0.120943,-0.681011
-0.769453,0.253266,-0.394485,0.394176,0.178453
0.084775,0.842521,0.0166813,-0.142962,0.512224
0.894676,0.0405425,0.200919,0.392226,-0.045009
0.0370184,0.225264,-0.0965216,0.539786,-0.808035
-0.0537914,0.646033,-0.63816,0.415696,-0.00641823
0.205971,0.542571,-0.469663,-0.639629,-0.185868
-0.203135,-0.6983,0.262838,-0.208482,-0.595678
0.388823,0.861636,0.142083,0.00791954,-0.288834
0.671068,-0.0468545,-0.703522,0.213953,0.0484963
-0.425659,-0.385103,0.395178,-0.274318,-0.661754
-0.737997,-0.279783,-0.242873,-0.432889,-0.360612
-0.110622,-0.101102,0.249315,-0.496598,-0.818795
0.335348,-0.645095,0.648073,-0.135978,0.181342
0.350355,-0.8783,0.294825,0.0281165,0.136033
0.175322,-0.272585,-0.253492,-0.693618,0.591994
0.049948,-0.372616,0.556425,0.0524944,0.739116
0.650887,-0.494674,0.103804,-0.540323,0.163442
0.619377,0.730739,0.0456215,0.208123,0.186155
0.510972,0.0961778,-0.352578,-0.298724,-0.717535
-0.882289,0.0520797,-0.397724,0.246157,-0.00454991
-0.395939,-0.28448,0.119656,-0.470114,-0.725996
-0.168819,0.00571383,-0.980861,-0.0777148,0.0937147
0.122773,-0.605369,0.000839685,0.780498,-0.10056
-0.726238,0.119745,0.174298,0.596296,-0.272196
0.597608,0.407263,0.102147,0.37661,-0.570362
0.0283914,-0.0032041,-0.34771,0.388172,-0.853471
-0.259271,-0.672817,0.201984,0.484926,-0.453388
0.811387,-0.0491313,-0.528411,0.108428,-0.213861
-0.637977,0.168968,-0.623483,0.264277,0.327319
-0.61471,0.601249,0.0621514,0.0782807,0.499524
0.149823,-0.273374,-0.548063,0.0962553,-0.770005
0.710199,-0.0415355,0.130378,-0.513492,0.462863
0.147185,0.243733,0.182822,-0.407047,-0.847915
0.482922,-0.348515,0.0555053,0.78797,-0.140874
0.624128,0.120736,0.19579,-0.0382897,0.744211
0.723504,0.0589423,-0.373874,0.0391369,0.574288
-0.38602,0.461179,0.420478,0.657119,-0.180403
0.219138,0.431581,-0.233946,0.0562857,-0.841242
0.826998,0.0880149,0.371295,-0.391809,-0.126342
0.368416,0.516289,0.612482,0.423813,0.20033
-0.383725,0.0439238,-0.915701,-0.110135,0.0225568
-0.241443,-0.302027,-0.875849,0.189711,0.216193
-0.517991,0.164652,0.014075,0.82288,-0.165316
0.218976,0.313065,-0.372981,0.112351,-0.838245
-0.0768948,-0.260431,-0.815787,-0.373878,0.346041
-0.0736744,-0.828432,-0.108299,-0.5325,-0.124874
0.57404,-0.0864711,-0.733537,0.1926,0.292563
0.876252,0.0931222,-0.332909,-0.270865,-0.194121
-0.268724,0.23299,0.0574174,-0.534321,0.765685
-0.19808,-0.172433,0.0556467,0.91719,-0.29107
-0.710148,0.357491,0.518553,0.0676702,0.305147
0.330421,0.192784,0.389579,0.000387935,-0.83956
0.468626,0.448664,-0.084976,0.756516,0.0341488
0.686019,-0.430888,0.489594,-0.20249,0.245117
0.665813,0.541196,0.195536,-0.135189,-0.454085
0.441105,-0.0737883,0.612605,-0.652429,-0.0188772
-0.445661,-0.522428,-0.196172,-0.510861,0.477817
-0.426081,0.623651,-0.490146,0.425658,0.0973435
-0.731319,-0.601401,-0.0966354,-0.10918,-0.293344
-0.627758,0.367354,0.0804836,0.569174,0.376397
0.786769,0.0602161,-0.346437,0.245188,-0.447491
-0.396996,-0.147161,-0.14194,-0.043503,-0.894477
-0.836641,-0.0729609,-0.0272281,-0.42708,0.330047
0.107928,-0.618815,-0.447354,-0.629208,0.0999559
0.367698,-0.736297,0.509695,0.0222866,0.248042
-0.425302,-0.695965,0.497066,-0.0209728,-0.296673
0.0312146,-0.288103,-0.409079,0.210056,-0.840653
-0.128349,-0.0758137,-0.448086,0.556101,0.685618
-0.683452,-0.0691656,0.0129669,0.703271,-0.177173
-0.263969,-0.177869,0.146384,0.805144,0.476022
0.630719,0.0295834,-0.543858,0.543261,0.110801
-0.218505,-0.0058936,0.478274,-0.609401,0.59147
0.549924,0.119676,-0.470175,-0.669449,0.117239
-0.74867,0.133944,0.63363,0.117895,-0.0749317
-0.173113,-0.451453,0.265876,-0.596384,0.583739
-0.556047,-0.278394,0.488134,0.537328,0.300204
-0.269642,0.319061,-0.549306,0.638552,0.338805
0.18564,0.906078,-0.176069,-0.0354699,-0.340766
-0.148191,0.363865,-0.510278,0.229898,-0.730059
-0.257082,-0.0140148,-0.541381,0.555646,0.574594
0.164669,0.0374623,-0.645012,-0.595731,-0.446225
0.119344,-0.129669,0.722004,0.650813,0.151928
-0.232857,0.39158,0.49465,0.123725,0.729345
0.246507,-0.395074,0.751138,-0.458323,-0.0890881
-0.305411,0.787633,0.518866,-0.0762566,-0.0876794
-0.786768,-0.108236,0.254043,-0.153369,0.528362
-0.776354,0.325002,0.40787,-0.0387046,0.354713
-0.207976,0.332878,0.754951,-0.410889,0.333658
-0.460018,-0.18034,0.218936,0.644058,-0.543318
-0.288224,-0.0135592,-0.0646206,-0.950381,0.0912354
-0.415742,0.701382,-0.24297,-0.0776321,0.520427
-0.239662,0.669156,-0.268073,0.639673,0.122008
0.0947249,-0.0693727,0.534664,0.813093,0.19276
0.174853,0.798294,-0.156858,-0.0375604,0.553116
-0.281317,-0.87179,0.161128,0.19187,-0.309112
-0.802026,0.508472,-0.0818147,0.222832,0.203234
0.0867736,0.372701,-0.680747,0.601681,-0.167424
0.50756,-0.395625,0.199498,-0.310424,0.671578
-0.194562,0.0897128,-0.302737,-0.564608,-0.735241
-0.309307,0.48242,-0.747476,0.332904,0.043943
0.036698,0.309342,0.685713,0.585015,0.304414
-0.394473,-0.230218,-0.163494,0.607082,-0.63034
0.351278,0.296812,-0.454588,0.716863,0.262989
0.583399,-0.523609,-0.498841,0.370811,-0.0256348
-0.693878,-0.0182738,0.676367,0.185171,0.161838
-0.371798,0.123596,0.407708,0.704943,-0.424731
-0.689436,0.274975,0.501068,0.138372,-0.422631
-0.277905,0.439137,-0.659883,0.400962,-0.36841
0.297932,-0.156164,0.47062,-0.801362,0.148925
0.3941,0.35956,0.689198,-0.19804,-0.444903
-0.262318,-0.673165,0.0767915,0.474193,-0.500819
-0.494795,0.254615,-0.454852,-0.0573862,0.696927
-0.24359,-0.813,-0.0653659,0.521304,0.0595207
-0.391184,-0.172088,0.697307,-0.565695,-0.0997696
0.0338715,0.395565,0.490069,-0.754909,-0.177614
0.379222,-0.434831,0.484515,-0.650955,0.0775898
0.375762,0.402014,-0.524846,0.517245,-0.391807
0.691756,0.494035,-0.323673,-0.113278,-0.401615
0.784066,-0.277014,-0.0542971,0.120079,0.541137
-0.500212,-0.304417,-0.0444882,0.298938,-0.752083
-0.931439,0.119966,0.236491,0.106456,0.22076
-0.689865,0.132472,-0.69101,0.0438533,-0.170775
0.483007,-0.72388,-0.415486,0.0508501,-0.262144
-0.905034,0.397496,-0.0665344,0.0433002,-0.129943
-0.787621,0.209744,-0.169533,-0.300974,-0.462733
-0.202207,-0.0389531,0.324774,0.669974,0.637829
0.115473,-0.394677,0.123345,-0.605214,0.670836
-0.553133,-0.578272,-0.171237,0.422649,-0.384162
0.526583,-0.322911,0.72031,0.0289559,-0.314813
0.629236,0.28922,0.540737,0.347459,-0.328708
-0.0816592,0.139346,-0.51807,-0.547352,-0.637201
0.754701,0.416405,0.154866,-0.352468,-0.328603
-0.272525,0.321371,0.65385,-0.499893,0.378819
-0.249665,-0.347151,0.783176,0.31866,-0.326188
0.218907,-0.570628,-0.642079,-0.462486,-0.0262524
-0.501414,-0.193098,0.538427,0.227337,-0.60735
-0.050378,-0.14614,0.719861,-0.455826,-0.497858
0.731931,0.0247369,-0.405581,0.346913,-0.425368
-0.0138139,-0.330365,-0.50452,-0.374112,0.705012
0.657304,0.60918,-0.316155,0.295301,0.111551
0.69478,0.11959,0.30818,-0.259769,-0.584988
-0.170345,-0.505804,-0.188702,0.789738,0.231448
0.615392,0.283655,0.144368,0.252614,0.674489
-0.629443,0.0806406,0.207288,0.670192,0.328078
0.721461,0.289278,-0.145929,0.59018,-0.157875
-0.528598,-0.112527,-0.796695,-0.250805,0.10278
0.60417,0.0470279,-0.409839,-0.120978,0.670609
-0.909718,-0.248995,-0.324105,0.0570564,0.0181266
-0.330322,0.547214,-0.742984,0.00701953,-0.192264
-0.417497,-0.330313,0.784456,0.152686,0.279931
-0.0805709,0.0624149,-0.254658,0.691917,-0.66827
0.276827,-0.565251,0.740293,-0.214841,0.103988
0.126443,0.364945,-0.12594,0.81768,-0.403813
0.265499,-0.723645,0.276264,0.248318,0.5181
-0.483251,-0.535981,-0.465719,-0.4712,-0.197617
0.621851,0.0511793,0.0833382,-0.396476,-0.667167
0.117564,-0.664375,0.0148602,-0.0601468,0.736077
-0.717616,0.343869,-0.196973,-0.50532,-0.264321
0.143672,0.299515,0.511995,-0.791304,0.0469003
0.360364,-0.636707,0.0247506,0.529214,0.430423
0.510524,-0.222969,0.424291,-0.506836,0.501286
-0.0156095,0.707508,0.412522,0.549027,0.168554
0.516673,0.0353339,-0.331492,0.327862,0.714554
-0.19693,0.0386093,-0.788194,-0.551664,0.191936
-0.405259,0.265778,-0.553171,0.427214,0.523406
-0.687672,0.0721514,0.565926,0.256036,-0.370229
-0.234905,0.387211,0.600441,0.393165,0.529588
0.23264,-0.161049,0.326896,0.71321,-0.553083
-0.620094,-0.412809,-0.0168409,-0.630288,0.222535
0.0806111,-0.884986,0.391528,0.117401,0.209822
0.70915,0.201681,-0.28038,-0.472801,-0.391106
0.749776,-0.49305,0.428265,-0.00653143,0.103094
-0.173221,-0.538981,-0.153488,-0.488938,-0.645191
-0.297431,0.242174,0.299497,0.493453,-0.721922
-0.80209,0.385999,-0.358739,-0.0578387,0.283651
0.0918181,0.140962,0.80528,0.521715,-0.229412
-0.302438,0.371985,-0.793657,-0.259893,0.268715
0.254647,-0.717497,-0.26779,0.502504,-0.305003
0.0876484,0.455482,0.492879,0.175566,0.713775
-0.591534,0.381789,0.0485214,-0.434674,-0.558919
0.321144,-0.488009,-0.306682,-0.697291,-0.277559
0.104789,0.715488,0.387885,0.330312,-0.46687
0.300701,-0.742496,0.103462,-0.00842822,-0.589373
0.286248,0.788134,-0.546472,0.0362745,-0.0133952
-0.308632,0.257418,0.578956,0.413212,-0.576031
0.265195,-0.210888,0.732463,-0.268779,-0.522186
-0.475468,0.160841,-0.481295,0.65707,0.289813
-0.0460714,0.718714,0.334538,0.433677,-0.426806
-0.168196,-0.823066,0.00611853,0.271414,0.473818
0.234439,-0.0895349,0.780539,0.528427,-0.223411
0.517065,0.528233,0.39693,-0.373648,-0.394807
-0.435392,-0.304083,-0.0428395,0.486864,0.691194
-0.496656,0.203134,0.381277,0.163433,0.73292
0.430039,-0.866421,-0.0172537,0.0139818,0.257374
0.309109,-0.716275,0.481474,-0.187058,0.346195
-0.488478,0.259261,-0.184013,-0.386463,-0.712543
-0.612323,0.525949,-0.1498,-0.536464,0.19391
-0.734934,0.394603,-0.123929,0.53799,0.0132127
0.696502,-0.138117,-0.0284878,-0.266972,0.649609
0.651607,-0.0260273,-0.290778,-0.637451,0.287443
0.328678,0.137035,-0.730528,0.196715,0.549796
-0.366747,-0.592428,0.32421,0.248135,-0.58893
0.349204,-0.512659,-0.687459,0.0458014,0.372021
-0.186196,-0.143674,0.885216,-0.260087,-0.306881
-0.227775,-0.106807,0.456834,-0.496565,-0.693552
0.365939,0.767939,-0.0150539,-0.229142,-0.473538
-0.51865,0.0730009,-0.355428,0.0319824,-0.773756
0.450333,0.181776,-0.32086,0.613784,0.532413
-0.00851964,0.525468,0.740741,0.0182633,0.415257
0.571965,-0.689457,-0.184286,-0.403262,0.0850893
0.957164,0.137982,-0.0416557,-0.181363,-0.17924
0.0255053,-0.106384,-0.400525,-0.901652,-0.13287
0.590636,0.113858,0.515623,0.106325,-0.602886
-0.650928,0.0254557,-0.326018,-0.681943,0.0421251
0.663083,-0.106221,0.61898,0.222878,-0.338174
-0.682848,-0.0748291,0.456151,0.000439859,0.565351
0.0402008,-0.667464,0.7177,0.0154872,0.192782
-0.559576,-0.0849357,-0.48808,0.399393,0.532384
0.496841,0.0154687,0.15438,-0.397837,-0.755855
0.358883,0.146203,0.111786,0.185717,-0.896314
0.0132479,0.591113,0.765099,-0.173474,-0.184935
0.913527,0.250701,-0.0455536,0.280783,0.159304
0.221427,-0.541014,0.735881,0.196916,-0.273574
0.145122,0.442749,-0.257252,-0.0283267,0.845414
-0.46154,0.144268,-0.0697033,0.728612,-0.476866
0.171837,0.197635,0.447439,-0.59503,-0.618214
-0.45285,0.504271,0.101449,-0.710056,-0.157718
-0.559705,-0.421523,0.274924,0.654322,0.0969975
0.245957,0.294709,-0.348086,-0.782979,-0.344943
-0.282243,-0.272744,0.133694,0.689352,0.594089
-0.460584,0.372183,-0.243864,0.263759,0.722994
-0.253483,-0.0468905,0.781169,-0.30788,-0.479405
-0.0764496,0.0748937,0.788344,-0.543141,0.271548
-0.642981,0.44739,0.442822,-0.15084,0.410709
0.396265,0.294067,0.420712,0.700389,0.297651
-0.620273,0.282969,-0.131021,-0.533116,-0.483616
-0.213405,-0.515023,0.303476,-0.539589,-0.551938
-0.160326,0.213372,0.507163,-0.0195732,-0.818898
-0.554696,0.139301,-0.734431,-0.050095,0.35505
-0.693383,0.441807,-0.294071,-0.0510169,0.484691
0.803253,0.117649,-0.491358,-0.315644,-0.00553014
0.851718,-0.0718698,0.177136,-0.487466,0.0158711
-0.355389,0.25477,0.616477,-0.241727,-0.607882
0.781944,0.369468,-0.219905,0.239103,-0.382513
0.395332,0.0758606,-0.235101,0.859831,-0.211641
0.517965,-0.345019,-0.00556144,0.770417,-0.135689
-0.75465,0.274503,-0.46797,0.370222,0.0115909
0.104662,0.495724,0.843674,-0.0621621,-0.169557
-0.155279,0.509362,0.802548,-0.204538,-0.174743
-0.0261895,0.59746,-0.748744,0.000427335,-0.277903
0.112257,-0.530057,-0.282248,0.781163,0.110193
-0.62994,0.161596,0.145926,0.015499,0.746404
0.384226,0.673449,-0.243695,0.405822,0.416354
0.747905,0.181087,-0.589662,0.14194,0.202686
0.0748473,0.0209482,-0.363355,-0.910601,-0.174472
0.216191,-0.632304,0.16567,0.314977,0.655749
0.753896,-0.225349,-0.331441,0.382665,0.348246
0.483219,0.768287,0.10217,-0.105193,-0.395731
-0.0296047,0.231398,0.0986283,0.943451,0.214903
-0.0899854,0.729456,-0.269622,-0.13561,0.604517
-0.65963,0.414814,-0.1441,-0.577184,-0.200266
-0.566032,0.31779,-0.179885,-0.0566602,0.738262
-0.192886,0.313615,0.270377,0.550321,-0.697294
-0.040769,-0.654347,-0.65185,0.312714,-0.222396
-0.673105,-0.394308,0.335005,0.306082,-0.427134
-0.12715,0.276782,0.370553,0.445674,0.754924
-0.617142,-0.677932,0.160713,-0.353252,0.0849704
-0.0617227,0.831629,-0.544967,-0.0476597,0.0741295
-0.120157,0.0451791,-0.107285,-0.56951,-0.804579
0.487963,0.509637,0.0434723,0.520197,-0.482405
-0.611178,0.600487,0.162344,-0.41067,0.266527
-0.106436,-0.042187,-0.81359,-0.523871,-0.213249
0.577244,-0.284861,-0.0447198,-0.68818,-0.333214
-0.0220981,-0.13802,0.693848,-0.46949,0.527878
0.291142,-0.224919,-0.0172671,0.24815,0.895555
0.132833,-0.272307,-0.281614,0.754071,0.510162
-0.400218,0.0274776,0.761592,-0.101184,-0.500349
-0.165568,0.765265,0.0400893,0.539227,-0.311213
-0.137378,-0.129229,-0.550158,0.0111526,0.815406
-0.297286,-0.47765,0.0460571,0.0424658,0.824119
0.848275,-0.21317,-0.27346,-0.348819,-0.192817
0.614909,-0.279573,-0.207392,0.598308,-0.37826
-0.614783,0.503341,-0.41761,0.0233309,0.443924
-0.222525,0.0447718,0.59405,-0.33231,0.695055
0.563263,-0.665102,-0.10951,0.463703,0.117632
0.260045,-0.333831,0.645006,0.599069,-0.219839
-0.197289,0.185479,0.386645,-0.832663,0.28937
0.539366,0.598595,0.527187,-0.21587,-0.156156
-0.697838,-0.114455,0.134841,0.691022,-0.0509349
-0.51241,-0.218524,0.587455,-0.377888,0.446037
-0.331523,-0.162771,0.231606,-0.366372,0.822927
-0.00504639,0.301011,-0.476976,-0.776074,0.282102
-0.214955,-0.925213,-0.203939,-0.199275,0.127764
0.124827,-0.0469271,-0.346438,0.583553,-0.722746
-0.105596,-0.445755,0.547145,-0.19592,0.671612
0.782688,0.239804,0.118989,-0.0309127,-0.562836
0.597598,0.316025,0.275304,-0.524626,0.440368
-0.351432,0.311539,-0.865039,0.022995,0.179776
-0.223059,0.0292078,-0.526197,0.816993,0.071302
-0.260712,0.762936,0.527177,-0.179163,0.196085
-0.447754,-0.221176,-0.0690973,-0.835091,0.220738
0.591371,-0.137354,0.643834,-0.402886,-0.227812
-0.53411,0.617872,0.56326,-0.0543122,-0.109817
0.558911,-0.00749894,-0.817231,0.0614611,0.119805
-0.635759,0.331627,-0.189212,0.268793,-0.615778
0.311886,-0.535467,-0.614,-0.313321,-0.377978
0.01809,-0.722752,-0.319078,0.20541,0.579097
-0.242426,-0.739953,-0.382636,-0.324313,-0.376354
0.782774,0.109596,-0.160639,0.231863,0.542101
0.845283,-0.102875,0.496394,-0.168678,0.000251962
-0.423342,-0.0404442,-0.391739,0.777209,0.251273
-0.191064,0.518153,-0.412279,-0.178026,-0.702384
-0.20818,0.511588,0.342145,-0.727863,0.216096
-0.268884,-0.862708,0.181482,0.25354,0.296322
0.0796003,-0.393314,0.809197,-0.192954,-0.381802
-0.134403,-0.748796,0.607372,0.216457,-0.0786382
-0.317877,-0.321849,0.519465,-0.421075,0.591083
-0.0444861,0.979205,-0.00148948,-0.153998,0.127468
0.67549,0.486681,0.0878022,-0.155502,-0.523746
-0.208021,0.56734,0.407566,-0.647693,0.223724
-0.375873,0.263417,-0.877765,-0.00928389,-0.135725
-0.0350318,0.228174,0.259053,-0.296177,-0.888077
-0.0791152,0.320339,-0.13122,-0.161806,-0.920864
0.447007,0.747963,0.143078,0.419282,0.206166
-0.827834,0.428624,0.217841,-0.267161,0.103294
0.616114,0.579538,0.228414,-0.24594,-0.414654
-0.548565,0.224295,-0.14145,-0.625132,0.487112
0.637066,0.433617,-0.359477,0.491265,-0.186376
-0.534712,-0.0178238,0.0666111,0.224306,-0.810127
-0.217631,-0.193881,-0.688815,-0.196432,0.630967
0.418464,0.407293,0.285719,-0.476963,0.590519
-0.681995,-0.66735,0.158643,-0.0405609,0.244972
-0.22886,-0.847189,0.44155,-0.169491,0.0648066
-0.120368,0.0207108,0.861991,0.161452,0.465236
0.859818,0.00731394,0.254421,-0.24629,-0.364553
0.613262,-0.353106,-0.606396,0.136295,0.332061
-0.288684,-0.0997351,-0.947259,-0.0561687,-0.0818156
-0.268014,0.736906,-0.344321,0.438764,0.273137
-0.405972,0.559704,-0.0570102,0.141162,-0.706532
-0.758771,0.430892,-0.367808,0.319877,0.0429148
0.0401208,0.444957,-0.739363,0.397632,0.311744
0.48408,0.674591,-0.158127,0.447461,-0.297164
-0.388534,-0.00631203,0.533698,-0.313797,0.6801
-0.214381,0.276705,0.392672,0.609477,-0.591461
0.844089,-0.10269,0.515135,-0.0548496,-0.0887909
0.480893,0.293011,-0.355289,0.185811,-0.721622
0.0602764,0.975992,0.130406,0.0869202,0.130385
-0.139519,0.236623,0.136371,-0.116452,-0.944836
-0.335445,0.0698169,-0.292406,0.010816,-0.892933
-0.233321,0.232784,0.717598,0.223029,-0.571522
0.440194,-0.25217,0.592386,-0.391306,0.483158
0.123107,-0.400654,-0.390231,-0.553588,-0.603127
-0.31407,0.33438,-0.164314,-0.0201418,0.872064
-0.829598,0.378382,0.0783822,-0.183392,0.362711
0.119868,-0.591084,0.692026,0.0967083,0.382952
0.290188,0.318229,-0.737917,-0.250204,0.453127
-0.207636,-0.601454,-0.382809,0.617654,0.257452
-0.795888,0.197392,-0.328083,0.311465,-0.352539
-0.566074,0.0136773,-0.408079,-0.1696,-0.697709
-0.0933885,0.631979,-0.0592799,0.568736,-0.512901
-0.220348,-0.372876,-0.563472,0.551876,-0.436691
-0.150643,0.126384,0.536423,0.5671,-0.594879
0.000785246,-0.921169,0.143258,0.0539258,0.365004
-0.579351,-0.306324,-0.418718,0.109274,-0.618047
0.772016,-0.318915,0.184325,0.458098,0.239196
-0.154418,0.0919722,0.581388,-0.67437,-0.416287
0.590729,0.197122,0.650714,0.15244,0.407603
-0.641658,0.029424,0.565254,-0.480128,-0.202135
-0.526953,0.622732,0.288723,0.241182,-0.439712
0.278771,0.40283,0.67268,-0.392624,-0.385037
-0.00377342,0.15467,-0.115167,-0.279499,0.940191
0.626983,0.0830956,0.244066,0.616242,0.404682
-0.263013,0.336205,0.414763,0.230536,0.770253
-0.136281,-0.493434,0.099572,0.555434,-0.647364
-0.0270429,0.635063,-0.635914,0.26179,-0.350741
0.344867,-0.724968,-0.0878738,-0.315387,0.501444
-0.1604,0.232844,0.199415,0.265114,0.898777
0.0816553,0.102491,0.62982,-0.757903,0.10318
0.449915,-0.402558,0.465778,-0.228837,0.603769
-0.0698949,-0.255216,-0.390234,-0.354671,0.808056
0.185087,-0.0850583,0.348915,0.438458,-0.802809
0.0742896,-0.0537242,-0.0447432,0.696311,0.711182
-0.214814,-0.27891,0.754084,-0.552528,0.0203288
0.696227,0.488709,0.415006,0.279169,0.1577
0.179055,-0.15376,0.479954,-0.540068,-0.650319
0.502572,0.337926,-0.789721,0.0231511,-0.0965126
-0.525538,0.260122,-0.762051,0.27532,-0.0371625
0.211991,-0.213526,0.700396,0.540974,0.350303
-0.153121,0.50699,0.0227591,0.346723,0.773493
-0.353628,-0.0970278,-0.486356,-0.0490582,0.791585
-0.0792615,-0.174468,-0.936635,0.0597713,0.292323
0.596117,0.354798,0.58663,-0.27104,-0.322021
-0.0369077,0.824039,0.514749,0.0961252,-0.217484
-0.554401,0.0191854,-0.28795,-0.489306,0.608206
-0.703402,0.321631,-0.316606,-0.365938,-0.410362
-0.244434,-0.194443,-0.147677,-0.343929,-0.873719
-0.305531,-0.166405,-0.655236,-0.542729,-0.395182
0.525782,-0.231608,-0.372971,0.528085,0.502291
-0.459294,0.113176,0.763922,0.19221,-0.394293
-0.449458,0.714611,0.301123,-0.34494,0.277
-0.350539,-0.52258,0.419574,0.0595312,-0.649647
-0.60464,-0.158603,0.589487,-0.481572,-0.174606
0.0887077,-0.545046,-0.14754,0.358514,-0.73738
0.0730861,0.668788,-0.714835,-0.17501,-0.0794188
-0.568458,0.444524,-0.641447,-0.0358924,0.25753
0.0795347,-0.498486,-0.236832,-0.474693,-0.684462
-0.0802522,0.252236,-0.518868,-0.813066,0.0122961
-0.29956,-0.468553,-0.238174,-0.321795,0.729224
0.436877,-0.275519,0.142785,0.547847,0.642512
-0.540882,0.000870737,0.298621,-0.478045,-0.627131
-0.698324,0.605504,-0.101735,0.189914,0.318045
0.1455,0.195676,0.375036,0.561074,-0.694589
-0.0979746,0.266412,0.272109,0.648591,0.64989
0.438214,-0.0934079,-0.0210683,-0.879985,0.16842
-0.392173,-0.122706,0.697108,0.161365,-0.56691
0.580919,-0.24392,0.122393,-0.295437,0.706515
-0.0538126,0.364718,0.324434,0.471127,0.730736
-0.598354,-0.718747,0.0411822,-0.348242,-0.0488755
0.419799,0.790658,0.0504813,-0.289952,0.333682
0.759782,-0.0168207,-0.128119,-0.424484,-0.47498
0.471564,-0.477449,-0.293726,0.330404,0.598952
-0.125128,0.150198,-0.175084,-0.849447,-0.461567
-0.460525,-0.709404,0.503353,-0.0571829,-0.158761
-0.0763072,-0.730264,-0.586471,-0.247726,0.236114
-0.139233,0.0618904,0.808197,0.496012,-0.281734
-0.639836,0.566185,-0.491231,-0.121441,0.128957
-0.121394,-0.0837205,0.864657,0.2408,-0.421066
-0.530594,-0.0814626,-0.0698209,-0.701094,-0.465341
-0.480106,-0.611858,0.621198,0.00265773,-0.0979006
-0.575343,0.142752,0.00233799,0.80613,-0.00241356
-0.25935,0.09626,0.772975,0.559201,-0.117968
0.156724,-0.637532,-0.618223,0.29748,0.310753
0.326047,-0.577842,-0.513098,0.451238,0.30485
0.735554,0.527931,0.400448,0.119013,-0.0740655
-0.5657,0.285134,-0.692958,0.28873,0.186319
-0.409278,-0.383821,0.614716,0.536997,-0.142099
-0.222775,-0.324815,0.0996635,-0.0154537,0.913378
0.190053,-0.366746,0.751181,0.327775,-0.397976
0.00676492,-0.625496,0.229941,-0.320819,0.672202
-0.371206,0.272241,-0.54171,-0.171917,-0.683099
-0.591589,0.23838,0.681453,0.301757,-0.187176
0.393786,0.601238,0.0146063,0.407182,-0.563914
0.00946177,-0.681036,-0.00525078,-0.211904,0.702143
-0.106169,-0.759434,-0.568977,0.0233527,0.291458
-0.123946,-0.144894,-0.172502,0.776122,0.5764
0.480465,-0.739251,0.0357623,-0.0223098,-0.468505
-0.622237,0.657253,-0.274907,0.0685628,-0.319065
-0.347704,0.154793,-0.0530196,0.759169,0.524028
0.27958,0.344915,0.854824,0.252649,-0.101047
-0.31178,0.0631092,0.610297,-0.189718,0.701759
-0.219703,-0.280931,0.238034,-0.887582,0.160896
-0.42813,0.0799444,0.855086,0.176794,-0.221827
0.198794,0.333649,-0.58263,0.701672,-0.138508
0.340484,-0.43353,0.626705,0.512068,0.204119
-0.512145,0.681321,-0.0252352,-0.511776,-0.107449
0.299507,-0.878243,-0.183937,0.237252,0.21688
-0.51635,-0.381984,-0.0904303,-0.0734793,-0.758131
-0.53114,-0.246091,-0.413449,-0.466928,-0.519134
0.186435,0.221677,0.618142,-0.108656,-0.719626
-0.277406,-0.157827,0.919465,-0.14135,0.178156
-0.0426732,-0.117579,0.250044,0.0306637,-0.958991
-0.0796346,-0.0656404,-0.80027,0.566708,-0.16756
0.467511,-0.229696,0.285402,-0.301449,-0.747095
0.832174,0.139111,0.532667,-0.0442527,-0.055654
0.777612,0.0630799,-0.0294049,0.291592,0.550715
-0.316689,-0.58338,-0.514382,0.435697,0.322507
0.143117,-0.679519,-0.183371,-0.688837,-0.0812103
0.758064,0.273419,-0.463699,0.367476,-0.00651033
0.236654,0.239328,0.726113,-0.599791,-0.0310864
-0.781441,0.445347,-0.285761,0.292345,-0.153383
-0.649423,-0.23477,0.362909,-0.0710568,0.620186
-0.32703,0.610892,-0.425677,0.551,-0.189225
0.693197,-0.22787,0.378317,0.41719,-0.388263
-0.459732,-0.81471,0.164616,-0.128567,-0.284748
0.471585,0.211004,-0.804473,0.101948,-0.267846
-0.245002,0.0590782,-0.175522,-0.449299,0.83791
0.213197,0.561976,0.767975,0.0175493,0.217383
0.00124659,0.540867,-0.118486,0.581088,-0.599553
0.0798561,-0.823675,-0.521794,0.108175,0.172687
0.472833,0.470404,0.68351,-0.192473,-0.225287
0.186605,-0.855466,0.0618742,-0.466581,0.100788
0.745231,-0.656594,-0.0458629,0.0963579,0.0116621
-0.616707,-0.742683,-0.101813,0.0715139,-0.231008
-0.460328,0.597532,-0.246696,-0.48971,0.361807
-0.282377,-0.222897,-0.535923,-0.681636,0.345113
-0.453321,0.213071,-0.197773,-0.838659,-0.0751004
-0.414869,-0.382648,-0.136064,-0.411495,-0.703535
-0.202434,0.0558607,0.395238,0.896721,0.0131604
-0.709637,-0.037212,-0.416304,-0.0618273,0.563939
-0.124954,-0.851459,0.422974,0.0133673,-0.278282
0.547566,-0.73304,0.0678842,-0.362671,0.16615
-0.452183,0.446256,0.115528,0.333534,-0.688871
-0.460162,-0.186763,-0.0912777,-0.768977,-0.390037
-0.766428,0.272268,-0.126335,-0.279237,0.492318
0.4769,-0.604336,-0.256614,-0.0345724,-0.58232
-0.33054,0.151129,-0.0720022,0.667503,-0.647754
0.232023,-0.0868063,-0.105253,-0.861517,-0.431184
-0.436053,-0.54177,0.710248,0.0818566,-0.0529955
0.727304,0.211592,-0.28047,-0.365549,0.462016
0.0764143,0.276688,-0.336735,0.588613,0.675919
-0.501286,0.691236,0.158133,0.477179,0.140532
-0.247118,0.553072,-0.381338,0.125287,0.688196
-0.396634,0.738908,0.242454,0.481323,0.0584208
0.214693,0.035089,0.140516,-0.703833,-0.663193
-0.707212,-0.604256,-0.356027,0.0354532,-0.0803572
0.174578,-0.273418,-0.23144,0.272478,-0.878156
-0.218529,-0.28779,0.310784,-0.522856,-0.706164
0.814665,-0.371095,0.405736,0.0352822,0.172161
-0.121746,-0.586393,0.772446,0.10088,-0.190077
0.377977,0.404628,0.296706,-0.313551,-0.712624
-0.245685,-0.250203,-0.890952,0.03752,0.288273
0.578261,-0.276514,-0.58083,-0.147823,0.483326
-0.104152,-0.674243,-0.0173701,-0.657287,0.318133
0.209971,-0.73441,0.602163,0.134496,0.184216
0.17349,-0.562526,0.793774,-0.002621,-0.149767
0.393618,0.0451277,0.704201,0.528131,-0.261664
0.339391,0.388805,0.0765907,0.399352,0.755342
0.00530952,0.987201,-0.0276891,-0.136333,0.0807736
0.722007,-0.370615,-0.264322,0.134043,0.503062
-0.209096,0.199906,-0.361104,0.0772566,0.88293
0.671107,-0.0674341,-0.195468,-0.179195,-0.691189
-0.382409,-0.135106,-0.352988,0.375682,-0.753096
0.335918,-0.302856,-0.716031,-0.528934,0.00295701
-0.727552,0.364088,0.0663576,0.206537,-0.539046
0.584631,-0.306048,0.558639,0.253909,0.431819
0.15399,-0.690314,-0.320676,0.541965,-0.315833
0.545892,0.0393635,-0.184555,-0.768254,-0.277907
0.758935,0.0917188,-0.637515,-0.0623141,0.0621503
-0.127634,-0.471112,0.395712,-0.777441,0.0153039
-0.512847,0.287724,0.547585,-0.584183,0.129602
-0.28652,-0.126225,-0.606192,-0.0344427,0.727877
0.886553,-0.297796,-0.0218918,0.127491,-0.327323
0.323064,0.605925,0.162662,-0.173255,0.685136
-0.144229,0.368305,-0.346807,-0.352379,-0.774088
0.600569,-0.296625,-0.732018,0.100844,0.0494609
-0.532661,0.432308,-0.149957,-0.362662,0.616638
-0.277111,-0.327686,-0.572587,0.603915,0.346479
0.153537,-0.390875,0.14093,-0.887657,0.134757
0.494444,0.732221,0.0578264,0.377295,-0.272682
-0.283325,-0.151884,0.199992,0.474239,0.794257
-0.382982,-0.299609,0.149859,0.561877,0.655265
0.677302,0.506008,-0.509582,-0.105867,0.121646
-0.535151,0.442564,0.375247,0.595957,0.140985
-0.599091,0.155783,-0.308482,0.432586,-0.578306
-0.218057,0.613114,0.148925,0.536173,-0.517748
0.859082,-0.31158,-0.262866,-0.219177,-0.216779
0.227066,-0.381493,0.649895,0.0965047,0.612049
-0.427988,0.625267,-0.384511,0.378299,-0.361954
0.610722,-0.601957,-0.142193,-0.472993,0.149475
-0.392887,-0.249622,0.200804,-0.858507,0.072375
-0.707937,0.115925,-0.376693,0.476112,0.342882
-0.561868,0.312704,0.457498,-0.535537,0.299105
-0.198011,0.0200593,0.363244,-0.559318,0.715993
-0.36151,-0.638901,0.551445,0.189107,0.352318
0.652296,-0.300274,-0.585412,-0.258137,0.273705
0.102938,-0.506072,0.402207,0.421842,0.628399
0.676484,-0.111008,-0.425688,-0.425026,0.411648
0.584217,0.393189,-0.314757,-0.0323943,0.63648
-0.132361,0.0261286,0.802315,0.513096,-0.269506
0.0419109,0.0186683,-0.929654,-0.00500717,-0.368857
-0.09225,-0.752924,-0.115819,-0.531693,0.361171
0.47906,-0.0298264,-0.476706,0.292172,0.6764
-0.618012,-0.0392417,-0.0630683,-0.680123,-0.386144
-0.802664,0.126602,0.529555,-0.0310601,0.245309
0.147319,0.500623,-0.411302,-0.277392,0.692093
0.424535,-0.503518,-0.616193,0.399557,-0.163596
-0.0476777,-0.79504,0.37023,-0.440583,0.174069
-0.477824,0.354496,-0.139341,0.73985,0.279046
-0.76837,-0.411878,-0.413122,0.141789,0.224368
0.280965,0.762085,-0.139837,-0.493844,0.275759
-0.0841366,-0.0714611,-0.443285,-0.872669,0.164544
0.575492,0.354527,0.100246,-0.688768,-0.245554
-0.904005,-0.0879902,-0.0459369,0.325739,0.261686
0.211083,-0.0350306,-0.897208,-0.261643,0.288804
-0.151798,0.153413,0.148442,-0.944712,0.199006
0.0505114,0.527284,-0.185289,0.722617,0.405365
0.0497089,0.273268,0.484961,0.0718293,-0.826107
0.264751,0.0272072,-0.553008,-0.662286,-0.429138
0.217816,-0.862775,-0.217872,0.374935,0.143574
0.72996,-0.246723,-0.0675132,0.381684,-0.502872
-0.520159,-0.628286,0.450799,-0.0049367,0.359955
-0.011677,0.294278,-0.724756,-0.129004,-0.61029
-0.548674,0.787729,-0.197617,0.0883369,-0.183357
0.52592,-0.648121,0.331868,-0.302403,0.320756
0.236724,-0.08894,-0.32346,0.342444,-0.844556
-0.0427306,-0.685366,0.388992,0.0700732,0.611201
-0.630994,0.370189,-0.0385293,-0.369369,-0.567184
0.245622,0.319036,0.653063,-0.548872,0.329059
-0.664242,-0.717215,0.0943672,0.141209,-0.129131
0.367199,0.105217,0.26573,-0.24943,0.849438
0.554804,-0.238298,-0.62424,-0.119474,-0.479346
-0.326412,-0.156495,0.856652,-0.0377069,-0.369358
0.640192,-0.464975,0.123688,-0.169355,0.574318
-0.563669,0.267722,0.590731,-0.282236,0.425364
0.0631948,0.299534,0.349919,0.276782,-0.841126
0.376866,-0.474266,-0.292404,0.629473,-0.390533
-0.6105,0.308476,-0.207056,-0.591887,0.37252
0.0591564,-0.669539,0.0767588,0.734058,0.0436989
0.46371,-0.138995,-0.0400472,0.380873,-0.787402
0.890716,0.123533,0.0490684,0.0997912,0.426522
0.241323,-0.195166,-0.0938202,0.942908,-0.0763238
0.537044,-0.286855,-0.277295,0.029215,0.739814
-0.22504,0.112169,-0.200231,-0.0568032,-0.944157
-0.793294,0.162868,0.329026,0.00553937,-0.485695
0.308382,0.544413,-0.579308,0.136878,0.506083
-0.116198,0.505935,-0.0049566,-0.516377,0.677661
-0.489765,-0.406306,0.58197,0.504358,0.0511052
-0.745206,0.385448,-0.0506626,0.480097,-0.247829
0.602625,0.123541,0.694528,-0.349731,-0.127154
-0.278404,-0.726094,-0.315423,0.424189,-0.341094
-0.152346,0.640924,-0.363104,-0.584838,0.301435
-0.303428,-0.0082726,0.191825,-0.930746,-0.0416075
-0.685866,0.276516,-0.1487,-0.361936,0.549506
-0.908595,0.291444,-0.0717671,-0.0457254,0.286749
0.0625392,0.291171,-0.259475,-0.916543,0.0966149
-0.411452,-0.0978287,0.339665,0.420942,0.728622
-0.127226,-0.0470481,0.124219,0.661473,-0.728229
0.0965535,0.611872,-0.51598,-0.384639,0.4482
-0.649369,-0.618135,0.239005,-0.2614,0.265193
0.879615,-0.418039,-0.00362408,-0.00896821,0.22535
-0.107448,-0.0217948,0.815347,0.223146,-0.520888
0.858147,0.0438945,-0.192467,0.475615,-0.0539401
-0.582434,0.518625,-0.509387,0.160586,-0.316023
0.105266,-0.644188,0.645045,-0.395384,-0.0195878
-0.474027,0.73614,-0.0248077,-0.454421,-0.164936
-0.26424,-0.0507769,0.586416,-0.512133,-0.5652
0.00205081,0.881277,-0.114573,-0.323599,0.328293
0.691823,-0.333997,0.236544,-0.590629,-0.0850354
-0.321512,0.021662,0.887683,-0.251763,-0.207551
0.565632,0.257048,0.30945,-0.525466,0.49029
-0.172248,-0.129282,-0.20827,0.26158,0.916461
-0.825607,0.324633,0.0273985,-0.0971502,-0.452119
-0.595506,-0.013459,0.749121,-0.291398,0.0116193
0.727049,-0.527263,-0.0599402,0.366546,-0.239847
0.272411,0.176543,0.528209,-0.574345,0.534599
0.450123,0.219909,0.139378,0.66708,0.532918
-0.597985,-0.160603,-0.73647,0.232069,0.149157
-0.455061,-0.39437,-0.289029,0.528876,-0.524809
0.846933,0.0869968,-0.0322822,0.520101,0.0470256
0.193587,0.061574,-0.510137,-0.568019,-0.612541
-0.38217,0.0486972,0.250713,0.513469,0.725576
-0.0432661,-0.414088,0.15809,0.345211,-0.825764
-0.742645,-0.336332,0.514705,-0.20966,0.151622
-0.583916,-0.0010182,-0.278709,0.0356674,-0.761821
0.593008,0.340385,0.69401,-0.0142103,-0.224348
0.651831,-0.192403,-0.247485,0.663414,-0.194569
-0.0525708,0.658768,0.113718,0.213359,-0.710228
0.0855223,-0.618165,0.558767,-0.458123,-0.298308
0.730972,-0.574749,0.118113,0.334313,-0.10816
-0.347455,0.131308,0.0126332,0.575673,0.728077
-0.126408,-0.901272,-0.234141,0.12518,-0.319544
-0.0568676,-0.303957,0.759483,0.3592,0.44225
0.941303,-0.186023,0.047308,-0.222147,0.16318
-0.100492,-0.711009,0.321945,-0.585503,0.182894
-0.0426904,0.0277983,0.657375,0.713059,0.2452
-0.389952,0.278533,0.796422,-0.141819,-0.346698
0.472757,-0.130325,0.491664,0.525733,0.490477
-0.561645,-0.132637,0.477362,0.22176,0.623235
-0.532932,-0.373161,-0.67893,-0.242832,-0.242355
0.252517,-0.266361,0.915754,0.149018,0.0954939
0.876776,-0.156185,-0.384428,-0.212354,0.126443
0.4337,-0.81222,0.178409,0.341337,0.0697708
-0.405002,-0.240634,-0.137815,0.810453,-0.319763
0.0535688,0.231991,0.935737,-0.212893,0.14947
0.706584,0.539465,-0.191937,-0.109299,-0.402641
-0.757048,-0.234743,0.00622615,0.41957,0.44163
-0.193145,-0.332799,0.520001,-0.61489,0.453643
0.321165,-0.316218,-0.0694558,0.887855,-0.0668192
0.638184,0.243931,-0.156873,-0.709772,-0.0684173
0.137273,0.566865,-0.0576503,-0.653613,0.480227
-0.744553,-0.157782,0.092806,-0.105963,-0.632636
0.260145,0.641493,0.19086,-0.293588,-0.629913
-0.4673,0.201859,-0.0452003,0.523456,0.680058
-0.170602,0.676016,0.248124,-0.669001,-0.0616572
0.0709724,-0.754306,-0.294739,-0.579287,0.0129818
0.0864026,-0.823038,-0.491988,-0.0881619,-0.257785
0.159428,0.727301,0.0248906,-0.624932,-0.23544
0.0688063,-0.107279,-0.758276,0.628516,0.124665
0.404393,-0.322945,-0.686638,0.236218,-0.454706
0.113852,-0.169232,0.439628,0.724848,-0.491412
-0.761002,0.286823,0.245254,0.468076,-0.241135
-0.609686,-0.767748,0.145566,0.0624314,0.117792
0.172958,-0.452123,0.208058,0.823922,0.200051
-0.183186,0.269033,-0.490947,0.751002,0.300336
-0.573287,0.0457944,-0.569391,0.329894,-0.485666
-0.656529,0.515435,-0.330039,0.288251,-0.335238
0.44455,0.371011,-0.645654,-0.108529,0.482474
-0.0666289,0.15539,-0.549215,0.624074,0.532816
0.504887,-0.835498,0.156944,-0.00755636,-0.151912
0.783357,0.521723,-0.223711,0.013777,-0.249332
0.426866,-0.15507,0.700148,0.497878,0.235062
-0.71427,-0.292269,-0.422185,-0.400243,-0.264007
-0.180393,-0.82792,-0.157105,0.0880126,0.501857
-0.698721,-0.465201,-0.148277,-0.521739,0.0746708
-0.264795,0.735833,-0.505056,-0.224967,-0.292065
-0.46257,-0.461454,0.492441,0.56971,-0.0735048
-0.533279,0.291061,0.737313,-0.289333,0.0692982
-0.768171,0.242647,0.0386197,-0.405464,0.429788
-0.760894,0.302016,0.260659,0.0293383,0.510204
0.56916,0.357275,-0.635073,0.379307,-0.0291167
0.536236,-0.270455,-0.108247,0.181731,0.769217
-0.78327,0.358639,-0.45568,-0.153509,-0.16244
-0.823845,0.0873804,0.351353,0.307337,0.310702
0.264207,0.686045,0.516301,-0.365087,-0.240778
0.672997,0.141493,-0.243015,-0.587114,0.357151
-0.710658,-0.37567,0.442964,-0.240488,-0.31733
0.259555,-0.380816,-0.214127,-0.800062,-0.3137
-0.49437,0.424725,0.317746,-0.171508,-0.666105
-0.492444,-0.125245,0.600514,-0.262385,0.558177
0.194427,0.0873346,0.277712,-0.449026,0.823648
0.174424,-0.0496687,-0.32951,-0.814561,-0.43867
-0.318089,0.59828,0.169714,-0.715032,-0.010156
-0.293436,-0.503816,0.627066,-0.309323,0.410056
0.581002,0.0567774,-0.599392,-0.514774,0.194925
0.417956,-0.279144,-0.528794,0.512954,0.449017
-0.139981,0.00427722,-0.282597,0.944485,-0.0840004
-0.588372,-0.0365837,0.518888,0.605556,-0.116808
0.0884042,-0.472939,-0.597712,0.507619,0.389312
-0.894572,-0.400601,0.000939611,-0.148445,0.129904
0.522966,-0.255841,-0.0433189,0.787419,0.196956
-0.70608,-0.300004,-0.467465,-0.336692,0.28542
0.154934,-0.0709438,-0.137062,-0.374337,0.899681
0.0822944,-0.473961,-0.552242,0.45028,-0.514036
0.23819,0.170685,0.620054,0.449097,0.572827
0.102666,0.776888,0.531842,0.11379,0.304234
0.217471,-0.0614704,-0.531402,0.359716,0.732448
-0.193366,-0.324786,0.401503,0.630374,0.546948
0.524884,-0.0765577,0.0098428,0.561134,-0.636846
0.39854,0.270733,0.682346,-0.413432,-0.363074
-0.546749,-0.250497,-0.440918,0.154466,0.648032
-0.562074,0.425961,-0.211248,-0.667313,0.118339
0.0264249,0.67483,0.0126674,0.722674,-0.155791
-0.0936887,0.193809,-0.241518,0.737473,-0.591225
-0.310113,-0.551306,0.723284,0.176546,-0.220203
0.692434,0.253517,0.56815,-0.335343,0.155124
0.323705,0.663567,-0.192811,-0.231953,-0.606003
-0.0243189,-0.476562,-0.772807,-0.411835,0.0744093
0.200545,0.462985,-0.80321,-0.10876,-0.30249
-0.20457,0.276364,-0.131963,0.896516,0.249549
-0.194209,0.107752,-0.0168844,-0.0595965,-0.972807
-0.540377,-0.573326,0.570973,0.21307,-0.0909874
0.261096,-0.249842,0.697096,-0.240299,0.573781
-0.279956,0.651702,-0.553188,-0.0529947,-0.434304
-0.864319,-0.230832,0.31555,0.134979,0.284457
0.0271816,0.196623,0.925894,0.0215361,-0.320836
-0.388167,-0.452152,0.066038,-0.525102,0.603855
-0.770711,-0.384261,-0.276347,-0.423844,0.024876
0.00623994,0.700748,0.544781,-0.414097,-0.200301
-0.533524,-0.495945,-0.016868,0.225337,0.64666
-0.128372,0.319063,-0.340812,-0.830604,-0.280019
0.59461,0.210412,0.127486,-0.766625,-0.0522291
0.536743,-0.177332,0.364578,0.0524259,0.738261
0.563775,-0.282089,-0.00526686,-0.654941,-0.416662
0.812984,-0.38009,0.223382,0.195598,-0.321746
-0.726546,-0.562895,-0.0388089,-0.171563,-0.350428
0.424812,-0.354741,-0.629615,0.452877,-0.301904
-0.458685,0.0169784,-0.228462,0.26418,0.814513
-0.516807,-0.0500625,-0.491,0.451169,0.53572
0.0539052,0.313863,0.232601,0.86726,-0.30132
0.0422414,0.606638,0.0195743,-0.629616,-0.482258
-0.496074,-0.0628955,0.695025,0.211149,-0.47461
0.113319,0.0282019,0.137228,0.305049,0.935384
0.0732659,-0.409667,0.74168,-0.263319,-0.456536
-0.185656,0.217976,0.432919,-0.780212,-0.348545
0.202752,0.23288,-0.781058,0.462368,0.290028
-0.110318,0.0445835,-0.855629,-0.239804,0.442604
-0.239132,0.403583,-0.0365791,0.552957,0.688203
-0.178557,0.443586,-0.53366,-0.666764,0.207657
0.804303,0.214038,0.355798,0.401156,0.134681
0.414347,0.567413,-0.538852,-0.190584,-0.422131
0.788241,0.355658,-0.376168,0.0374013,-0.333922
-0.489272,-0.0404055,0.685941,0.350028,-0.406381
-0.397334,-0.42725,-0.294773,-0.334069,0.680126
0.484539,0.218337,0.815801,0.22197,-0.0545956
-0.057083,0.017769,-0.386505,-0.830172,0.397131
0.160534,0.201002,0.873856,-0.0410974,0.410606
-0.382456,0.199045,-0.0942529,-0.0151043,-0.895967
0.674567,0.183255,-0.625567,0.343199,-0.00894452
0.250398,-0.177211,-0.594831,0.29273,-0.683577
-0.284627,0.746845,0.211347,0.212584,0.521586
-0.746692,0.0512288,-0.493812,0.435311,0.0723601
-0.259432,-0.383534,-0.73245,-0.0597364,0.494934
-0.465211,-0.443637,-0.497441,-0.181224,-0.55419
-0.167976,-0.638205,0.378312,0.354298,-0.543604
0.271565,0.572761,0.358139,0.634005,-0.25301
0.674401,-0.709681,-0.101948,0.173623,0.0169648
0.444513,0.566097,0.298814,-0.356119,-0.515826
-0.293842,-0.606508,-0.729845,0.0111639,0.119566
-0.947843,0.0421987,0.111545,0.0545937,0.28849
0.173012,0.411348,0.57627,-0.413283,0.549331
0.244348,-0.476752,-0.800472,0.203017,0.17173
-0.756541,-0.541459,-0.0182805,-0.163291,-0.33026
-0.657152,0.554144,0.144844,0.323425,0.370157
-0.573789,-0.612246,0.23455,-0.173328,0.459411
0.512582,0.0519703,-0.364367,0.0404334,-0.775958
0.392184,-0.372531,0.132062,-0.151289,0.817862
0.571977,-0.711749,0.0213089,-0.354184,-0.203089
0.862539,0.116772,0.48754,-0.0529627,0.0225542
0.111807,-0.485562,-0.619436,0.552757,-0.253146
-0.238142,0.0078995,0.316285,0.368236,-0.841322
-0.129672,0.583033,0.6742,-0.165572,0.398617
0.682361,-0.494661,-0.204045,0.270805,-0.420331
-0.116223,-0.556004,0.661064,-0.0204388,-0.490817
0.593804,-0.719761,0.0565708,-0.278356,-0.222752
0.348278,-0.295332,0.386748,-0.591143,-0.538704
-0.772793,-0.590726,-0.229118,-0.041201,0.0538307
-0.484245,-0.576593,-0.430838,0.375553,0.331797
-0.0462928,-0.428387,0.544351,0.498286,0.520507
0.0863964,0.0764198,0.47923,0.357059,-0.792101
-0.440968,-0.461537,0.408739,-0.606771,-0.239503
-0.0256942,0.399977,-0.838052,-0.208376,-0.30698
-0.206472,-0.111646,0.756567,0.23071,-0.562508
0.479266,-0.375887,0.573531,0.458672,-0.299142
0.335111,0.42265,-0.620346,0.498567,-0.277265
0.280295,-0.171506,0.522875,-0.436115,-0.651419
-0.429027,-0.149518,-0.405515,0.475071,0.635473
-0.693145,0.0752215,0.0606938,-0.385238,0.600176
-0.233075,0.178459,-0.615105,-0.661711,-0.310546
0.837403,0.2663,0.277482,0.227281,-0.318808
0.473932,-0.670379,0.479897,-0.278366,-0.127111
0.460355,-0.712046,-0.317668,0.108437,0.409505
-0.325718,-0.414225,0.618431,-0.0254996,-0.582143
0.498946,0.264465,0.406801,-0.243884,-0.67477
0.789578,0.0144113,0.397738,-0.442723,-0.153222
0.626641,-0.390646,-0.141483,0.653474,0.066223
-0.36313,-0.0203865,0.18659,0.444733,-0.795662
0.574665,0.26528,-0.479552,-0.358173,-0.490734
0.166095,0.31242,-0.818746,0.423698,0.156131
-0.601081,-0.299523,-0.379568,-0.467076,-0.428392
0.190018,0.722021,0.481416,0.140203,0.437185
-0.40897,0.514995,0.645282,0.0769891,-0.381187
0.927443,0.229866,-0.0179357,-0.263656,0.119717
-0.214473,-0.8174,-0.33797,0.41114,-0.0606937
-0.326374,0.43744,0.123773,-0.0804929,0.824332
-0.905422,-0.194034,0.369055,-0.0840298,-0.0237107
-0.852512,0.0858827,-0.297502,0.339395,0.248234
-0.58921,0.36794,0.544953,-0.142825,-0.445478
-0.34223,0.426069,0.610104,-0.0423312,-0.569907
-0.0456858,0.461843,-0.065635,-0.45678,0.755164
0.161014,-0.176731,-0.0844765,0.367524,-0.895276
-0.397974,0.017336,0.902326,-0.159783,0.0384418
-0.242169,0.921792,-0.0523425,-0.0471472,0.293563
-0.224304,0.480488,-0.32178,0.57211,0.538341
-0.0158028,-0.070807,-0.0562073,0.993052,-0.0717935
0.490759,0.342662,-0.413332,-0.0817032,-0.682823
0.297331,-0.297467,0.129787,0.651376,-0.618308
-0.466472,0.0951738,0.813538,-0.117995,-0.316191
-0.604814,-0.724317,-0.000481132,-0.325021,-0.0864087
-0.463653,-0.343574,-0.460392,-0.451925,-0.498801
0.609454,-0.588453,0.391103,-0.281005,-0.217654
-0.751179,-0.61571,-0.163286,0.108633,0.141316
-0.44205,0.526167,0.148775,-0.328602,-0.63406
0.296416,0.259845,0.80285,-0.359183,-0.264135
0.597454,-0.179489,-0.577595,0.391661,-0.347984
-0.00348773,-0.524464,-0.296701,-0.599219,-0.528525
0.0743166,-0.0623188,0.808804,0.421999,-0.401952
-0.565379,0.1703,-0.3233,-0.622999,0.396762
0.848153,-0.263962,0.119768,0.443781,-0.00499215
-0.366908,-0.46001,0.642267,0.31187,-0.380879
-0.392375,0.345437,-0.230827,0.411204,-0.711295
-0.187373,0.829645,0.384857,-0.342387,-0.110891
0.751067,-0.342338,-0.379294,0.412084,-0.065825
-0.0641354,0.396364,0.642051,0.260101,-0.600164
0.348824,0.79838,-0.031487,0.175038,-0.462985
-0.322893,-0.83087,0.239543,0.105239,0.37291
-0.511875,-0.308116,0.46779,-0.158824,0.633183
0.00508994,-0.738193,0.0489576,0.605262,0.294172
-0.500208,0.75323,0.378431,-0.186993,0.0596638
-0.110963,0.586952,-0.301214,-0.618686,-0.412847
-0.636873,0.421796,-0.432575,0.119876,0.462114
0.164077,0.42136,-0.0320661,-0.779716,0.424569
0.447449,0.584319,-0.0750012,0.671371,0.0031761
0.463321,0.341934,-0.794621,0.0100601,-0.187482
0.296882,-0.158646,0.0122623,-0.477687,0.810904
-0.386491,-0.343314,0.285126,0.647947,0.478931
-0.0171243,0.699159,0.210507,0.650632,0.214866
0.319029,-0.470431,0.443261,0.362151,-0.591669
0.465998,0.162986,0.83073,-0.232797,0.1136
-0.530717,-0.62242,-0.434643,0.0811494,0.370446
-0.528313,-0.0668382,0.529933,0.441866,0.4899
0.0244508,-0.468401,-0.22567,0.500647,-0.694892
0.228189,0.277882,-0.568988,0.740116,0.0609842
-0.219372,-0.0169077,0.536054,-0.700611,-0.417457
-0.555971,-0.529654,-0.369357,-0.498039,0.161492
-0.583686,-0.548862,0.466577,0.0909226,0.361346
0.122135,0.741076,0.575961,-0.2122,0.240665
0.457564,-0.595299,-0.41101,-0.429523,0.287428
-0.716193,0.0807259,-0.272706,-0.451762,0.449259
-0.268725,-0.687935,-0.448946,0.466972,0.183959
-0.400929,-0.689304,-0.0301205,-0.520722,0.308285
0.130426,0.675621,-0.652111,-0.0908398,-0.307464
0.520904,-0.54578,0.240766,0.441998,0.418996
0.307093,0.674217,0.548661,0.338653,0.192112
-0.350234,0.326502,0.621396,-0.318299,0.53178
-0.151436,-0.216331,-0.109874,0.806454,0.520458
0.0117125,0.0592923,0.536912,-0.382064,0.752453
-0.587326,0.457722,-0.226011,0.154091,-0.611231
-0.0440402,-0.416595,0.333917,0.824352,-0.18646
-0.70253,0.124177,-0.64944,-0.152238,0.21867
-0.395829,-0.301575,0.810474,-0.288915,0.117154
-0.439383,0.495689,-0.278146,0.356135,0.59673
-0.453786,-0.805408,0.0535475,0.310292,-0.215162
-0.36832,0.037415,0.62265,-0.628829,-0.283271
0.47411,0.703242,0.176718,0.365341,0.341764
0.867458,0.200022,-0.268909,-0.21067,-0.304786
0.171887,0.666286,0.288493,-0.351791,0.566278
0.469146,0.704695,0.110303,0.307458,-0.4225
-0.733366,0.329538,0.490845,0.303932,0.144361
0.276098,0.869487,0.17858,0.0517272,0.365979
0.470428,0.149278,-0.713411,-0.471944,0.15628
0.536566,0.0421283,-0.35548,-0.169226,0.744627
0.217497,0.757702,0.401759,0.454659,0.127836
0.0850972,-0.346268,-0.122953,0.279762,-0.883065
-0.298224,0.602958,-0.702215,-0.023631,-0.235271
-0.319383,0.231691,-0.535442,-0.72137,-0.203753
0.828464,0.352864,-0.42712,-0.0144987,-0.0890432
-0.242661,-0.727368,-0.424033,-0.47638,0.0911974
0.281916,-0.658446,0.631348,0.201222,-0.222076
-0.7065,-0.111804,-0.543164,0.436895,0.0628976
-0.533549,0.629904,-0.133207,-0.460278,0.298625
-0.158462,-0.22627,-0.321736,0.350007,-0.835003
-0.210876,0.852222,-0.147302,0.456113,-0.0203076
-0.549233,-0.0874825,0.742917,-0.0130493,0.371606
0.0930499,0.639508,0.0565454,0.275238,0.712024
0.374191,-0.109758,-0.265839,0.246664,0.846595
0.07661,-0.712145,-0.643326,0.264693,-0.0766122
-0.482219,-0.345679,0.265674,-0.756903,-0.0839892
0.771182,-0.187503,0.0288924,-0.116026,-0.59706
0.013539,-0.487571,0.534514,-0.525518,-0.44645
-0.798319,0.513653,-0.172256,-0.0971036,-0.244351
-0.216829,0.141814,0.678582,-0.665893,0.168585
0.398492,0.510826,-0.521824,-0.02904,-0.552708
0.361822,0.874382,-0.00703121,-0.320957,-0.0189417
-0.775702,0.1831,-0.433271,-0.0456023,-0.414705
0.888509,0.0262366,-0.259434,0.256053,-0.273323
-0.861226,-0.204695,0.341687,0.049051,-0.313295
-0.0662727,-0.0667245,0.703262,-0.704375,-0.039341
-0.621038,-0.3883,0.492133,-0.438787,0.1746
0.0633657,-0.462678,0.386491,-0.0596023,-0.793479
0.505351,0.574446,0.165069,0.016154,0.622532
0.110085,-0.603938,0.521253,-0.353833,-0.475456
-0.340071,0.00170923,-0.0792452,0.884554,0.31193
-0.317002,-0.0296987,-0.678992,0.660344,-0.0404394
-0.0212651,0.448771,0.148186,-0.342497,-0.812784
-0.293772,-0.13978,0.741857,-0.335665,-0.477811
-0.136249,0.618118,-0.569489,-0.313487,0.421051
0.637138,-0.676527,-0.111614,0.296745,0.191476
0.288433,0.290119,0.68408,-0.154732,-0.581216
-0.238021,0.74528,0.21915,-0.575623,0.10332
0.489061,-0.373457,0.609809,-0.436195,0.243521
0.588505,-0.181316,-0.343349,0.28411,0.648731
0.86551,0.0390687,-0.243235,0.0307805,-0.431138
-0.512662,0.0662767,-0.733389,0.436166,-0.0678952
-0.163453,-0.658641,-0.407309,0.3914,-0.46736
-0.74417,-0.129787,0.270385,0.212545,-0.556278
-0.424633,0.466705,-0.134049,-0.700586,-0.303695
-0.0266131,-0.272625,-0.308717,-0.900636,0.141502
0.217426,-0.499556,-0.441894,0.629558,0.328817
0.37377,-0.00250335,-0.739085,0.203795,0.522983
0.747059,-0.602657,-0.201205,-0.188706,0.0330136
0.549388,-0.267176,-0.208471,0.497973,0.577946
0.340055,-0.821786,0.278326,0.219936,0.291293
-0.219932,0.1792,-0.521785,-0.162178,0.787162
0.473719,0.821482,-0.261833,-0.0749049,0.162246
0.456536,-0.374893,-0.437324,-0.670102,0.0955319
-0.0263236,0.197169,-0.638211,-0.446217,0.594277
-0.0746065,0.294921,-0.356812,-0.824803,0.317697
-0.0435881,-0.449946,0.303859,-0.839273,0.0199646
0.744626,0.161918,0.493406,0.418676,0.0326269
0.233906,0.439244,-0.461709,-0.284391,-0.678869
-0.888642,-0.102247,0.00642917,-0.39074,-0.221188
-0.272486,0.0959196,-0.43184,0.690475,-0.507015
0.193979,0.186244,-0.285544,0.796082,0.461106
0.285639,0.828951,-0.276683,0.173445,-0.35032
0.382018,0.222559,-0.835937,0.323858,0.0209011
0.0144524,-0.327911,0.618112,-0.698716,-0.155505
0.269165,-0.101682,0.737679,0.229397,0.566319
0.477214,-0.216143,-0.254173,-0.272044,-0.766659
-0.6165,-0.161315,0.110825,0.678864,-0.344927
0.123133,0.637558,-0.358804,0.585214,-0.327394
0.452377,-0.766226,0.223431,0.304168,0.257642
0.000842221,-0.745095,0.358747,0.349796,-0.437752
0.119494,-0.0206533,0.965437,0.181214,-0.138476
0.333123,-0.283333,-0.593444,0.521627,-0.430122
0.69502,-0.408381,-0.149315,-0.414133,0.39578
-0.234629,-0.0390605,0.443295,0.103205,0.858078
-0.53265,0.501657,0.0343065,0.222513,-0.640751
0.893523,0.143273,0.257872,0.0496899,0.332512
0.321577,0.647686,0.00307224,0.041245,0.689279
-0.602158,0.208715,0.739871,-0.172161,-0.125262
0.177198,0.421789,-0.307913,-0.330886,0.762926
0.221058,-0.219225,-0.0103698,-0.927851,0.213824
-0.181558,0.401718,-0.531154,0.326297,-0.644084
-0.333501,0.652879,0.261002,0.569851,-0.265508
-0.235597,0.448091,0.387193,-0.432229,-0.636996
0.671483,-0.499431,0.218213,0.233678,0.442692
0.800502,-0.0259658,-0.538123,-0.0714484,0.252425
0.0594031,-0.788807,0.0677554,0.0302725,0.603841
-0.577015,0.700365,-0.333326,0.161372,0.200135
0.0443967,0.0398124,-0.765935,0.571305,-0.283849
-0.00605447,0.187894,-0.158581,0.913075,0.330706
-0.818733,0.39998,0.329186,-0.196814,0.145916
0.216614,0.130144,0.121791,0.149151,0.949457
-0.135048,0.129314,0.455084,0.588877,-0.640046
0.826997,-0.141643,-0.364489,-0.320284,0.253014
0.470238,-0.487605,0.243969,0.638022,0.26562
0.258742,0.39783,0.811555,-0.0904634,-0.334963
-0.0453358,0.405337,-0.503697,-0.0365366,-0.761851
0.115897,-0.00548983,0.708617,-0.557161,0.416399
0.41035,0.721708,0.460287,-0.26163,0.171694
0.479089,0.335415,0.790526,-0.0973892,-0.149745
-0.496237,0.346592,0.760694,0.0548971,0.225046
0.206586,-0.36971,-0.808305,0.375994,-0.161104
-0.319148,0.629773,0.225461,0.661499,0.107735
0.0255124,-0.342351,0.818473,0.0534487,0.458269
0.414482,0.211347,0.135498,0.847825,-0.223927
0.207125,-0.318687,0.412289,0.555196,0.615213
0.361455,-0.158823,-0.849038,-0.267769,-0.221703
-0.639777,0.137674,-0.714386,-0.00487024,-0.251936
-0.604886,0.503379,-0.297481,0.5412,0.0135211
-0.154811,0.0366534,-0.923573,0.216314,-0.269462
0.0165406,0.192659,-0.779337,-0.591892,-0.0843643
0.324817,-0.818084,-0.0178846,0.269131,0.393334
0.113232,-0.0651175,0.485362,-0.625875,-0.599401
-0.859655,0.121313,-0.0211976,-0.322787,0.377772
0.178893,-0.150294,-0.971718,0.0333531,-0.0497338
-0.101295,0.0743247,0.876626,0.416597,0.207736
0.213504,-0.507524,-0.256843,0.161639,-0.775661
-0.557,0.386864,-0.0281066,0.562802,0.472021
-0.37723,-0.139989,-0.0624054,0.550374,-0.728058
0.394296,0.209005,0.49695,-0.618444,0.416402
-0.406553,-0.902578,-0.118265,-0.0580403,-0.0273457
0.163823,0.642809,-0.424785,0.439778,-0.429894
-0.289415,-0.626938,-0.576842,-0.132111,-0.417066
-0.953218,0.198169,-0.0513537,0.179154,0.130492
-0.0304767,0.222051,-0.0855569,-0.212997,-0.948442
-0.0349644,-0.384732,0.447482,-0.211946,0.778293
0.236874,0.0114014,-0.169718,-0.947282,-0.140323
0.0129448,-0.400873,0.154622,-0.542853,0.721547
-0.0917678,0.163152,-0.667105,-0.562844,0.454107
0.0974445,-0.514504,0.759806,0.382108,0.0113408
-0.885047,-0.0992331,-0.0629507,0.0430146,0.450147
-0.403176,-0.0722969,0.716249,0.0114174,0.566745
-0.153944,-0.29134,-0.694251,-0.476569,0.426029
0.112487,0.107427,0.978804,-0.138097,-0.0189409
0.331466,-0.431077,-0.069495,0.518101,-0.656562
-0.5286,-0.713836,-0.0715174,0.167428,0.421643
-0.284729,0.21428,-0.596105,0.706402,-0.141353
0.452334,-0.369525,0.267978,0.54462,-0.540212
-0.502969,-0.177428,-0.714933,0.431722,0.139194
-0.136674,0.0894938,0.50874,0.240349,0.808489
-0.124698,-0.629355,0.0151315,-0.194683,0.739958
-0.054671,0.691109,0.546753,0.440637,0.150206
0.883437,0.184809,0.424623,0.0106187,-0.0595395
0.732067,-0.20727,-0.2394,-0.591657,-0.122525
-0.20602,-0.660666,0.227095,0.243605,-0.640334
-0.671264,-0.355874,0.3723,0.51256,-0.144871
-0.62783,-0.139766,-0.385939,-0.558088,0.357723
-0.805959,-0.115079,0.566643,-0.0973091,0.0471032
0.221412,-0.922451,0.0660513,-0.247129,0.174163
0.263819,-0.778015,0.208799,0.441419,-0.296834
-0.325299,-0.254907,0.407206,-0.787424,-0.210253
0.496324,-0.115408,0.428449,-0.715692,-0.208274
-0.134283,0.361769,0.761364,-0.514359,-0.063447
0.0743777,-0.406307,0.131932,0.400195,-0.807045
-0.719101,0.692961,-0.0105197,0.00997541,-0.0712404
0.731571,-0.191425,-0.467121,0.290392,-0.351382
0.0151623,0.594849,-0.0932757,0.459459,0.653902
0.639019,0.0968106,-0.146453,0.717166,0.219207
0.0863227,-0.519678,0.439187,-0.726804,0.0030982
-0.796107,-0.260351,-0.131688,-0.286564,0.449745
0.0900949,0.535629,-0.808697,0.215665,-0.0642872
-0.346165,0.662044,0.27494,-0.604751,-0.052151
-0.417816,0.157857,-0.893019,-0.0609047,-0.0449277
0.350145,0.101943,-0.0542823,0.0345419,-0.930185
0.842802,0.0749422,0.274275,0.439479,0.117823
-0.510329,0.489083,-0.612102,0.116625,-0.336833
0.217567,-0.0273415,-0.801396,-0.508103,0.228191
-0.659937,0.441259,0.130091,0.204977,-0.555323
-0.376138,0.521653,0.286789,-0.298951,-0.642713
0.134817,0.686388,0.0896833,-0.464467,-0.534325
-0.353988,-0.145602,0.240512,0.375688,0.808523
-0.824106,-0.179375,0.376776,0.355612,0.137598
-0.656957,-0.00761371,-0.570208,0.485476,-0.0912269
-0.0367087,-0.732865,-0.109611,0.640404,-0.195732
-0.28211,-0.288085,0.471445,0.777087,0.104489
-0.552937,-0.484036,0.0302923,0.59288,0.326544
0.245185,-0.602661,-0.654453,-0.0913742,0.368561
-0.39164,-0.0929327,-0.140944,0.904441,0.00345367
0.176155,-0.446096,0.717827,-0.50492,-0.0615911
-0.130585,-0.142378,0.279109,0.410018,0.846492
0.643683,0.130493,-0.143644,-0.543833,0.499331
-0.479222,-0.171586,-0.074005,0.513555,0.687358
0.309958,0.483467,-0.681665,-0.247813,-0.376493
-0.508711,0.544139,0.470811,0.473002,-0.0264343
0.393743,0.343135,0.518338,0.602633,-0.303182
0.310735,-0.620329,-0.570448,0.421602,0.130741
-0.536776,-0.250209,0.0710642,-0.753665,-0.274709
-0.600979,-0.791864,0.064279,0.084744,-0.0540791
-0.788884,-0.505853,-0.258649,-0.227757,-0.0466894
0.446675,-0.234215,0.597296,-0.28214,-0.551415
-0.468493,-0.732789,0.0776824,0.374433,-0.311213
-0.345766,0.133953,-0.265008,0.85865,0.233039
-0.697667,0.642206,0.0963878,0.0697592,-0.292135
0.750043,0.595693,-0.187207,0.076397,-0.206511
-0.714746,0.131676,-0.251901,0.359628,0.532275
-0.296403,0.117207,-0.157216,-0.168282,-0.92074
-0.533618,-0.227995,-0.424382,-0.669274,-0.181138
0.353543,-0.739519,0.563558,0.0941255,-0.036622
-0.526398,0.236318,0.675225,0.460051,0.00855611
-0.155138,-0.129494,0.0551571,0.0332782,0.977063
0.0242965,0.216937,-0.246021,-0.849294,-0.416272
-0.634177,-0.247672,-0.462538,-0.0995149,-0.558645
-0.592745,0.565685,-0.243797,0.439812,0.277295
0.0737806,-0.562716,-0.725091,0.388229,-0.0419374
-0.338301,-0.150825,0.63038,-0.549079,0.408025
-0.143892,0.277149,0.596564,-0.0439033,0.737303
0.409743,-0.700317,-0.581204,0.00818232,0.0466442
0.155528,0.767292,0.00271116,-0.556839,0.274171
-0.504833,-0.197306,-0.814343,-0.0529536,-0.202261
-0.153954,-0.173275,0.334629,0.125158,0.903901
-0.163498,-0.33771,0.645484,0.42742,-0.511103
-0.346173,0.0998223,0.925841,-0.106764,0.0124954
0.0176655,-0.196001,0.12746,-0.115847,-0.964184
0.207379,0.178934,-0.368556,0.294261,-0.840668
0.299804,-0.564752,-0.19093,-0.553328,-0.498206
-0.202967,0.641747,-0.013959,0.599864,-0.435287
0.442489,-0.140158,0.227374,0.568616,0.642556
0.657032,-0.501518,-0.0444713,0.241209,-0.507335
-0.267327,0.681085,0.054985,0.057121,-0.676476
0.086476,-0.908602,-0.326447,-0.234298,0.0753777
0.582163,0.77758,-0.156457,-0.142421,0.110135
0.299784,-0.421989,0.482578,0.488243,-0.509394
-0.547875,0.21139,0.445115,0.647568,-0.182918
-0.457743,-0.00499,0.357813,-0.249353,0.773817
0.0995477,-0.850851,0.335312,-0.378833,-0.0964122
0.0549377,-0.106101,-0.714155,0.182585,-0.665505
0.295912,0.551599,-0.308289,0.706739,0.127592
0.474508,-0.628114,0.276798,0.545446,-0.0782949
-0.105737,0.154403,0.262504,0.635206,-0.701062
-0.700244,-0.0321599,-0.517872,-0.014961,-0.492137
0.0697605,-0.464568,-0.431414,-0.265589,0.724854
-0.528997,0.0516813,-0.808444,0.252358,-0.0202105
0.465869,0.337217,-0.00532709,-0.553105,-0.601481
-0.219825,0.918324,-0.284568,-0.123622,-0.114272
-0.538587,-0.38272,0.00794185,-0.674739,-0.324372
0.0134892,-0.459462,0.247091,0.204815,0.828554
0.330427,0.630794,0.215613,0.665292,0.00775786
0.678042,-0.31858,-0.355529,0.559807,0.00819329
0.56274,0.373823,-0.0705118,-0.08503,0.729113
-0.749795,-0.179338,0.456193,0.325276,0.301082
0.591761,0.343211,0.22663,-0.411311,-0.557797
0.665665,0.130642,-0.27078,0.56784,-0.38054
-0.00474794,-0.149904,0.0227492,0.656504,0.738376
0.556895,0.0642895,0.168565,0.701139,0.409177
0.585979,0.659167,-0.000106236,0.472462,0.0363437
-0.287814,0.599216,0.555234,0.48865,-0.104672
-0.349751,-0.649837,-0.542695,0.274933,0.297883
0.322838,0.0866174,0.131724,0.921316,0.145014
0.199169,-0.543137,0.0194488,-0.808235,0.10913
-0.74532,0.227164,0.235862,0.11486,0.568437
-0.32996,0.337906,0.0691953,0.509225,-0.714466
-0.724034,-0.151711,-0.479847,0.229923,-0.406612
0.278276,-0.176168,0.0544489,-0.876144,0.34777
-0.263548,-0.18147,-0.857264,0.276136,0.294413
-0.374672,0.661779,0.539218,0.181093,-0.310922
0.795775,-0.39229,-0.444203,-0.118422,-0.00304495
-0.377464,0.247813,-0.22705,-0.86071,0.0431039
-0.0475022,-0.57457,0.525165,-0.620109,-0.105296
0.11714,0.919858,0.322521,-0.0649539,0.167978
-0.0982842,0.390216,0.902252,0.128434,-0.0758485
0.458811,0.085182,-0.301333,0.319392,-0.768019
0.433099,-0.302193,0.016899,-0.280963,0.799981
-0.218794,-0.87154,0.339584,-0.271697,-0.0636568
0.642137,0.366286,-0.0934835,0.646806,0.168631
0.713484,-0.148952,-0.0758874,0.0455816,0.677768
0.07623,-0.681158,-0.440686,0.0345873,-0.579838
0.111157,-0.10869,-0.20016,0.622768,0.73894
0.136819,-0.702003,-0.317663,0.311893,-0.540483
0.438157,-0.521645,-0.251072,0.425185,-0.538714
0.640658,0.452716,-0.288647,-0.414328,0.359251
0.00775639,0.851063,0.130084,0.0911288,-0.499851
0.245861,-0.225057,-0.851512,-0.333602,-0.226727
-0.295388,0.943203,0.00445679,0.10578,0.114064
-0.462255,0.135341,0.607816,0.352452,0.525215
-0.251308,0.597832,0.0919464,0.683218,0.316972
0.128935,-0.733787,0.175437,0.00937302,0.642437
-0.341083,-0.153317,0.76677,0.332898,-0.399767
0.797039,0.059863,-0.496292,0.17868,0.284048
0.5815,-0.70191,-0.391619,0.0504652,0.124679
0.112426,0.372747,0.415923,0.153586,-0.806617
-0.342873,-0.318664,-0.847796,-0.118195,-0.211347
0.262422,0.20944,0.0801641,0.848568,0.400282
-0.35557,-0.603019,-0.439336,-0.331372,-0.45798
-0.23874,0.49709,0.0687164,0.796401,0.239713
-0.412594,0.473882,0.773738,0.0817098,0.0191328
0.769801,-0.00296797,0.0549151,0.351247,-0.529085
0.417855,0.209922,0.23121,0.842495,-0.139975
-0.302853,0.636077,0.336909,-0.310846,-0.540519
0.00525122,0.598161,-0.341671,0.614012,-0.381149
-0.920514,-0.0529386,0.160376,0.34949,-0.0335899
-0.575879,0.207481,-0.156014,-0.290773,0.719232
0.327882,-0.404887,0.114139,0.758878,0.371679
-0.634159,0.596373,0.29326,0.0711302,0.38835
0.595541,0.209317,-0.0240762,0.452526,0.630238
-0.301948,0.401689,0.334635,-0.44238,0.662442
0.706051,0.378752,0.479479,0.346682,0.0777037
0.207462,-0.139789,0.636898,-0.725875,-0.0742737
0.282454,0.0217805,0.0537231,-0.0186216,-0.956716
-0.57589,0.331368,-0.595435,-0.360683,-0.268436
-0.834596,0.28735,-0.192534,-0.301058,-0.300585
0.766673,0.108712,-0.427632,0.0990633,-0.456794
0.668141,0.0806551,0.255789,-0.469245,-0.50913
0.635844,-0.606734,-0.448832,0.0459431,-0.153199
0.366497,0.122353,0.224424,0.88951,0.0889905
-0.424044,0.44178,0.523208,0.303046,-0.509196
-0.316184,0.306414,-0.819724,0.0573513,-0.362908
-0.490529,-0.619706,-0.193978,-0.192809,-0.548516
-0.273936,-0.89896,0.162788,0.209489,-0.218781
0.506983,0.204684,0.560002,-0.531515,0.320734
-0.0221171,-0.263297,0.027345,-0.569394,-0.77819
0.436309,-0.691989,0.25949,0.501306,0.113569
-0.500455,-0.671806,-0.116835,-0.377766,0.371237
-0.381585,0.682908,0.188606,-0.409154,0.432209
-0.346162,0.260558,0.202333,0.165811,0.862139
0.366904,0.269347,-0.757283,0.357084,-0.301326
-0.27326,0.687625,-0.232145,-0.444632,-0.447239
0.165167,-0.0122024,0.70819,0.654572,0.211593
-0.158185,0.571724,-0.280647,-0.689783,-0.311549
-0.52188,-0.276409,-0.327479,0.14637,-0.721633
0.46739,-0.204113,-0.402522,-0.734053,-0.200877
-0.03304,-0.932348,-0.0336275,0.19984,0.298986
0.0657475,-0.65277,0.657461,-0.159358,0.331293
-0.050757,-0.358639,0.905614,-0.140615,-0.179236
-0.353898,0.313483,-0.186772,-0.797314,0.325869
0.732515,0.304385,-0.266871,0.197937,0.508605
-0.215372,-0.111763,0.857639,0.0829462,-0.446806
0.502642,-0.109566,-0.753467,-0.402166,0.0489916
-0.56583,-0.233859,-0.607772,-0.373843,-0.341369
-0.1523,-0.205703,0.658091,0.368344,0.604491
0.351628,-0.510815,0.258657,0.291678,-0.67968
-0.764749,-0.00559973,-0.486449,-0.409618,0.0884101
0.47203,-0.656929,0.209856,-0.20217,0.510422
-0.569953,0.50071,-0.588198,-0.270391,0.0925851
0.0674828,0.0791777,-0.157135,0.454174,0.870149
0.110304,-0.32866,0.563166,0.44439,0.605888
-0.183591,0.293114,0.482218,0.497991,0.631135
0.468994,0.513734,0.336939,-0.620907,-0.11398
-0.234028,0.511663,0.403607,-0.36479,0.623038
0.431608,-0.138279,0.361018,0.809202,-0.0844129
-0.155836,-0.253641,0.809251,0.408687,0.298247
0.122688,0.235551,0.695472,0.315518,-0.591611
0.284674,-0.0356579,-0.894318,-0.270036,-0.21242
0.0831996,0.487259,0.5887,-0.489052,-0.409895
-0.101139,0.0943621,-0.309571,-0.242116,-0.906516
-0.588156,0.0237181,0.137305,-0.154997,-0.781836
-0.349,-0.57403,-0.171549,-0.159285,0.701607
-0.167595,0.438911,0.349987,0.269392,0.762632
-0.327679,0.0727825,-0.372482,0.852415,-0.13844
0.658389,0.146178,0.738109,-0.0719326,-0.00339838
-0.479882,-0.328329,0.348333,0.604771,-0.417336
-0.151608,-0.78694,0.550652,0.206392,-0.0991622
0.457136,-0.357305,0.528933,-0.603216,0.14497
-0.271826,0.316952,0.00716225,-0.613074,0.673818
-0.433637,-0.681546,-0.400125,-0.00803426,-0.428569
-0.140334,-0.399393,0.296408,0.220729,-0.828279
0.923451,0.201894,0.0965008,0.300775,0.068046
-0.64825,0.186665,-0.037094,0.720663,0.155007
-0.307404,-0.687926,-0.304655,-0.0540298,-0.583097
-0.350513,-0.287054,0.690472,-0.553928,-0.0959568
0.487765,0.771275,-0.224868,-0.251328,-0.226542
0.155363,0.0973631,0.231819,0.749464,0.592664
0.400249,-0.422232,0.00646621,0.297505,0.757946
0.0771431,0.665694,0.618785,0.00451208,-0.409397
-0.507149,-0.223229,-0.0577618,-0.816373,0.153175
-0.463119,0.788177,-0.1495,-0.36796,0.090555
-0.13716,0.0375199,-0.364897,0.638814,-0.661146
-0.337622,-0.454142,0.370002,-0.278789,-0.68465
0.180757,-0.853689,-0.0211203,-0.234023,-0.430224
0.0222932,0.00571826,-0.897,-0.34865,-0.275264
-0.45024,0.107387,0.788578,0.407771,0.0130099
-0.105419,-0.218411,-0.084539,0.940208,-0.219834
0.493979,0.233342,0.0904354,-0.225308,0.801764
-0.480336,0.148595,-0.540199,0.140167,-0.65987
-0.531914,0.255803,0.43975,0.566307,-0.371681
0.648706,0.447657,-0.392352,0.470208,0.0707223
-0.35872,0.622548,-0.39375,-0.483479,0.308654
0.0162692,-0.0156195,0.727438,0.0246464,0.685028
-0.134687,-0.156406,-0.549991,-0.788161,0.184095
0.892961,-0.140009,0.347779,-0.25116,-0.0200466
0.840718,0.0748837,-0.267566,-0.355288,-0.302762
0.0931646,0.18686,0.392137,0.674528,-0.587368
-0.086745,-0.703968,0.300728,-0.46789,-0.430828
0.0714792,0.549375,-0.723254,-0.411519,-0.0455154
0.350974,-0.00289841,-0.357077,0.864796,-0.0353848
-0.598315,0.0188371,-0.727265,-0.33012,-0.0209432
0.527916,0.587111,0.0575972,0.609918,-0.055082
0.737353,-0.252183,0.504543,-0.277093,-0.246547
-0.00700835,0.600126,0.611529,-0.428355,-0.291594
-0.379925,-0.47831,-0.540145,0.304154,-0.492039
0.0574609,0.960405,-0.107457,-0.0608812,0.240819
-0.139526,-0.4377,-0.643817,-0.572249,0.218447
0.518842,-0.556847,0.0248556,0.59625,-0.251495
-0.13481,0.841544,0.399677,0.107041,0.321385
0.66847,-0.442893,0.435973,0.344261,-0.221943
0.125973,0.127315,-0.188619,0.39115,-0.884442
-0.32692,0.376512,-0.590315,0.52121,-0.365745
-0.41499,-0.667829,0.102348,-0.349566,-0.50118
0.000781988,-0.217951,-0.131992,-0.639593,0.726454
0.554676,0.265598,-0.22951,0.704794,-0.271046
-0.294966,-0.173208,-0.674493,0.651832,-0.0190728
0.258408,0.549299,0.331584,0.626233,-0.356765
0.243417,-0.31313,0.484019,0.779494,-0.00402242
0.614113,-0.43418,-0.570829,-0.172261,-0.282994
0.631332,-0.55144,0.169732,0.0632871,0.513965
0.0265377,-0.626472,0.358488,0.0786199,0.688695
-0.610066,-0.249105,0.587764,0.397664,0.246542
0.775984,0.127813,-0.360032,-0.501945,0.00965423
-0.133061,0.352165,-0.661278,-0.583879,-0.283485
-0.493276,0.112587,-0.342182,-0.535148,-0.582468
-0.38333,0.101495,0.586048,0.627824,-0.323581
0.496803,0.620623,0.232858,0.552587,0.0825778
0.413983,-0.032995,0.521807,0.00180435,0.745672
0.46893,0.364377,0.0365964,0.0184475,0.804392
-0.10626,0.170108,0.832535,-0.0741662,-0.508973
-0.181114,0.571139,0.345914,0.717471,0.075436
-0.373597,0.217139,-0.648416,0.623845,-0.05171
0.556003,-0.572958,0.195645,-0.0541174,0.567659
0.489045,-0.312957,-0.480629,-0.368585,0.544651
0.230052,0.229454,-0.00081793,0.789377,-0.524174
-0.263311,0.344384,-0.710589,0.519877,-0.1915
0.53205,-0.398278,0.108262,-0.327336,0.663762
0.286355,-0.459311,-0.169901,0.727044,0.386086
0.668235,-0.0258953,0.70616,-0.0736971,-0.219594
0.0381031,-0.333577,-0.366505,0.0483976,-0.863869
-0.231896,-0.77706,-0.307947,0.386467,-0.31468
0.0733702,0.241016,-0.786325,-0.146246,-0.543791
0.342188,0.450802,-0.523843,0.222158,-0.595517
0.268845,-0.566467,-0.63582,-0.449285,0.0411991
0.31564,0.316679,-0.391715,-0.101271,0.79937
0.21341,-0.547524,0.000484529,0.249599,0.768444
0.180247,0.333305,-0.842461,-0.301623,-0.237344
-0.275922,0.659074,0.500824,-0.23205,-0.430938
-0.243444,-0.253913,0.432449,0.296006,-0.7786
-0.0793041,0.852583,0.389203,0.0661368,-0.328358
0.422751,0.0714429,0.597643,-0.607657,0.302357
-0.251196,0.0090819,-0.863996,0.245146,0.362654
0.169559,-0.562717,-0.470061,0.023728,-0.6591
0.436154,0.550963,-0.627524,0.162427,0.296149
0.0632121,-0.0431275,0.134882,0.255245,-0.955009
-0.549308,-0.220556,0.0212385,0.805147,-0.0333718
-0.396636,0.599449,-0.00955001,0.694136,-0.0387628
0.121729,-0.531124,-0.0689908,-0.210536,0.808399
-0.13583,-0.533231,0.764462,-0.186013,-0.276093
-0.123366,-0.61253,-0.542124,0.0964083,-0.551276
-0.206179,0.0753014,0.753062,-0.175964,-0.593251
0.225958,0.68646,0.210539,-0.510464,-0.413572
0.111054,-0.210314,0.893999,0.190274,-0.328172
0.550312,0.35953,0.0221529,-0.520868,0.546577
0.496235,0.0116134,-0.30939,0.417078,-0.697042
0.306999,0.364112,-0.407713,-0.222699,0.746065
-0.139906,-0.868779,0.417524,0.0610322,0.211971
-0.378942,-0.362603,-0.0568093,0.135577,-0.837681
0.246242,0.400145,0.187861,0.355116,0.786186
0.386052,0.83362,-0.353591,-0.171522,0.0610848
0.61034,0.0150602,0.184104,-0.12065,-0.761332
-0.571297,-0.39944,-0.266923,0.654634,-0.136454
-0.307115,0.321121,-0.481177,-0.109506,-0.745842
0.0367282,-0.188642,0.973002,0.109946,0.0422962
-0.0484174,0.0892756,0.219211,-0.962778,-0.124311
-0.342155,0.580379,-0.219188,0.672077,-0.21823
0.475298,-0.0382413,-0.5482,0.684815,-0.0641082
-0.752959,-0.157188,0.262496,0.58017,-0.0483882
-0.694301,-0.302487,-0.465831,-0.0424733,0.457677
-0.77411,0.459941,0.321808,-0.0409989,-0.29156
0.465124,-0.0466499,-0.786304,0.289759,-0.283367
-0.802505,-0.172312,0.123362,0.323399,0.455784
0.510994,-0.0852933,0.758865,0.317863,-0.2345
0.326322,-0.8873,0.0144875,0.10694,0.304415
-0.703829,-0.63901,0.183333,0.243142,0.0444903
0.00242461,-0.567969,-0.771854,0.114729,-0.256962
0.236819,0.398718,0.327658,-0.47348,0.671489
0.368553,-0.0241873,-0.634393,0.337319,-0.588401
-0.252759,0.313958,0.781528,-0.443543,0.185278
-0.673379,-0.188206,-0.633551,0.245433,0.223374
0.203282,0.853396,0.322825,0.154226,0.328331
-0.119874,-0.808602,0.551483,0.0498326,-0.158482
0.213228,-0.586159,0.171841,-0.762593,-0.0479819
-0.249293,0.0880125,0.389175,0.878225,0.0991673
0.570034,0.172729,0.655532,0.426174,0.193809
-0.355789,-0.665324,-0.60376,0.149835,-0.204991
-0.150887,-0.480446,0.258984,0.629354,-0.53187
0.286407,0.447805,-0.495019,0.650609,0.224867
-0.146921,-0.561963,0.1393,-0.187061,-0.778309
-0.808304,0.389307,0.390998,-0.180075,-0.0698366
0.229921,-0.667985,0.0576323,-0.170186,0.685164
0.506561,0.832271,-0.185858,0.119518,-0.0668392
0.166902,-0.375742,-0.340543,0.81594,-0.216295
-0.942714,0.20427,-0.236201,0.0208834,0.099727
0.486282,0.0529329,-0.236413,-0.783402,-0.296731
-0.0666164,-0.0490042,-0.20708,0.79969,0.557666
0.544645,0.156681,-0.518603,-0.640373,0.0148599
0.666928,0.0993993,-0.605221,0.388819,-0.167901
-0.60766,-0.663799,0.0965416,0.269814,0.333103
-0.510404,0.127112,0.326975,0.784324,-0.060031
0.211568,-0.338337,0.881628,-0.0697469,-0.239531
0.828412,-0.391462,0.304956,-0.250632,-0.0844008
-0.308146,-0.832321,-0.284049,0.218243,-0.293168
0.260142,-0.235723,-0.332291,0.221338,0.847674
-0.796529,0.108536,-0.310014,-0.337352,0.380206
0.327347,0.417732,0.442893,0.0830823,-0.716485
0.802379,0.469186,-0.0481958,0.0443401,-0.366956
-0.769663,-0.353247,0.0578805,-0.203005,-0.487082
-0.251767,-0.824163,-0.0171942,0.119755,0.489185
0.497327,0.129356,0.738264,-0.233186,-0.368442
0.176485,-0.4254,0.183656,-0.79964,-0.337885
0.157963,-0.143308,0.496001,0.627787,0.558963
0.410048,0.75298,0.212203,0.423124,-0.200263
0.0444895,-0.190267,0.807274,-0.44317,-0.340087
0.291077,-0.371395,-0.639819,-0.540382,-0.280326
-0.164356,-0.366087,0.504081,0.253127,-0.718622
-0.458323,0.54044,0.621311,0.300934,-0.131629
0.206498,-0.593613,0.0515334,-0.639202,0.439291
-0.40824,0.498654,-0.178446,-0.0549966,0.739347
-0.319869,-0.247637,-0.396857,-0.711086,-0.417661
-0.154873,0.56664,0.26367,-0.56498,0.520332
0.673032,0.716818,0.171583,0.0102148,-0.0437758
-0.659075,-0.310108,0.388046,0.551211,-0.127197
0.282902,-0.651187,-0.629915,0.170783,-0.267867
0.0982668,0.411611,0.898745,0.0983882,-0.0628826
-0.0144712,-0.342993,-0.596006,-0.464216,0.558986
0.731181,0.443519,-0.300358,-0.338937,-0.254126
-0.0636945,-0.698702,0.0827164,0.529526,-0.467312
0.265801,0.881919,-0.121136,0.151726,-0.335818
0.175257,0.790114,-0.548631,0.125167,-0.16656
-0.0730644,0.778147,0.525942,-0.0220842,0.333782
-0.256688,-0.363344,0.476633,-0.731685,-0.194724
-0.657141,0.188185,-0.42776,-0.590673,0.0393806
0.0680385,-0.514485,0.262474,-0.797308,-0.162324
-0.149303,-0.498913,0.118519,-0.551039,0.643401
-0.394342,0.539395,0.36479,-0.461083,-0.457857
0.106374,-0.214575,0.862237,0.0139762,-0.446063
0.351176,0.795458,0.464571,-0.0312319,-0.167498
0.0560085,0.495802,-0.428183,-0.417381,0.627923
-0.679904,-0.445349,-0.234892,-0.455407,-0.279345
-0.591759,0.203285,0.435431,-0.45151,-0.463047
-0.482295,0.378688,0.678348,-0.390337,0.104513
-0.227409,0.200027,0.312208,0.714255,-0.548832
0.0642049,-0.811459,0.284852,-0.251446,-0.436414
0.271914,-0.492742,0.802486,-0.160749,-0.123261
0.30884,-0.288716,0.264217,0.252615,-0.827699
-0.312319,-0.610817,-0.351634,-0.396417,0.498793
0.632785,-0.645715,0.295241,0.0307516,-0.307949
0.126445,0.33396,0.0508508,-0.678993,0.637613
0.168464,0.554971,0.0961817,0.653136,-0.47578
0.41513,-0.591395,0.642554,0.0466409,0.25084
0.266727,0.737391,0.568442,-0.211193,0.127172
0.711734,0.148454,0.222106,-0.0526148,-0.645433
-0.178266,0.734591,-0.0737674,0.635675,-0.138966
-0.0396971,-0.677197,0.488767,-0.316562,0.448202
0.232945,0.0488672,-0.425865,-0.0760447,0.868787
-0.157447,0.316796,0.709974,-0.178546,-0.583463
0.23843,-0.592148,0.403591,0.505965,0.41937
0.257625,0.627023,0.354388,-0.167094,-0.621982
-0.571432,-0.320387,-0.693648,0.298386,-0.0219776
-0.282707,-0.204957,0.347591,0.351262,-0.796852
0.870655,0.124262,-0.269972,-0.346902,0.186578
0.135842,-0.299937,0.288814,-0.261589,0.862026
0.158114,-0.317671,0.437428,0.553215,0.616832
0.0990535,-0.522635,0.670137,-0.266446,0.439832
0.497287,0.0179974,-0.469322,0.673387,-0.27689
-0.466062,0.480805,0.342488,-0.65244,0.0818364
-0.0665802,-0.779991,-0.132852,-0.60676,-0.0450548
0.524634,0.292062,0.18591,-0.5045,-0.594952
-0.186819,-0.64228,-0.311548,0.523589,0.4257
0.322856,0.38248,0.0429473,0.752641,-0.42125
0.507584,-0.592226,-0.0973917,-0.0852807,-0.610461
-0.323488,0.637504,0.345845,0.406652,0.45327
0.1929,-0.672016,0.506796,-0.408444,-0.294405
-0.463099,-0.648338,-0.0852563,0.146442,-0.578347
-0.528972,-0.558644,0.115487,0.463504,0.427874
0.684698,-0.458598,-0.264317,0.470337,-0.16018
0.607534,0.00852748,-0.633619,0.184338,0.445544
-0.033134,-0.487489,0.590374,-0.644437,0.0167278
-0.356542,0.346322,0.728986,-0.31691,0.349088
0.140236,0.0315979,0.314512,0.368713,-0.864868
-0.744119,0.173225,0.198478,0.530791,0.309862
0.176313,0.188596,-0.236283,-0.104883,-0.930654
-0.283373,0.463132,0.198049,-0.759077,0.301907
0.632988,0.057326,-0.735809,0.0560322,-0.228741
-0.0373506,0.655981,0.581426,-0.476795,-0.0300211
-0.383451,0.128625,0.199814,0.154981,-0.878726
-0.260993,0.882268,0.366079,-0.126769,-0.0878742
-0.112261,0.66778,-0.159407,0.719658,0.00111605
-0.264688,-0.529848,-0.257088,0.0739747,0.760184
-0.664628,-0.543699,-0.396958,-0.32104,0.0277233
0.283287,0.100004,0.387797,-0.869366,-0.0500286
0.410854,-0.0062831,0.605624,0.651342,-0.217412
-0.0289714,0.217879,-0.140989,0.875749,0.407098
-0.246023,0.466826,0.48152,0.279514,-0.641129
-0.795022,0.436765,0.254255,0.103629,-0.320903
0.848322,0.336414,-0.348611,0.189898,0.1103
-0.253161,-0.841119,-0.324605,-0.0397801,0.349747
-0.23465,-0.415058,-0.178808,-0.846044,0.153612
-0.0461613,-0.251116,-0.665637,-0.66112,-0.237377
0.278342,-0.16964,0.438112,0.795908,-0.256543
-0.5482,-0.407023,0.364659,0.615875,-0.152365
-0.525563,-0.322156,-0.44621,0.629324,0.147872
-0.402988,-0.260377,-0.638807,-0.594488,-0.0822481
-0.199655,0.608277,0.288705,0.0719715,-0.710629
-0.203909,0.0518941,-0.203264,-0.0456997,0.954761
-0.793977,0.137404,-0.540753,0.148036,-0.199157
0.804383,0.0345604,-0.082246,-0.104696,0.577287
0.111999,-0.68112,-0.596399,-0.142517,0.38553
-0.219054,0.435514,0.728986,-0.040766,0.477626
0.0354728,-0.799092,0.454692,-0.183473,-0.344708
-0.394591,0.601116,0.572798,-0.0625114,0.388152
-0.799169,-0.49386,0.332806,0.0680706,-0.0606075
-0.0886357,-0.579233,-0.247414,0.299049,0.710612
0.783847,0.081814,-0.231369,-0.421561,0.38297
0.311555,0.546541,-0.382433,0.478964,-0.47925
-0.816779,0.361107,0.252112,-0.325457,0.187759
0.540419,-0.60724,-0.0828167,0.545073,0.192819
0.480368,0.593766,-0.622734,-0.0571458,0.16245
0.515779,-0.5696,0.530712,0.355524,0.00821501
-0.641714,0.29772,-0.582937,-0.389824,-0.0797067
-0.858722,-0.399724,0.291964,0.0808491,0.110546
0.331147,-0.602401,0.199236,-0.123458,0.68841
0.819993,0.384566,-0.070398,0.320351,0.277213
0.528952,-0.486703,-0.52552,-0.288069,0.354402
0.51314,-0.687743,-0.393288,-0.164461,-0.290856
0.204065,0.76443,-0.104034,0.598266,0.0969953
0.159308,-0.209783,0.350237,-0.894928,0.0793871
0.786225,-0.340415,0.0818974,0.269093,0.43194
-0.565036,-0.114627,-0.327875,0.536262,0.524147
-0.607167,0.0125777,-0.230561,-0.668844,-0.365167
-0.823778,0.155589,0.425218,-0.189313,-0.284621
0.00340968,0.951835,-0.161146,0.224555,-0.132667
-0.0881235,-0.103127,-0.354415,-0.496219,0.781075
-0.67953,-0.056176,0.473944,0.522393,0.204096
-0.146411,0.222052,-0.618558,-0.604442,-0.426798
-0.245404,0.294284,0.153136,0.60877,0.679852
0.60438,0.694999,-0.0894402,0.37815,-0.0200655
-0.79964,-0.232058,-0.184707,-0.38727,0.354135
-0.274948,0.788884,-0.297256,0.460009,-0.0820384
0.406773,-0.539843,-0.0478032,-0.720576,0.146558
-0.26076,-0.590919,-0.100487,-0.512227,0.557448
0.571416,0.614871,-0.423837,0.139795,0.307151
-0.299775,-0.857759,-0.267399,0.0759764,-0.316648
-0.0184632,-0.391254,0.348949,-0.100094,0.844494
0.169341,-0.745616,-0.392881,-0.495198,-0.122406
0.617689,-0.531166,0.140946,-0.356113,0.436258
-0.148457,-0.0193569,-0.502502,-0.146936,-0.837829
0.0983554,-0.263376,0.36784,-0.826194,0.313678
-0.608572,-0.206635,-0.354157,-0.407864,-0.545542
0.402651,0.122244,-0.0077858,0.286115,0.860697
-0.591556,0.56956,-0.280546,-0.0284885,-0.496811
-0.973842,0.0585308,-0.0968689,0.00622259,-0.194629
-0.138878,0.528051,-0.34881,-0.527987,-0.549931
-0.803633,0.486092,0.306605,-0.0456505,-0.145139
-0.319642,-0.0399594,0.895017,0.00773319,-0.30983
-0.912723,0.318171,-0.104768,-0.00665295,0.236289
-0.147895,0.0444391,-0.165716,-0.686051,-0.691767
-0.524974,-0.0287567,-0.721765,-0.224842,-0.389784
-0.602042,-0.115639,0.544754,-0.396614,0.41161
0.40961,-0.287946,-0.00138012,0.759437,-0.418064
0.641655,0.508776,-0.144063,-0.0808266,-0.550065
-0.823985,-0.00551631,0.261045,0.258676,-0.431524
0.3939,-0.385813,0.832667,0.013579,0.0535337
0.267703,0.349262,0.135648,-0.0629175,-0.885765
-0.444503,-0.663258,-0.52569,0.279804,0.0688676
0.270944,0.556482,0.493516,-0.568691,0.224951
0.726824,-0.0295029,-0.3081,-0.60794,-0.0775017
-0.681506,-0.129061,-0.476842,-0.412712,0.35026
0.291954,-0.213938,-0.925472,0.0953706,0.0634438
0.347702,0.236401,0.288756,-0.260049,-0.818309
0.817615,-0.42536,-0.18973,0.043427,0.332835
0.363409,0.344749,0.545415,-0.222674,-0.633563
-0.654525,0.575016,0.14508,0.34674,0.318685
0.466976,-0.794448,-0.350505,-0.159989,0.0653276
-0.16305,0.0889855,0.967784,0.162851,0.0138792
0.678423,-0.557861,0.046914,0.13035,-0.457276
-0.419677,0.600024,-0.0578257,-0.33074,-0.59478
0.71084,-0.339483,-0.30426,0.362318,0.392366
0.155221,-0.845518,0.204973,-0.342338,-0.317328
-0.384941,-0.600533,-0.527602,-0.246785,-0.391159
-0.881402,0.195517,-0.136621,0.348618,0.212128
-0.413685,0.100702,0.864081,0.106347,0.240983
0.261534,0.299671,0.828267,0.370204,0.137673
-0.23049,0.400571,-0.0813677,0.0988863,0.876693
0.744366,0.420179,0.113721,0.3744,-0.341792
0.0463528,0.043073,-0.00941992,-0.961272,-0.265786
-0.301816,0.259017,0.0156548,0.235682,0.887707
0.652627,-0.0297323,-0.589136,-0.438081,-0.192777
-0.219039,0.0871838,-0.794582,0.486916,0.274981
0.381466,-0.134642,0.870295,-0.254092,-0.115311
0.540078,0.569572,0.292874,0.537336,0.0969563
-0.44642,-0.883121,-0.0251255,0.00120215,0.152468
-0.423004,0.444748,0.443338,-0.043481,-0.649797
-0.497428,-0.612113,-0.101655,-0.583074,0.16498
0.722442,-0.0146793,0.0209846,0.0121377,-0.692225
0.128874,0.238912,0.951679,0.0340325,-0.160055
0.297056,0.131371,0.225984,-0.892748,0.220598
0.362938,-0.223909,0.222443,-0.832412,-0.27101
0.277063,0.415348,-0.335749,-0.193227,0.773327
-0.52479,0.196372,-0.534479,0.628476,0.0686498
0.421365,-0.191962,0.665985,-0.497064,0.308944
0.211395,0.714492,0.636435,0.107607,-0.174671
0.2555,0.600609,-0.678233,0.250294,0.22785
0.495597,-0.585275,0.313268,-0.523997,0.198284
-0.281324,0.650017,-0.150791,0.62906,-0.280859
-0.0162707,-0.617814,-0.436469,0.482314,0.443201
-0.723414,-0.39493,-0.451506,-0.338234,-0.0160767
-0.137706,-0.0110658,-0.692656,-0.656894,-0.258772
-0.256178,0.159475,0.245501,0.867078,0.309712
-0.18405,-0.0883796,-0.300501,-0.504506,-0.783736
-0.218407,-0.161627,0.221897,0.568529,0.743192
-0.242392,0.0748155,-0.340173,-0.886563,-0.18194
-0.425424,-0.227415,0.686983,-0.542981,0.027986
0.332794,-0.104645,0.512241,0.597233,-0.50738
0.70496,-0.396514,-0.240915,-0.466504,0.26503
0.126757,-0.599038,0.134453,0.772462,0.0801481
-0.477816,0.621415,-0.462923,-0.400242,-0.0860016
0.183154,0.755362,0.237895,-0.453948,0.371964
0.695637,-0.275198,-0.399932,-0.529341,-0.000970745
0.0841606,-0.637125,-0.630305,0.0450301,-0.432682
0.562837,-0.506499,0.197332,0.3799,-0.491646
-0.208541,-0.871308,-0.341462,-0.278435,-0.0520435
0.796577,0.235331,-0.154735,-0.0131509,-0.532984
-0.407115,0.146515,-0.725002,-0.44552,-0.303303
0.0955673,0.50668,0.60741,0.255746,-0.550253
0.941749,0.161017,-0.198378,-0.185349,0.107178
-0.869942,0.189709,0.302864,-0.33786,-0.0582303
0.0548022,-0.686147,0.620169,0.367909,-0.061332
-0.197252,-0.163237,-0.707599,-0.407276,-0.519414
-0.247178,-0.318135,-0.162471,0.819952,-0.372174
-0.107193,-0.950565,-0.021625,-0.181423,0.22918
0.704415,-0.459959,0.117077,0.124245,-0.512761
0.479499,-0.370776,-0.0694064,0.784329,-0.116155
-0.304145,0.140763,-0.111856,-0.118079,-0.926221
-0.148012,-0.0224644,0.194206,-0.315021,0.916435
0.193797,0.104119,0.134646,0.789878,0.555761
-0.700554,0.293832,-0.230702,0.242475,-0.558654
-0.559191,0.179244,0.75826,-0.232893,-0.1644
0.62598,-0.164722,0.340469,-0.253242,-0.633749
-0.34112,0.485733,-0.543072,0.595478,0.026176
0.447561,-0.0313726,-0.596325,0.102246,-0.655606
-0.378938,0.383644,0.0567889,0.832158,0.131915
-0.437172,-0.771063,-0.171917,0.219236,0.367154
0.681977,0.161491,0.38511,0.50778,-0.314396
-0.533461,-0.792744,0.18431,-0.193942,0.123016
-0.484241,-0.0324667,0.296123,0.82477,-0.0006356
0.0112554,0.229156,-0.826875,-0.497254,0.136854
0.00310591,0.618449,0.47458,-0.551202,0.295419
0.55831,-0.260335,-0.330758,-0.53119,-0.479639
-0.106044,-0.608272,0.587152,-0.518362,0.0017165
-0.116161,0.637279,0.519932,0.0320835,0.555367
0.89165,-0.0588028,-0.288469,-0.338555,-0.056602
-0.449098,0.285202,0.189118,0.584095,0.583973
-0.425764,0.384774,0.682184,-0.0621313,-0.447101
-0.402134,0.480887,-0.042679,-0.450524,-0.633486
-0.269132,-0.609869,0.571262,-0.460429,0.13564
0.458324,-0.798401,0.0773552,0.289465,-0.248353
0.3969,0.76636,-0.387119,0.313133,-0.0640622
-0.762085,0.091307,0.094066,0.615083,0.159102
0.520799,-0.421094,-0.0367489,-0.239104,0.704114
-0.437588,-0.123341,0.468965,-0.52264,-0.545653
-0.377245,0.399084,0.0767177,0.635043,0.5363
-0.301816,-0.295608,0.43503,0.706198,0.369812
-0.186499,-0.00194979,-0.0727652,-0.804324,-0.559652
-0.15201,0.154835,-0.0702379,0.916365,0.326945
-0.538992,0.363135,-0.346373,0.0500674,0.674408
0.304814,0.0144678,0.813752,0.0119339,-0.49806
0.223543,0.306463,0.431799,0.194917,-0.795893
0.72066,0.266131,0.602606,0.135239,-0.167327
-0.317876,-0.729687,-0.386918,-0.25632,0.387886
0.589658,0.467943,-0.200187,0.450686,-0.436093
-0.0800935,0.202197,0.0499148,-0.699218,0.677721
0.653162,0.00828919,-0.469003,0.260705,0.536874
-0.411721,0.398075,0.48041,-0.437846,-0.50028
0.142677,0.395751,0.815476,0.394075,-0.0759655
-0.00434435,-0.577288,0.449255,0.389855,0.56416
0.781233,0.538305,0.0249273,-0.15522,0.268039
-0.263293,0.305028,-0.103052,-0.767489,-0.486419
0.422533,0.272743,-0.274696,-0.0480804,-0.818167
-0.0852448,-0.260848,0.866289,0.285003,0.303428
0.510834,-0.491084,-0.619366,0.0313439,-0.337536
0.358146,-0.18781,0.703323,0.141801,0.567634
-0.319777,-0.0285623,-0.636592,-0.647744,-0.273976
0.032142,-0.885995,-0.218357,0.236686,0.329358
0.769075,-0.388423,-0.275535,0.223156,0.364929
-0.1365,-0.963385,-0.0715407,-0.00898774,-0.217986
-0.0372562,0.220225,-0.830511,0.432979,-0.268835
0.287031,-0.501943,-0.541266,0.0515333,0.606943
0.120411,-0.706104,-0.298512,0.63165,-0.00268761
-0.0999878,0.599893,-0.271818,0.575552,0.475376
0.594065,0.199966,0.00460525,0.691093,0.361853
-0.345127,-0.54936,-0.213239,0.658685,-0.311474
-0.154906,0.643513,0.0275471,-0.263504,0.701985
-0.0694982,-0.265259,0.213702,-0.877423,-0.331882
-0.550599,0.46043,0.585165,0.371336,-0.0732529
0.905033,-0.374129,-0.0778981,0.177554,0.0430199
-0.266208,-0.315635,-0.165562,0.399433,0.803035
0.302698,-0.047635,-0.374631,0.6807,-0.549539
0.789805,-0.0796992,-0.0232804,0.56611,-0.218784
0.400159,0.212222,-0.878682,0.12793,-0.075573
0.717377,0.325644,-0.560469,-0.0386528,-0.245639
-0.173816,0.577044,0.767048,0.214688,-0.0246054
-0.132549,0.0613466,0.911495,-0.333012,-0.192483
-0.33374,0.247788,0.757261,0.123608,0.486618
0.503912,0.0697263,0.788982,-0.19085,0.281852
0.917646,-0.0876241,0.114264,-0.155968,0.332736
0.208578,0.155081,0.545744,0.151402,-0.783249
-0.304931,-0.562848,0.711976,-0.147506,-0.244897
-0.651799,0.364687,-0.0109372,-0.00214936,0.665423
-0.394234,-0.222595,-0.419047,0.764559,-0.180801
0.10544,0.364286,-0.360207,-0.478873,0.703975
-0.558168,0.389902,0.0841214,-0.712794,-0.145305
0.548709,-0.229563,0.555098,0.53637,-0.224491
-0.785263,0.584891,-0.109264,0.174333,0.0159268
0.116092,0.326249,0.425089,0.370007,-0.749946
0.581111,0.515817,0.542448,-0.0604934,0.31251
-0.153183,-0.0812951,0.266226,-0.93359,0.175832
-0.678398,-0.017628,0.562735,-0.447163,-0.15469
-0.242211,-0.0673288,0.785221,-0.315383,0.468648
0.206816,-0.108751,0.232339,0.830067,-0.451985
-0.136911,-0.907082,-0.155549,0.0451064,0.36395
0.487242,0.235293,0.788006,-0.142106,0.260066
-0.965443,0.0394466,-0.254806,-0.0101717,0.0215668
0.619431,0.658815,0.106565,0.126449,0.388151
-0.289195,-0.2139,-0.912851,0.187979,-0.046107
0.62543,-0.474679,0.00908535,-0.378489,-0.488828
-0.185827,-0.814217,0.37678,-0.299463,-0.269349
-0.561013,0.48617,0.597612,-0.3014,0.0400065
0.427287,-0.12306,-0.528653,0.72194,-0.00852323
-0.0411403,0.590972,0.0628915,-0.152241,0.787528
0.0469519,-0.104007,0.681376,-0.450736,-0.563929
0.166877,-0.00982368,-0.858123,0.277393,0.400047
0.338867,-0.282738,0.0105691,-0.11406,0.890467
-0.037712,0.586619,0.032976,0.269219,-0.76154
0.24319,-0.116709,-0.673144,0.682007,0.0922011
0.015511,-0.129613,-0.428968,0.631186,-0.63108
-0.759017,0.612848,0.159479,-0.147158,-0.0254191
0.660153,-0.405615,-0.623664,0.0163945,0.106919
0.0817218,0.330726,0.644033,0.00837102,0.683219
0.4917,0.689123,-0.497193,-0.157199,0.104875
-0.0545852,0.437945,0.410651,-0.153716,-0.782227
0.390336,0.0342976,-0.205402,-0.891952,-0.0825627
-0.270934,-0.394595,-0.257243,0.802365,-0.243409
0.813142,-0.120632,0.411057,-0.179474,-0.353316
-0.80641,0.0791357,-0.543953,0.0183765,-0.215688
-0.307623,0.502096,-0.240563,0.42573,0.644222
0.0721927,-0.562357,0.309509,0.656617,0.389701
0.737318,0.308403,0.373552,-0.453033,-0.124581
-0.50883,0.332829,0.565796,-0.550775,0.0719245
-0.520439,0.341046,-0.209034,0.441779,-0.607825
-0.147424,0.0858074,-0.062875,0.466634,0.865161
-0.403786,-0.324083,-0.273096,-0.179638,-0.791928
-0.415305,-0.212872,-0.083764,0.0915339,0.874893
-0.112279,0.786932,0.571909,-0.182579,-0.0890323
0.352294,-0.241769,0.0654314,-0.0855346,0.896548
-0.290805,-0.0537906,-0.714859,-0.610197,-0.166553
-0.298615,0.0288215,0.820798,0.168352,-0.456022
0.0528153,-0.472577,-0.0279657,0.0622514,-0.876925
0.389152,0.817724,-0.2643,-0.288081,0.167691
0.349573,0.367924,0.677091,0.52509,0.0891233
-0.488899,-0.156424,0.249725,-0.527529,0.626876
0.30534,0.179658,0.198147,0.889928,0.212333
-0.262789,-0.290414,-0.405284,0.708103,-0.424392
-0.401579,-0.377111,0.690525,0.153289,-0.441264
-0.383599,0.103653,-0.598965,-0.336928,-0.610866
0.0239284,-0.0795663,-0.0965906,-0.0486779,-0.98995
-0.196745,-0.756828,0.0771005,0.392065,0.480429
-0.506528,0.32298,-0.475574,-0.641537,0.0564908
-0.0183554,-0.401242,-0.858518,0.150072,0.283527
-0.498411,0.610791,0.255048,0.31723,0.459351
0.435102,-0.0901101,0.18571,0.779266,0.3962
-0.803159,-0.0134981,-0.159613,0.553323,-0.146188
-0.2724,0.423174,0.0832605,-0.83875,-0.19638
0.626215,0.216043,0.697991,0.185339,0.200527
0.512587,0.361381,0.774638,0.0444927,-0.0744412
0.229534,-0.570394,-0.0477803,0.529794,-0.581883
-0.914093,-0.0744953,0.35255,0.168838,-0.0898691
-0.0567143,0.324727,-0.745509,0.569519,0.0996922
-0.364509,0.394089,-0.191756,0.00214502,0.822047
0.856588,-0.276784,-0.322917,0.139905,0.255739
-0.0798896,-0.980288,-0.0695887,0.0658236,0.157771
0.594522,-0.425265,-0.410224,-0.38414,-0.383366
-0.157322,-0.0100499,-0.151569,-0.190049,0.956043
-0.123693,-0.462443,0.0795504,0.796866,0.359907
-0.0510149,0.393965,0.0627539,0.53168,0.74611
0.585336,0.215754,-0.216129,0.639356,-0.391732
0.0609998,-0.930528,0.283093,0.0340204,-0.219234
0.585941,0.245712,0.166576,0.0815315,0.750669
-0.572849,0.67364,0.386395,0.229929,0.128754
-0.191724,0.736487,-0.182439,-0.175297,0.595431
0.0597498,0.415479,-0.0490183,-0.0228907,0.906157
0.427638,-0.442071,0.32581,-0.00667518,0.717662
-0.0261239,-0.093955,0.88487,0.415752,-0.187501
-0.404774,-0.492395,0.57434,0.2013,0.475479
-0.839469,-0.0432392,0.0100962,-0.459123,0.2867
-0.292474,0.106494,0.108049,0.800884,0.499473
-0.169673,0.119266,-0.964434,-0.0185622,0.168326
-0.214918,-0.64487,0.500101,-0.53892,-0.0534959
-0.53225,-0.214635,0.0233169,0.606444,0.548483
0.242163,0.661536,-0.601646,-0.303301,-0.221411
-0.339532,-0.355116,-0.671586,0.533023,-0.142587
0.620089,0.33959,0.0780863,-0.279105,-0.646559
0.067463,0.931979,0.351238,0.0155135,0.0660307
0.307697,0.100475,0.132442,0.851359,0.395255
0.108017,-0.69527,-0.0959633,-0.67753,-0.194622
-0.604558,0.352586,0.0426327,0.664172,-0.25698
-0.0625608,-0.359914,-0.496968,0.436594,0.656503
-0.523147,-0.248798,-0.264143,0.761685,0.131191
-0.30978,-0.412048,-0.440443,0.0438123,0.732623
0.61304,0.0591431,0.332557,0.714926,0.0334536
-0.622838,0.373425,-0.532506,-0.409493,0.150988
0.460547,-0.131628,0.801398,-0.349368,0.0912606
0.710583,0.533754,-0.0365822,0.324955,0.321232
0.293302,-0.762011,-0.393451,0.331755,-0.261401
-0.470348,0.197282,-0.335764,0.734548,-0.296312
0.058072,0.553559,0.595982,0.560054,0.127329
-0.256915,-0.141109,0.565332,-0.508149,-0.578104
-0.328444,0.654939,0.352092,0.0933029,0.576388
0.192612,-0.538438,-0.448931,-0.382279,0.570501
-0.0783407,0.875596,0.0229056,0.443018,0.185711
0.478709,0.615132,0.443914,-0.0832033,-0.437205
0.919046,-0.109769,0.277414,0.0827274,0.243862
-0.0862296,-0.333649,-0.371243,0.527352,0.681579
0.538985,0.73298,-0.394347,0.0615152,-0.121378
0.16028,-0.373102,0.574494,0.650931,-0.281945
0.208219,0.499258,0.105113,-0.205883,-0.809517
-0.669162,-0.327079,0.440962,-0.160805,-0.474529
0.0826435,0.114496,-0.508511,0.756672,-0.385299
0.700604,-0.0984042,0.256978,-0.616501,-0.222578
0.439661,-0.516097,0.436812,0.360702,0.46265
0.433382,-0.242249,0.465621,0.706301,0.188281
-0.15269,0.398833,-0.338661,0.639132,-0.541876
0.0915989,0.564059,-0.309415,-0.318114,-0.690525
-0.189344,-0.669445,0.12815,0.699073,0.111372
0.403646,0.197356,0.0971502,0.132942,-0.876711
-0.800347,-0.422156,0.288411,0.118008,-0.289148
-0.100618,-0.515896,0.644232,-0.445398,-0.332925
0.860882,-0.182575,0.0328395,-0.0744021,-0.467154
0.108726,0.38423,-0.124749,0.228609,-0.880552
-0.261683,0.625703,0.362228,0.0694639,0.634491
0.192935,0.240573,0.728623,0.0648697,0.605761
-0.0694572,0.777066,0.54905,0.145898,-0.266398
-0.0505478,0.447389,-0.435352,-0.0636859,0.776404
0.542742,0.646451,-0.136608,-0.506725,-0.117481
-0.327614,0.853938,0.323701,-0.0822679,0.225291
0.0279697,0.733098,-0.29202,0.614944,-0.0360905
0.255052,-0.748338,0.507632,0.176111,-0.294796
-0.217255,0.132283,0.44418,-0.589482,-0.62491
-0.600812,-0.407952,-0.629905,-0.223031,-0.16003
-0.45261,-0.184422,-0.314175,0.711875,0.39317
-0.270837,-0.529291,-0.00740663,0.250574,0.765037
-0.0720293,0.236625,-0.775798,-0.572527,-0.0825395
0.34173,-0.373644,0.697531,0.501959,-0.0117426
-0.770327,0.295109,-0.0675593,-0.221568,-0.519912
-0.145961,-0.705534,0.509091,-0.298665,-0.361641
-0.236106,0.0882982,-0.233795,0.937712,0.0434246
0.515914,0.555509,-0.583678,-0.205727,-0.205438
0.183568,-0.00395115,0.192246,-0.0509382,-0.961995
0.722968,0.462267,0.00423796,-0.200095,-0.474679
-0.369653,0.49877,0.110831,0.61907,0.468995
0.484603,0.171549,-0.556189,-0.0302081,-0.654352
-0.521083,0.110031,-0.33806,-0.70133,0.332802
0.352102,-0.25054,0.667474,-0.244866,-0.554773
-0.74978,0.10994,0.285446,0.508502,0.296171
-0.198401,0.423479,-0.475057,-0.668619,0.326608
-0.145979,0.0387116,-0.183739,0.57951,0.778243
0.129843,0.15466,-0.0654954,-0.963783,0.161241
0.358856,0.303424,-0.766145,-0.0580692,-0.430624
-0.0665613,-0.16116,-0.849337,-0.391884,0.301121
0.338403,0.0738273,0.248597,0.894584,-0.133758
0.783659,0.194895,-0.443858,-0.386762,0.0124131
-0.121641,0.377711,0.508004,-0.555608,0.526551
-0.0386625,-0.315442,0.906805,0.2729,-0.0611528
0.617121,0.199534,-0.707025,0.227949,-0.156717
0.102179,-0.843534,-0.436078,-0.232747,0.178069
0.0317157,-0.147722,0.723461,0.00934939,0.673652
0.6418,0.00509509,-0.105837,0.255794,0.713002
-0.306844,-0.135608,-0.596489,0.706848,-0.182211
-0.739508,0.573982,-0.158302,0.222163,-0.223024
0.39387,0.469226,-0.0101522,0.781972,-0.126352
-0.0256528,-0.272262,0.503238,-0.781285,0.244355
-0.423718,-0.414619,-0.251633,0.606946,0.465704
0.481134,-0.531899,-0.211652,0.116045,-0.654576
0.451037,0.170311,0.393387,0.601359,0.502623
0.387152,-0.429526,-0.742096,-0.322612,-0.127314
0.522415,-0.261912,-0.755521,0.228395,0.192827
0.0992483,0.407442,-0.780783,0.33868,-0.312935
-0.167375,0.932316,0.00265545,-0.131024,-0.288843
0.143168,0.0577961,-0.624204,0.270798,-0.714072
0.17867,0.197675,-0.148496,0.95077,-0.0503607
-0.455777,-0.220995,0.719984,-0.468082,0.0612781
-0.131396,0.566861,0.377438,0.689163,-0.210652
0.327548,-0.824694,-0.442657,0.0558249,-0.127731
-0.0578659,0.354595,0.241893,0.891817,-0.12165
-0.0945243,-0.145315,-0.554654,0.394474,-0.712917
0.0072686,0.223458,0.419638,-0.204216,0.855469
0.0120186,0.414356,0.397919,-0.72704,-0.376929
0.80994,-0.0414325,0.140602,0.354184,-0.440508
0.531028,-0.17585,0.438133,-0.565558,0.416887
0.287523,0.186593,0.0654825,-0.0467925,-0.934485
0.275021,-0.261221,-0.160285,0.786029,-0.460249
-0.0440195,-0.109065,0.0666512,0.872624,0.470551
-0.410325,0.873282,-0.160993,0.069376,0.200027
-0.105971,-0.258385,0.229242,0.828848,0.42904
-0.35808,-0.481523,-0.0238609,-0.320515,0.732421
-0.605674,-0.623036,0.00589863,0.346691,0.355213
0.269544,0.0883467,0.137712,-0.0751347,-0.945398
0.314888,0.667827,0.351441,0.473144,-0.324937
0.11918,-0.798678,0.349935,-0.0616663,0.471804
-0.275884,-0.526217,0.712813,-0.368098,-0.0708982
0.206527,0.422337,-0.521744,-0.262051,0.663315
0.165015,-0.711885,0.483334,0.245864,-0.414511
-0.0999541,-0.305292,0.879809,0.157717,0.316545
0.323575,0.598359,-0.217141,0.610984,0.341748
0.094428,0.785291,0.144812,-0.581708,-0.117677
-0.749343,0.428504,0.367457,-0.140175,0.315436
-0.60969,0.605802,0.0164576,0.509178,-0.0743737
-0.405721,-0.104784,-0.515763,-0.60474,0.434405
0.103757,-0.249594,0.82868,-0.299558,-0.390008
-0.385725,-0.360776,-0.425972,0.662184,-0.320691
0.134809,0.409524,0.72142,-0.532313,-0.109091
-0.416294,-0.722398,0.476267,0.163808,0.227346
-0.154816,0.0262615,-0.664685,-0.17129,-0.710752
-0.521601,-0.162112,0.0864828,-0.828433,-0.0853737
-0.00027923,0.690276,0.150698,-0.628681,-0.325582
-0.00301789,0.438379,0.313521,-0.785881,0.304584
0.90227,-0.147049,0.0350925,0.108399,-0.391926
0.86553,0.0677221,0.018914,-0.140796,-0.477499
0.384416,0.391986,-0.551838,0.352622,0.522001
-0.530507,0.196316,-0.502332,-0.351142,-0.553398
-0.14841,0.0719138,0.385573,0.272637,0.86606
-0.289956,-0.777216,-0.522687,0.18952,0.0661454
-0.0413817,-0.213941,0.420282,-0.177269,0.863135
0.05618,-0.711295,0.163162,-0.596675,0.325175
-0.821529,-0.39554,0.358413,-0.0549655,0.175619
0.172959,0.0226008,-0.161068,-0.42943,-0.870936
-0.464422,0.0270626,-0.309995,0.229233,0.798503
0.13853,-0.207575,0.0172332,-0.683561,-0.685529
0.0896837,-0.854765,-0.400836,-0.231706,-0.213722
0.157779,0.00693361,-0.925001,0.346079,0.00707651
0.240219,0.569051,-0.407202,0.232239,0.632863
-0.428349,0.409178,0.080675,0.146715,-0.78917
0.0856626,-0.478592,0.626369,0.492223,0.361428
0.00660491,-0.169421,-0.674271,-0.617926,-0.371177
-0.283486,0.81534,0.20099,-0.369976,-0.283049
0.492588,-0.296607,0.39812,-0.114205,-0.706091
0.490816,-0.456979,-0.73951,-0.0106823,-0.0392627
-0.238782,0.442617,0.822168,0.24938,0.0961659
0.202827,-0.826856,-0.518746,-4.50753e-05,0.0768344
-0.192014,-0.490253,-0.479718,0.703552,-0.0269582
0.749477,0.621196,0.114965,0.0298993,-0.18843
0.863146,-0.199946,0.15094,-0.258807,0.352918
-0.328431,-0.380879,-0.54652,-0.613447,0.26415
0.728977,0.348326,-0.184249,0.553821,-0.0874304
0.0369314,0.396748,0.603325,-0.690258,-0.0272212
-0.185197,-0.483598,-0.164196,0.715361,0.436816
-0.773726,0.239968,0.412401,-0.387971,0.158574
-0.286774,-0.073616,-0.944945,0.113539,-0.0873935
0.147938,0.749937,0.445635,-0.441495,0.131582
0.448795,-0.151931,0.363724,-0.628962,-0.496127
0.427031,-0.521555,-0.710276,-0.105788,0.17292
0.391692,-0.426004,0.710696,0.323882,0.241537
-0.353036,-0.0991032,-0.636606,0.0284382,-0.677184
0.140165,-0.292271,0.0254,-0.624493,-0.712362
-0.393717,-0.258952,0.176294,0.792164,0.344217
0.506169,0.175029,-0.546417,0.0449734,0.640439
-0.481733,-0.347822,0.280553,-0.715523,0.238189
0.242819,-0.0865552,-0.901168,0.351588,0.0109261
-0.873923,0.0280958,0.242533,-0.197303,0.369317
0.723748,0.327859,0.590574,0.0251263,0.126284
-0.684695,-0.16061,0.621206,0.335781,-0.0855749
0.0635894,-0.24808,-0.703354,-0.655839,0.0869364
-0.740556,-0.05887,0.654576,-0.145115,-0.0262949
-0.0235646,0.69279,-0.510639,-0.410626,-0.296957
0.35038,0.0769661,-0.703825,0.28086,-0.542588
-0.107847,0.198967,-0.58044,-0.570522,0.536272
0.010252,-0.446121,0.68251,0.494658,0.299477
-0.327264,0.517122,-0.0510636,0.342292,-0.710197
0.296376,0.594258,0.707776,-0.243015,-0.0193901
0.326305,0.835715,-0.424238,0.133831,0.00229434
-0.776527,-0.611355,0.0536934,0.139221,0.0305503
-0.453446,-0.411692,-0.760941,-0.0591468,0.200999
0.885737,0.216456,0.16912,-0.0388617,0.37289
-0.234333,-0.362754,0.824332,0.122048,-0.344622
0.390359,0.334085,-0.809842,0.18511,0.210981
-0.707666,-0.670817,0.187996,0.0574941,0.0998905
-0.191081,0.796426,-0.544968,-0.146861,0.117419
-0.521908,0.089552,-0.194896,0.807989,-0.173069
0.121672,0.720056,-0.297531,0.46216,-0.401946
0.0692196,0.531033,-0.619053,0.557761,-0.140385
-0.830145,0.431923,-0.0137587,-0.178707,0.301312
-0.872967,0.0211264,0.0250725,-0.423791,0.246839
-0.573639,0.108115,-0.293345,0.642058,0.402676
-0.711395,0.22535,0.517348,-0.151399,-0.391902
0.182002,0.216987,0.039882,-0.924264,0.244521
-0.0208171,-0.338326,0.5314,-0.320671,-0.705152
-0.477614,-0.219928,-0.713179,0.396669,-0.245633
-0.0311317,-0.745407,0.659228,-0.0819748,0.0351874
0.521914,-0.574051,-0.0177552,-0.194231,0.599495
0.423159,-0.540099,0.12161,0.063464,0.71327
-0.240086,-0.0197727,0.462759,-0.730428,-0.438949
0.213432,-0.449471,0.0330334,0.749406,0.434225
-0.303059,-0.15327,-0.19826,-0.888703,0.240632
-0.240807,0.335556,0.270405,-0.00730241,-0.868791
-0.636192,0.072613,0.61564,0.147428,0.436116
-0.470371,0.698369,-0.144791,0.515034,0.0779197
0.0717062,-0.527253,0.226459,0.527319,-0.623908
-0.151797,0.77596,0.428337,-0.087525,-0.430608
-0.780533,0.289016,-0.159542,0.490624,-0.210476
-0.475288,-0.141353,-0.700564,-0.412863,-0.307663
-0.426133,0.717978,-0.415751,0.246231,0.256713
-0.227002,-0.913214,0.127354,-0.310148,-0.0230303
0.383975,0.110793,-0.368477,-0.343472,0.764766
-0.647566,-0.165545,-0.438507,0.111718,-0.589827
-0.682118,-0.570902,-0.121306,-0.187187,0.397576
0.0155496,-0.728216,0.412975,0.529023,-0.134034
-0.0226402,-0.0126522,-0.827202,-0.281754,0.483736
0.350727,-0.0575473,0.647081,-0.524634,-0.42793
-0.244103,0.365909,-0.842623,-0.0469448,0.306244
-0.298886,0.0561537,0.8682,0.265772,0.296497
-0.840242,-0.216017,-0.0486798,-0.442971,0.230155
0.397848,0.602615,-0.437188,-0.250028,-0.470394
0.699676,0.395248,0.0623625,-0.0980297,0.583044
-0.732449,-0.135573,-0.419078,-0.314382,0.416132
-0.153891,-0.87561,-0.247738,-0.364397,0.129697
-0.717829,-0.076804,-0.336808,-0.441616,0.412376
-0.731682,-0.0170714,0.000103786,-0.647916,0.21067
-0.542928,0.140718,0.126914,-0.808013,-0.11967
-0.228852,-0.276932,0.292748,-0.0314076,-0.88549
0.0972253,0.269933,-0.663179,-0.59473,-0.354642
0.518451,-0.172255,0.771241,0.323802,-0.0204675
0.371668,0.265165,-0.368911,0.423364,0.691055
0.0543292,-0.494181,-0.255647,0.825628,0.0601531
-0.0766005,0.951134,0.100871,-0.186612,-0.201582
0.405615,-0.29714,-0.804134,-0.0400575,-0.313383
-0.109334,0.322051,0.753351,-0.525745,-0.203966
0.0379785,-0.477466,-0.666185,0.431864,-0.373499
0.611341,0.312982,-0.0344612,-0.625817,-0.367586
0.247603,0.301794,0.452019,-0.625314,-0.503873
-0.256471,0.201614,0.472181,0.790212,-0.21877
-0.555302,0.618356,0.345584,-0.427925,-0.0928445
0.485937,-0.299577,0.670177,-0.0341216,0.466891
0.127192,-0.295165,-0.33291,0.871637,0.162783
0.278973,0.0114836,0.439508,0.641807,0.561473
-0.105531,-0.230121,0.919219,0.0254315,0.295585
-0.598993,0.176469,0.119227,0.000412854,0.771835
0.102718,-0.00264861,0.414432,0.0207124,-0.904969
0.263661,-0.322017,0.0864076,-0.904208,0.0424528
0.168589,0.470505,-0.498671,0.170058,-0.689005
0.190389,0.503497,0.181843,0.570609,0.592577
-0.22649,0.129,0.540991,-0.731291,0.321157
0.0264868,-0.753065,0.30127,-0.582274,0.0666253
-0.636452,0.169084,0.500877,-0.332702,-0.45488
-0.621188,0.22284,-0.46432,-0.438973,0.400109
-0.391128,-0.71965,0.133444,-0.439446,-0.344715
-0.540173,0.214529,-0.190745,-0.142279,0.780726
0.690271,-0.348611,0.0745474,-0.153709,0.615016
0.697054,-0.158396,-0.38861,0.568157,-0.125434
-0.0962676,0.0948396,0.843238,0.0224935,-0.519145
0.703912,0.315965,0.26551,-0.573397,-0.0856524
0.411311,-0.172946,-0.153897,-0.695497,0.541951
-0.268991,-0.200513,-0.277906,-0.807023,0.39695
-0.353931,0.805436,-0.442667,0.0199747,-0.174134
-0.0154162,-0.245315,-0.230818,-0.757493,0.555901
-0.0888036,-0.281246,0.0882565,-0.413335,-0.855541
-0.695432,-0.152233,-0.37594,-0.446569,0.389609
-0.354739,-0.723764,-0.552464,-0.180692,0.111991
-0.701999,-0.188241,-0.125892,-0.635248,0.230173
0.659371,-0.0698927,0.573264,0.480106,0.0168081
-0.177816,-0.532322,0.267352,-0.778466,-0.081321
-0.384268,0.211563,0.366112,-0.818816,0.0442183
-0.453164,-0.514368,-0.706565,-0.110206,-0.13522
-0.407414,0.394108,-0.286368,-0.566746,-0.523409
-0.264727,-0.843243,0.105519,0.294767,-0.353963
-0.445338,0.156723,-0.430599,-0.503983,-0.585216
-0.71328,-0.433752,-0.0683326,-0.348072,-0.425221
-0.374121,0.368831,0.63994,-0.560172,-0.0475373
-0.800818,0.44248,-0.0451511,-0.400966,-0.0142555
-0.0813578,0.0992589,0.907374,0.166939,-0.367479
0.301805,-0.448934,-0.0645032,0.573754,-0.613544
-0.32339,-0.427898,0.143179,-0.716908,0.419932
0.55707,0.558046,0.443192,0.20441,0.376445
-0.039607,-0.690608,0.380214,0.441812,0.428319
0.564814,-0.383643,-0.494897,-0.510794,-0.155611
-0.025458,-0.343287,-0.29627,-0.26445,-0.851225
-0.537216,-0.691968,0.321279,0.164937,-0.326142
0.157754,0.813006,0.484134,0.244148,0.154227
-0.417999,0.295786,0.212841,0.263073,0.790556
0.775038,-0.00969967,0.424832,-0.232995,-0.406901
0.328188,-0.406066,-0.268442,-0.764637,0.259713
-0.305262,-0.717966,0.420529,0.279636,-0.370363
0.492584,-0.166852,0.475744,-0.669887,0.235463
-0.413334,-0.604943,0.60388,-0.30677,-0.0731673
0.200415,0.615117,0.363614,-0.00304516,-0.67148
0.91044,0.0492085,-0.296728,-0.25059,-0.140493
-0.909303,0.0608278,0.125387,0.112047,-0.376402
-0.604357,-0.669484,0.293932,-0.283578,-0.146727
0.74286,0.0591283,-0.207843,-0.39453,-0.496934
0.32143,0.0988318,-0.369878,-0.856929,0.11058
-0.692915,0.552551,-0.240408,0.364091,0.1612
0.395635,0.437784,-0.0602393,0.500984,-0.628711
-0.0928889,0.607669,-0.777654,-0.0879168,0.108148
-0.674824,-0.50306,-0.101892,0.522386,-0.0964189
-0.40966,-0.670345,0.210538,0.577027,-0.0699684
0.672473,-0.324625,0.243037,-0.412389,-0.460721
0.265351,-0.686637,-0.46101,0.1577,-0.468738
-0.529705,-0.481338,-0.222143,-0.655104,-0.0955477
-0.312393,0.408165,0.477429,-0.597955,0.382869
0.689226,0.438579,-0.0537981,-0.409348,-0.406127
-0.16436,0.151498,0.355756,-0.418521,0.803797
-0.31799,0.0631149,0.670276,0.528086,-0.40824
-0.059888,-0.242752,0.954491,0.156254,-0.000124327
-0.58953,-0.206696,0.275172,-0.0823406,0.728349
0.737711,-0.401796,-0.0872054,0.356359,-0.400817
0.707481,0.0986622,0.216221,-0.261907,-0.613258
-0.00341516,-0.0335239,-0.416912,0.897902,0.135273
-0.141271,-0.0559736,-0.789215,-0.280742,-0.5276
0.382588,0.347991,0.253619,0.349589,-0.738735
0.662253,-0.554175,0.379035,0.0994484,-0.325292
-0.0170147,0.385278,-0.794144,-0.333668,-0.327339
0.210677,0.26724,0.0836141,0.0626604,-0.935622
-0.665349,-0.55483,0.215217,0.374468,0.24512
-0.448671,-0.473304,0.678986,0.31723,0.113501
0.0998486,0.738721,-0.0139077,-0.630696,-0.213269
0.187357,-0.847137,0.161969,0.470081,-0.0718247
-0.606676,-0.033858,0.0633055,-0.414947,-0.673384
-0.496853,0.00527579,-0.383548,-0.63693,-0.44962
0.213509,-0.442494,0.300088,0.51496,-0.635637
-0.55233,-0.191172,-0.535438,0.593163,0.137021
0.491385,-0.616914,-0.288792,0.117552,0.530696
-0.256288,-0.534289,0.769361,-0.204952,-0.115781
-0.00460652,-0.591885,-0.652443,0.11652,-0.458401
0.226498,0.752163,-0.0618918,0.409109,0.459855
-0.201049,0.556427,0.618696,-0.431575,0.287533
-0.315112,-0.318427,0.35816,-0.413746,0.706806
0.542506,0.717869,0.0852996,-0.423612,0.0518513
0.763566,-0.440601,0.0356007,-0.400412,0.239982
0.254246,0.605731,0.240077,0.126366,-0.700217
-0.517768,0.048536,0.747721,-0.1825,-0.370539
-0.67589,-0.546615,-0.132707,0.477376,-0.00748696
0.00254917,0.646788,0.0861244,0.624703,-0.426837
-0.0957641,0.656922,-0.571913,0.218685,0.428774
0.358374,-0.285085,0.123595,-0.255027,-0.843375
0.00472846,0.391449,-0.886101,-0.0027673,0.248468
-0.756663,0.127072,0.233347,0.596307,-0.00181259
-0.162501,-0.378817,-0.454913,0.784293,-0.0905363
-0.527893,0.277556,-0.0683713,-0.637203,0.486906
0.330866,0.822406,0.288623,0.0884255,0.348976
-0.103734,0.642372,-0.398692,0.641306,-0.0605548
-0.330587,-0.0761982,0.212678,0.854656,0.329082
0.491897,0.0161623,-0.513431,-0.31587,0.627367
-0.900169,0.192288,-0.325,-0.0371406,0.205844
-0.786529,-0.247227,0.214004,0.430291,0.300593
-0.302173,0.11605,-0.755521,-0.445396,-0.356731
-0.70048,-0.550198,-0.150882,0.421576,0.0501307
0.161564,-0.441816,-0.449892,0.103141,-0.752979
0.131308,0.286443,0.10824,0.0019036,0.942399
-0.840258,-0.0781001,0.159525,0.0133432,0.512022
0.390874,0.028732,0.624451,-0.64151,0.214377
0.303717,0.00312039,0.23602,-0.587316,0.714671
0.361613,0.784554,-0.443203,0.0573687,0.231621
0.575315,-0.148629,0.440602,-0.609457,0.274815
0.0778331,-0.475549,-0.102596,0.864041,0.08544
-0.641263,-0.418208,-0.507331,0.209154,-0.336729
-0.844253,-0.110523,0.0387653,-0.228158,-0.470221
-0.224198,-0.013486,0.256816,-0.89926,-0.274516
0.65312,-0.66403,-0.093365,-0.351018,-0.00338581
0.234953,-0.4893,0.503873,-0.458911,0.488016
0.558738,0.0148438,0.220004,-0.154796,-0.786433
-0.594486,-0.455477,-0.51077,0.0727901,-0.416953
-0.207239,0.0220274,0.0428518,0.315427,-0.924457
-0.563781,0.367589,0.0827073,0.228867,-0.697065
0.262636,-0.0569357,-0.48441,-0.723228,0.411455
-0.340211,0.133943,-0.893604,0.0293682,0.260298
0.374389,-0.237268,-0.0199843,-0.653623,-0.61204
0.247427,0.234636,-0.764977,-0.191591,-0.510971
0.514386,-0.46295,0.0912421,0.629797,0.337647
-0.495741,-0.626666,0.523492,-0.0198742,-0.297295
0.583671,-0.266212,0.273108,0.670417,-0.252314
0.203787,-0.111691,0.415545,0.843731,-0.247624
0.0661422,0.187131,-0.41071,0.847384,-0.26726
-0.179952,0.387123,0.659387,-0.599942,-0.15248
0.204452,0.156328,-0.530028,0.376144,0.717369
-0.0939582,-0.447795,-0.678413,-0.145817,0.54984
-0.0823985,-0.34935,0.13729,0.914338,-0.142458
0.250119,0.64521,0.460795,0.553308,-0.0650786
-0.763792,0.12899,-0.20119,0.368578,-0.471645
0.301018,0.527066,0.754778,-0.113024,0.21083
0.763651,-0.122841,0.559117,0.0724694,-0.284874
0.51969,-0.223776,0.40315,-0.369916,0.616941
0.548221,-0.707668,0.156021,0.290744,0.297392
0.229446,-0.0236071,0.0446541,0.890941,0.382688
-0.683486,-0.481299,0.214586,-0.0991995,0.495776
0.850918,-0.262837,0.374005,-0.0955921,-0.241657
0.333443,-0.803901,0.29211,-0.384047,-0.0796124
0.0313353,-0.510899,0.675152,-0.476795,0.230213
-0.24634,0.7883,0.516624,-0.139205,-0.171576
-0.0963608,-0.254729,0.914512,-0.00971853,0.296188
-0.552602,0.225863,-0.569959,-0.554185,0.109257
0.276136,-0.255371,-0.642109,-0.571157,-0.339427
0.763521,-0.355393,-0.122413,-0.471178,0.23037
-0.325577,-0.398787,0.633074,0.147749,0.557525
0.98206,0.0776626,-0.0782805,-0.133896,-0.0520629
-0.330886,0.608382,0.314215,0.646485,0.0531876
-0.532212,-0.296726,0.465707,0.58044,-0.273354
0.401678,-0.415052,-0.416594,-0.0648859,-0.701686
-0.0712089,-0.354947,-0.0100055,0.917161,0.170424
0.210283,-0.313226,0.832229,-0.0799564,0.402359
0.621053,0.623364,-0.0412299,-0.438795,0.175131
-0.948106,-0.0243846,0.0111338,-0.053019,-0.30957
0.321291,-0.241933,-0.4733,-0.0406573,-0.782267
0.728397,-0.471129,-0.268618,-0.308396,-0.281626
0.520853,-0.439305,-0.425365,0.488786,0.338428
-0.638208,0.175523,0.364465,-0.65252,-0.0844138
0.2338,0.205241,0.834303,0.413926,0.190682
-0.688319,0.0836853,-0.689844,0.131894,-0.171239
-0.352264,0.112997,0.710984,-0.261838,-0.540305
-0.444569,0.608857,-0.383825,0.481963,0.223274
-0.889561,0.286611,0.0712006,-0.0846743,0.337194
0.738797,-0.425174,-0.459686,-0.210961,0.126749
-0.29645,0.619954,0.455664,0.124805,-0.553199
0.0244514,0.721118,0.100344,0.60149,0.329524
0.145174,-0.2556,-0.0828765,0.525425,0.792406
-0.418765,-0.0657414,0.145509,-0.677894,0.582316
0.449831,0.511436,-0.712819,-0.164946,-0.0229394
0.592348,-0.338155,-0.372141,-0.623243,0.073248
0.36249,-0.326001,0.306254,-0.252634,0.776758
0.023841,-0.296829,0.572063,0.749935,0.142665
0.28406,0.302745,0.442645,0.661801,0.441065
-0.927721,-0.290643,-0.129435,0.104742,0.162627
-0.477299,-0.53233,-0.354598,0.397896,0.451462
-0.101085,0.635358,-0.342329,-0.557508,-0.39642
-0.348407,0.449056,0.0616375,-0.789179,-0.232457
0.212652,-0.744977,0.573103,0.221166,0.143593
0.558252,-0.761773,-0.0288661,0.163915,-0.290391
0.0294618,0.809661,0.258937,-0.00385125,-0.524475
0.331413,-0.681234,-0.307888,0.557937,-0.136661
0.0208414,0.32135,0.202509,0.917524,0.113443
-0.160973,-0.0451069,-0.865608,0.325759,0.342708
0.649799,-0.224708,0.0459074,0.516129,-0.50983
0.207031,0.0443496,0.455664,-0.814515,0.287529
-0.136476,-0.112049,0.75992,-0.537548,0.315249
-0.0671279,0.0154189,-0.959688,-0.259073,0.0852199
-0.147618,0.432826,0.0815591,-0.882365,0.0761108
-0.54038,0.389565,-0.257758,-0.69936,0.00314822
-0.0686102,0.239172,0.246903,0.223906,0.908847
0.359819,-0.52885,-0.242065,-0.665517,-0.298863
-0.630844,0.400441,-0.536401,-0.252457,-0.299035
-0.245199,0.000807579,0.477153,-0.797719,0.274461
0.203795,0.299813,-0.13243,-0.91991,-0.0658876
-0.230905,-0.300038,0.423171,0.791009,0.215585
0.0848676,-0.497074,-0.454582,-0.576218,0.455765
-0.277701,0.514109,-0.436174,0.191835,-0.658454
-0.234775,0.461425,0.150996,-0.437311,-0.721206
-0.304,0.0151577,-0.362838,-0.814083,-0.338485
0.0674184,-0.0282355,-0.127422,-0.964699,0.224558
0.0314517,0.217541,-0.241768,-0.790194,-0.516372
0.209473,-0.176456,0.6512,-0.145572,0.691903
0.476927,-0.390519,0.516982,0.34113,-0.487247
-0.387224,-0.453965,0.217799,0.658962,0.403886
0.277557,-0.650305,-0.540673,-0.44929,-0.0860791
0.202315,-0.391933,0.592744,-0.497005,0.454905
0.259083,0.203027,0.798795,0.492836,0.0965696
0.430539,-0.122339,-0.687357,0.238876,-0.519969
0.50852,-0.29791,0.587753,-0.532364,-0.148395
-0.596074,-0.558889,0.457124,0.262364,-0.229626
-0.359575,0.82819,-0.375036,0.0779418,0.198614
-0.253305,-0.80519,0.352366,-0.263209,-0.310237
-0.409353,-0.762655,0.431385,-0.257919,-0.0251211
0.537849,0.455741,0.676353,-0.208476,-0.0682669
0.619303,-0.705776,-0.29669,0.180842,0.0442607
0.127249,-0.272154,-0.564104,0.767627,0.0769314
0.222332,-0.85056,0.035073,-0.351106,0.316571
-0.193233,0.466255,-0.323491,-0.454771,0.659443
0.0281982,0.441096,-0.596253,-0.660287,-0.105827
0.614356,0.284366,-0.481515,-0.544082,0.125753
0.187294,-0.520499,0.487748,-0.666321,0.0956197
0.108794,0.35785,-0.732253,-0.300226,0.483945
0.263715,-0.152662,0.136533,-0.54467,-0.770425
0.897139,-0.195627,0.00440641,-0.18221,0.347938
0.43631,0.076623,0.749848,-0.462624,0.16881
0.531029,0.650481,0.309227,-0.413779,0.174794
-0.482581,0.390585,-0.242399,-0.395258,-0.629398
0.160415,-0.408597,-0.835432,0.318504,-0.0808004
0.043942,-0.239516,-0.18759,0.0750012,-0.94935
-0.0109579,0.0247808,-0.193918,-0.266152,-0.942924
-0.191914,0.491829,0.586667,-0.513434,0.338081
0.324401,0.732617,-0.580307,0.00574716,-0.143406
-0.735287,-0.0586687,-0.305544,-0.303547,-0.519382
-0.295381,0.056968,0.457472,-0.825328,0.139712
-0.088103,-0.540241,-0.38828,0.385016,0.634519
-0.419631,-0.520456,0.402202,0.606704,0.144706
-0.75986,-0.437651,-0.0381194,0.368246,0.312222
-0.440342,0.226084,-0.779565,-0.170563,-0.341115
-0.131357,-0.605237,-0.478105,0.405227,-0.472265
0.769274,0.143756,-0.120337,0.0621397,-0.607249
0.261955,0.00485555,-0.437658,-0.694485,-0.504737
-0.344746,-0.244994,0.12126,0.475613,0.76075
-0.417606,-0.612176,-0.168819,-0.414603,-0.503236
-0.0222075,-0.142188,0.266231,0.514263,-0.801312
-0.134453,-0.787384,0.276974,-0.394174,0.359558
0.568866,-0.618917,-0.0453237,0.252624,0.474249
0.0209921,0.361632,-0.313688,0.00968091,-0.878937
-0.142682,-0.552065,0.238774,-0.638775,0.459464
0.649435,-0.676076,-0.322383,-0.056032,-0.100261
0.522994,0.791156,0.162935,0.0991177,-0.249269
0.495197,-0.782544,-0.259044,-0.0405267,0.265026
0.176117,0.29471,-0.793667,-0.0624388,-0.49577
0.178695,-0.536653,-0.189137,-0.475915,-0.645507
0.381267,0.00929121,-0.819711,0.0465839,-0.427921
-0.646292,-0.260509,0.00162069,-0.213194,-0.684217
-0.812871,-0.330805,0.403998,0.195269,0.169189
0.119432,-0.807617,0.365041,0.277741,0.348343
-0.0921966,0.623441,-0.211906,0.496297,-0.557326
-0.0285858,0.47084,0.105679,0.57895,-0.658484
-0.605682,-0.145346,-0.243234,-0.500852,-0.548876
0.766507,-0.554071,0.263105,0.150023,0.121505
0.115969,0.0885228,-0.470761,0.710734,-0.498925
0.357663,-0.523126,0.44914,0.57273,-0.268532
-0.975809,-0.092458,-0.0662373,-0.0453043,0.182246
-0.606225,-0.397844,0.41867,-0.53507,-0.117426
-0.503476,0.441562,0.326483,0.656971,-0.125274
0.242798,0.150133,0.475143,0.321435,0.767506
-0.646883,0.0416468,0.179992,-0.646383,-0.358301
-0.517532,0.240601,-0.13559,0.585712,0.559801
0.0183097,0.125088,-0.263948,-0.937096,0.195353
0.343452,0.272115,0.614855,0.602195,-0.257898
-0.00167348,0.834266,-0.236152,0.278498,-0.413032
0.343615,-0.676895,0.00797793,-0.430399,0.486077
-0.00351872,-0.0340999,0.973999,0.0779263,-0.203522
-0.29603,0.838922,0.0282142,-0.105213,0.445541
0.0898165,0.987148,0.0948593,-0.0383037,0.0960824
-0.437955,0.668529,0.118173,0.369608,0.459355
-0.0736968,-0.498245,0.617303,0.582772,-0.153341
-0.459168,-0.181651,-0.687722,-0.137153,-0.513397
0.273907,-0.091035,-0.0506811,-0.954799,0.0579609
-0.392902,-0.508196,-0.399198,0.150298,0.635592
0.589648,-0.455831,-0.482283,-0.446813,0.0970356
-0.672909,-0.358763,-0.134313,0.622745,-0.118092
0.525771,-0.266776,0.368725,-0.275517,0.665047
0.0144059,-0.091028,0.790619,0.0100942,0.607153
0.238363,0.138396,-0.787012,0.40715,-0.369828
-0.171406,0.357505,-0.255769,0.380159,-0.795169
0.567463,-0.0161219,-0.745167,0.0247323,-0.346897
-0.761319,0.223135,0.608832,-0.0364244,0.0257688
-0.553961,-0.314072,0.0524288,-0.221813,0.737531
-0.731083,-0.62439,-0.107396,-0.121697,-0.222402
-0.445177,0.0619721,0.708192,-0.0523423,-0.540525
0.479934,-0.744997,0.255462,0.263045,0.286236
0.384595,0.638912,0.441116,0.316822,-0.389763
0.625583,-0.597423,0.0720942,-0.49202,0.0519145
0.00795718,-0.706343,-0.0659486,-0.485099,-0.511316
0.493584,-0.0403008,-0.0721806,0.655414,0.565678
-0.691039,0.480697,0.171061,0.241676,0.447959
-0.466759,-0.422658,-0.477726,0.604872,-0.0987906
-0.896318,0.196972,0.17959,-0.29469,0.192353
-0.240639,-0.139249,0.843881,0.108356,0.449302
-0.575716,0.7391,0.00102832,0.266432,0.228193
0.290627,-0.712677,0.232683,-0.453629,0.3833
-0.820525,-0.522346,-0.0879505,0.205322,-0.0497805
-0.382165,0.85706,-0.166331,0.289455,0.0722801
0.689817,-0.0939384,0.235825,0.114047,0.669004
0.511625,0.176274,-0.417843,-0.694159,-0.226672
0.397704,0.132298,0.268126,0.748019,0.439817
-0.0705825,-0.448756,0.0807502,0.346792,0.815726
0.726052,-0.0239412,-0.431763,0.135772,0.515035
0.391563,-0.643924,-0.170827,-0.625622,-0.115899
0.0306828,-0.804434,-0.524397,-0.264762,0.0507094
-0.252083,0.881018,0.22928,0.31724,0.0844187
0.290361,-0.648694,-0.374559,0.518379,-0.289986
-0.276125,-0.0755246,0.276287,0.915255,-0.0464317
0.261767,0.300813,0.563669,-0.688427,0.228509
-0.406101,0.623188,0.624368,-0.229644,0.0358486
0.401701,0.202865,-0.538964,-0.144692,0.695953
-0.245659,0.8539,0.200523,-0.361172,0.196153
0.616216,-0.0849867,-0.326231,0.65794,-0.267764
-0.0607471,0.494006,0.190941,0.687948,0.49193
0.369646,0.426747,0.197969,-0.295033,-0.746472
-0.508449,0.406237,-0.442827,0.196383,0.585098
-0.778292,-0.43189,0.272237,-0.365693,0.0221104
-0.441336,-0.517928,0.483574,-0.0415296,0.547069
-0.0481749,0.323687,-0.31835,0.883011,-0.0961668
0.127679,0.378996,-0.464077,-0.549558,0.568154
-0.0714909,-0.0303018,-0.821585,-0.0324349,0.56218
-0.649243,-0.532415,-0.0147527,-0.0785151,-0.536227
-0.657311,-0.0160164,0.515039,0.547832,0.0330952
0.610721,-0.63026,-0.47648,0.0274718,0.0419403
-0.242657,-0.0564418,0.334466,-0.648775,-0.638475
0.294273,-0.0671834,0.0637224,-0.677986,-0.668831
-0.12272,-0.516904,-0.477225,0.279867,-0.638709
-0.213235,0.735015,-0.529664,0.0554805,0.361682
-0.330673,0.139284,-0.50694,-0.0406265,-0.780984
-0.541506,-0.0684346,-0.0907221,0.634605,0.538895
-0.431061,-0.181792,-0.620289,-0.512345,0.368323
-0.542988,-0.102484,0.0174635,-0.828543,-0.0896606
0.201221,0.593374,-0.366728,-0.0785687,-0.681851
0.238382,0.808944,0.292847,-0.186249,0.415966
-0.345159,0.0862528,0.124218,0.920148,-0.119083
0.427491,0.734299,0.237139,0.0299028,-0.465582
0.908036,-0.227242,0.169592,0.247416,0.178595
0.681995,-0.307442,-0.411167,-0.498743,-0.163124
0.533791,0.287879,-0.396274,-0.0854588,-0.685202
0.301691,-0.0926575,0.203144,-0.737025,-0.562641
-0.781129,0.112259,-0.02425,0.140417,-0.596663
0.219253,0.135887,0.18013,-0.448764,0.838357
0.807207,-0.027384,0.0318005,-0.230836,-0.539196
0.206238,-0.803394,-0.247181,0.0886048,0.497644
0.110993,-0.144691,0.117075,-0.896518,0.386201
-0.409488,0.393445,0.132275,-0.808745,0.0552218
-0.933982,0.200705,-0.138425,-0.256905,-0.0589691
-0.191948,0.445874,0.702002,-0.480333,0.201843
-0.818612,0.499205,-0.115422,0.202323,0.162173
0.781725,0.0789544,0.283922,0.522412,0.171478
-0.00398367,-0.479892,-0.806314,0.165322,-0.303713
-0.483444,0.35348,-0.200583,0.768459,0.099413
0.551058,0.0332644,-0.199481,0.759159,-0.292302
0.459774,-0.604031,-0.0382803,-0.631604,-0.155
-0.285461,-0.436349,0.407704,-0.748844,0.023669
-0.249709,0.523053,-0.234961,-0.459322,0.631862
0.438169,-0.880408,-0.166041,0.0865629,0.0464234
0.53807,-0.133181,0.475265,-0.482997,-0.485291
-0.366102,0.243683,-0.630634,-0.637095,-0.035491
0.0976932,0.861573,-0.0590032,-0.0513707,-0.489657
0.228008,-0.877956,0.21229,0.347647,0.111413
0.661161,-0.50097,0.158956,0.463101,0.26998
-0.135291,-0.297103,0.438964,0.714698,0.431403
-0.322999,0.0115957,0.45742,-0.376289,0.73662
0.545841,0.252727,-0.611599,0.471978,-0.199812
0.698021,-0.55074,0.253224,-0.377237,-0.0302852
0.464006,-0.413771,-0.185309,-0.352065,0.674611
-0.171072,0.0257589,0.520128,-0.0863966,0.832982
0.494132,0.0955313,0.523325,-0.0585287,0.684462
-0.168961,-0.421427,0.242453,0.540978,-0.66575
0.108221,-0.523102,0.554358,-0.587556,0.244599
-0.275388,-0.327546,0.275127,-0.855878,0.0833854
-0.310337,-0.438313,-0.266565,0.338052,0.726421
-0.348807,0.603558,0.0616242,-0.474262,0.531186
0.631632,0.357025,0.338996,-0.390117,0.455397
-0.470522,-0.033397,0.534965,-0.273404,-0.646048
-0.0407352,-0.808443,0.146973,-0.0307031,0.566691
0.476665,0.211097,-0.487108,0.648963,0.264753
0.629295,-0.273617,0.347277,-0.560929,-0.305412
-0.23688,0.825415,0.509322,-0.0221823,0.0602114
0.0751847,-0.269418,-0.125174,0.697656,-0.648657
0.0798701,0.36633,-0.669844,0.627636,-0.129682
0.543892,-0.182632,0.396887,-0.672616,0.247988
-0.280508,0.718066,0.508462,0.382448,0.0228046
-0.484294,-0.504,-0.253724,-0.507395,0.438335
0.245042,0.79006,-0.505937,-0.192728,-0.141468
0.593562,-0.147133,-0.575262,-0.531648,0.0979737
-0.313706,0.733935,-0.195715,0.343409,0.451652
-0.0207707,-0.0361181,0.571282,-0.614205,0.547217
0.0279444,0.753057,-0.0242624,0.436446,-0.488443
0.509818,-0.382948,0.554289,0.198648,0.496077
0.323876,0.329392,0.629125,-0.131404,-0.610408
-0.0321037,-0.351149,-0.243067,0.391874,0.815078
-0.663581,-0.331334,-0.379427,0.503367,-0.228817
0.088167,0.844013,0.350521,-0.283861,-0.27706
-0.333766,-0.471851,-0.194959,-0.420001,0.674386
-0.149349,-0.399179,0.188019,0.139889,0.873377
-0.718262,0.450898,0.251306,-0.261651,0.383827
-0.939229,-0.134217,-0.0895197,-0.238634,0.188463
0.486404,-0.0757379,0.218009,0.350376,0.765899
0.593541,-0.0690609,-0.482386,0.593213,-0.247973
-0.18442,-0.0193593,-0.650126,0.300833,-0.672082
0.0640008,0.254793,-0.481301,0.356303,-0.754172
0.880002,-0.164081,-0.31101,0.295913,-0.111012
-0.276186,0.0813801,-0.53227,0.474378,-0.639466
0.214201,-0.250897,0.687309,0.483579,-0.430297
0.142333,0.579212,0.701079,0.290411,0.261768
-0.239618,-0.219733,0.727393,0.575478,0.186399
0.204066,0.597526,-0.639532,0.40461,0.16782
0.284383,0.359284,0.572342,-0.517983,0.441321
0.655166,-0.189167,-0.26594,-0.412524,-0.541529
-0.613309,-0.0795579,0.0947435,0.389759,-0.67508
0.359969,0.652072,-0.276563,-0.543713,0.271774
-0.53122,-0.216732,-0.550423,0.594338,-0.114278
0.593266,-0.0347355,0.737685,0.128932,-0.292545
0.739573,0.293163,-0.216961,0.218169,0.523831
0.0697281,-0.0117722,-0.906416,0.413546,-0.0229279
0.611437,0.389462,0.143935,-0.309435,-0.600065
-0.693221,-0.0957129,-0.283497,-0.648056,0.107681
0.217718,0.837803,0.266078,-0.0216238,0.425599
0.405989,0.4224,0.538371,0.0291713,-0.603054
-0.275786,0.147778,-0.0479321,0.637449,-0.705188
0.581753,0.663541,0.121814,0.0364769,-0.450195
0.25221,0.278761,-0.615517,-0.577159,0.382007
0.779364,-0.609241,0.150609,0.010578,-0.014491
-0.0781681,0.361918,-0.707448,0.483036,-0.357654
0.119507,-0.441401,0.432675,0.344572,-0.69662
0.394897,-0.761568,-0.300771,-0.415305,-0.0290674
-0.0452215,0.229128,-0.569531,0.187635,0.765375
-0.491733,-0.224273,-0.331416,0.720269,-0.27668
-0.329523,0.0549878,-0.228165,-0.894523,-0.19534
-0.385498,-0.143117,0.0453406,-0.655936,0.631921
-0.306311,0.773371,-0.369976,0.198205,0.366137
0.30276,0.562986,0.699765,0.253481,-0.196036
0.893248,-0.293949,-0.307198,0.0763926,-0.126896
0.590875,-0.375048,0.646705,0.118953,-0.276674
0.061831,-0.394025,0.0225584,-0.917911,-0.0165169
-0.330572,-0.353025,0.170541,0.830139,-0.223879
0.264428,0.658747,-0.206143,-0.650888,0.17733
-0.534023,0.411862,0.0275268,0.738121,-0.00391071
-0.247169,0.0380876,0.669635,0.560198,0.419357
0.390137,0.667446,-0.553314,-0.0567057,-0.302365
-0.178781,-0.116671,0.26645,0.658869,-0.672101
-0.476136,-0.36105,0.703329,0.305524,-0.228738
0.461693,-0.0586529,0.565358,-0.680928,-0.011405
0.780106,-0.284574,-0.158475,-0.290505,-0.446525
0.153702,0.520485,-0.282728,0.31098,-0.726589
-0.212155,-0.405462,-0.384507,-0.260439,0.75752
-0.0877411,0.45916,-0.342113,0.667308,0.468728
-0.0156013,-0.248281,-0.762511,-0.522267,-0.292619
-0.801612,-0.0366645,0.533184,0.258976,0.0812981
-0.0439941,0.313846,-0.798239,0.399884,0.317639
-0.250821,0.772924,0.0466585,0.489231,0.312759
-0.0675387,0.409888,0.166717,0.771376,-0.456581
0.619615,-0.208692,-0.501304,0.552973,-0.130273
-0.0877366,0.367494,0.323577,0.240829,-0.831454
-0.631017,-0.370409,-0.524539,0.432744,-0.0411818
0.396783,0.748355,-0.350301,0.17,-0.357853
0.0414476,0.267985,0.941261,-0.168867,0.121435
-0.120073,-0.882701,-0.0281121,-0.405152,0.208988
-0.45639,-0.219344,-0.850785,-0.112929,-0.100718
-0.589403,-0.544353,-0.559048,0.145612,-0.151843
0.834425,0.290953,-0.381974,0.233247,0.146408
0.453267,-0.449298,-0.0173742,0.754981,0.125625
0.858567,0.320514,-0.258212,0.0179481,-0.304109
0.0291877,-0.766167,-0.142655,-0.241105,0.575713
0.277147,-0.282804,0.540619,-0.436666,0.601146
0.140276,0.171803,-0.482161,0.350076,-0.772309
-0.0549738,0.230681,-0.568357,0.425053,0.666226
0.0226825,-0.187025,0.534177,-0.249764,0.787469
-0.865754,0.119825,0.0946289,-0.476279,0.0191475
-0.200942,-0.957793,-0.19109,-0.00746935,0.0681161
0.308947,-0.467351,-0.337708,-0.554952,-0.51434
-0.743483,-0.45895,0.185165,-0.444052,-0.0234964
0.584906,0.000428442,0.385696,-0.577564,0.417542
-0.190945,0.119867,-0.490467,0.815755,0.203578
-0.28818,0.579342,0.488235,-0.0944708,-0.577324
-0.223108,-0.475844,-0.749522,-0.0503157,-0.400434
-0.352027,0.222516,-0.389334,-0.731925,-0.371305
-0.0924152,-0.319626,0.639786,-0.646068,0.256548
0.347638,-0.0675965,-0.792395,-0.187346,0.462577
0.71041,-0.378777,-0.105573,-0.3283,0.481699
-0.377936,-0.697513,-0.111228,0.521531,-0.289792
-0.0675977,-0.145644,0.074023,-0.0666871,-0.982871
-0.143179,-0.525698,-0.306692,-0.559813,-0.54536
0.607514,0.519662,0.293698,-0.352722,0.387494
0.0254413,-0.408981,-0.329562,-0.221939,-0.819525
-0.914721,0.12803,-0.0995737,-0.0695098,0.365074
0.0732047,-0.0932489,-0.440894,-0.195638,-0.867119
-0.119365,-0.0260737,-0.460214,0.879961,-0.0289351
-0.830961,0.253162,-0.088576,0.176307,0.449739
-0.00582861,-0.530564,0.0613147,-0.580877,0.613724
0.0469649,0.0694459,0.310341,0.556798,0.764825
0.00769871,-0.563723,0.676216,0.129379,-0.454025
-0.255509,0.669615,0.0831938,0.555606,-0.416757
-0.435721,0.25692,0.380718,-0.696162,0.335516
0.626614,-0.238319,-0.136018,-0.200203,0.699812
-0.174419,0.30041,-0.906658,-0.235379,-0.065691
0.0704197,0.595572,-0.757686,-0.13966,0.2103
0.483287,-0.218565,-0.644178,-0.503787,-0.225896
0.341998,0.0480214,0.74225,-0.197644,-0.539068
-0.304748,0.373109,0.345524,-0.642744,0.486649
-0.471776,-0.199516,-0.539388,0.114125,-0.66087
-0.28118,-0.547124,0.16507,-0.368243,-0.676686
0.372457,0.499714,-0.104666,-0.00812889,0.773537
-0.0963072,0.329723,0.311511,-0.752273,-0.472189
0.0670482,0.603138,-0.182894,0.77042,-0.0600322
0.632244,0.406219,0.125092,0.649143,0.00121817
0.0571172,-0.553534,0.291958,-0.400335,-0.667232
-0.374922,-0.1502,-0.082965,-0.650652,-0.63748
0.322546,0.146738,-0.0565809,-0.0367075,-0.933413
-0.265025,-0.79223,0.260632,0.287548,-0.386582
0.410158,0.519191,0.749136,-0.022252,0.0172079
-0.619527,0.176824,0.698869,-0.215832,-0.223712
-0.124995,-0.125856,0.750977,0.314395,-0.550621
0.287527,-0.648723,-0.237292,0.375852,-0.547762
-0.329211,0.0958154,0.0322004,0.823192,0.448327
0.0136879,-0.498741,-0.362299,0.0307204,-0.78633
-0.583894,-0.0977908,-0.264797,-0.520562,-0.552818
-0.261713,0.86585,0.357822,0.22398,0.0531938
-0.0904231,-0.108379,-0.258776,0.953917,-0.0532192
-0.477918,0.683001,0.37231,-0.179514,-0.363644
0.163995,0.834683,-0.244363,0.0250304,0.464266
-0.470765,-0.334998,0.354649,-0.526004,0.517327
-0.097479,0.18396,-0.871573,0.426872,-0.129581
0.28562,-0.707738,-0.1879,-0.420341,0.458875
0.507804,-0.0144005,0.642289,-0.1841,0.543277
0.0201921,0.24959,0.476947,0.50281,-0.678612
-0.163501,-0.297607,0.787095,-0.442728,-0.256242
-0.465187,0.366393,-0.775703,0.200926,-0.0835512
0.12792,0.288509,-0.420105,0.644801,0.555668
-0.837238,-0.248067,0.388494,0.0363864,-0.287887
0.493678,0.544268,0.59697,-0.316527,0.0503718
-0.902743,-0.403036,-0.0105344,0.077762,-0.125969
-0.253533,-0.0569773,-0.0307679,-0.941016,-0.2169
-0.698502,-0.134558,0.458307,-0.495904,-0.190316
0.489015,-0.836601,-0.0187171,0.234947,-0.0477748
-0.835836,-0.0552395,0.332664,-0.350164,-0.256857
-0.867606,-0.256203,0.405897,-0.108539,-0.0863958
0.105782,-0.15266,-0.952465,0.0144255,0.241136
-0.222111,0.173131,0.0969024,0.407976,-0.864698
0.379999,0.0147503,0.697107,-0.479646,0.378076
0.0472903,0.212222,-0.749771,0.0169105,-0.62342
-0.84113,0.393357,0.156405,-0.314322,0.11796
-0.538424,0.0572499,-0.634451,0.317112,0.447542
0.170116,0.85017,0.263827,0.357253,0.228309
-0.428126,-0.409082,0.142834,0.600436,0.517813
0.628245,0.38291,-0.459604,0.0250131,-0.497562
-0.349927,-0.489099,-0.309422,-0.721355,0.135102
0.283877,0.537586,-0.0255753,-0.341737,0.717514
-0.236477,0.0680975,0.488993,-0.705716,-0.448761
0.405324,-0.30966,0.618107,-0.220973,-0.554724
-0.782154,-0.545953,-0.00936435,0.109444,-0.278417
-0.686252,0.171486,0.106987,-0.686348,0.139274
-0.838548,-0.054397,-0.42668,-0.209737,-0.260456
0.146394,0.048525,-0.174331,-0.607655,-0.759559
-0.476088,-0.698446,-0.0218278,0.392441,0.363613
0.655078,0.256607,-0.18378,0.591971,-0.351724
0.784668,0.49959,0.0833792,0.334391,-0.118337
0.256172,0.640912,-0.17654,0.6887,-0.14718
-0.230779,0.149063,0.176615,0.645754,0.688809
-0.892772,-0.0358738,0.176947,-0.346785,-0.229161
0.448587,-0.623587,0.144444,0.303579,0.54353
0.587401,0.733577,0.129653,-0.147305,-0.283111
-0.201389,0.177692,0.332687,-0.407745,-0.807424
-0.287799,-0.484728,0.452989,-0.677158,-0.12954
0.0105459,-0.278482,0.723213,0.0610155,0.629439
0.0214912,0.550096,-0.522026,0.549129,0.347002
-0.103118,-0.235259,-0.367969,-0.507027,0.736468
0.0955441,-0.956086,-0.0577709,-0.253804,0.0808194
0.558298,0.52237,-0.412758,0.204814,0.450181
-0.365677,0.532587,-0.692417,-0.0324277,0.322118
0.698584,0.650969,-0.19332,-0.0814688,-0.2086
-0.190491,0.0365451,0.359568,-0.908619,-0.0748272
0.663187,-0.550978,0.295276,-0.411917,-0.00644302
-0.358678,0.12739,0.213113,-0.615957,-0.658285
-0.248495,0.672301,-0.578597,-0.0936483,-0.379736
0.0216835,0.145311,-0.703869,-0.260701,-0.646817
-0.442762,-0.108884,-0.883984,-0.101749,-0.0350454
0.0164401,-0.711157,0.277128,-0.610986,-0.218662
-0.0552306,0.508686,0.0292884,-0.564183,-0.646926
0.810285,-0.474211,0.183808,0.0461344,-0.291948
0.181623,-0.00215811,-0.1311,0.153878,-0.962048
-0.712927,-0.073771,-0.562758,0.302357,0.2853
-0.293051,-0.643918,0.298998,0.151966,0.620069
-0.335423,0.564815,-0.309903,0.653974,0.210517
0.539246,0.138546,0.254441,-0.0615299,0.787325
-0.541203,0.0282375,-0.690408,0.405668,0.254429
0.287732,0.0974719,-0.226726,-0.923306,-0.0489963
-0.736573,0.268512,0.532846,0.27134,-0.167245
-0.0212942,0.261267,-0.385694,0.599656,-0.651582
-0.175827,-0.174314,-0.233865,0.312061,0.884596
0.282196,-0.296966,-0.0647675,-0.167724,-0.894146
0.111482,0.32954,0.182959,-0.169167,-0.901646
-0.308673,-0.324381,-0.550873,0.139806,-0.689677
0.513176,0.704657,0.393813,-0.0523339,-0.287763
0.170898,-0.662585,0.0314559,0.64044,0.351199
0.590629,0.778299,0.0781111,0.0522346,-0.193699
-0.15381,0.160251,-0.197726,-0.0850743,0.95121
-0.00816454,-0.0521903,-0.494608,-0.867285,0.0130386
0.18769,-0.334181,0.478375,-0.205249,0.763128
-0.0567879,0.657553,-0.7337,-0.0492323,-0.164051
0.290059,-0.00841586,-0.00252407,-0.485656,-0.824387
-0.735329,-0.136105,0.13065,0.0400692,-0.650159
-0.453627,0.402107,-0.381477,0.693026,0.0752231
0.726155,-0.126278,0.116233,0.407838,0.522813
-0.79663,-0.206417,0.531236,0.180784,-0.0953996
-0.229128,0.328498,0.186635,-0.878425,0.180193
-0.0229588,-0.334741,0.494956,0.409078,-0.691648
0.489361,0.779918,0.174682,0.329442,-0.108993
0.510256,-0.219363,-0.0240803,0.523579,0.646558
-0.613724,0.571119,-0.142501,-0.467544,0.243708
0.201338,-0.414806,-0.49286,0.59024,-0.439104
0.71498,0.077325,-0.412989,-0.514572,0.220759
0.503321,0.242312,0.393397,-0.138475,0.7192
-0.421275,0.0963968,0.341062,-0.811976,-0.192462
-0.811337,0.0559622,-0.0262052,-0.555751,0.175351
-0.326301,0.747245,0.215666,-0.03084,0.537016
-0.0927285,-0.0329359,0.987512,0.083906,-0.100658
0.668877,0.29105,-0.110532,0.494004,-0.46196
-0.441721,0.503345,0.250537,0.544367,-0.441247
0.364839,-0.269008,-0.00999459,0.255434,-0.855053
-0.220966,0.643488,0.516193,0.518418,-0.0375966
-0.262341,-0.534197,0.239685,0.293216,0.706402
0.369113,-0.26679,-0.225582,0.779986,-0.362737
0.335451,-0.453912,0.476913,-0.380447,0.555776
-0.417819,0.166752,-0.619781,-0.0487276,-0.640465
0.458887,-0.378542,0.173223,-0.718767,-0.324931
0.000420769,0.664215,-0.20511,-0.677825,0.240618
-0.275607,0.612372,0.557745,0.12982,0.468188
-0.232516,0.836817,0.196925,0.240834,0.385133
0.0334554,-0.780427,-0.0107148,-0.608471,-0.149068
0.668132,0.0528328,-0.732399,0.112848,-0.0541493
0.644757,0.598219,-0.00559466,-0.348054,0.329261
-0.345878,-0.107884,0.791603,-0.474347,0.134106
0.693812,-0.136499,0.700678,0.0594097,-0.0558325
-0.405196,-0.158618,-0.782268,-0.250771,0.369421
0.0785318,-0.410136,-0.0674415,0.130866,-0.898101
-0.28056,-0.136231,-0.651839,0.248598,0.644792
0.557718,-0.757991,-0.0764578,0.171689,0.278353
-0.421121,-0.0908523,-0.508115,0.473298,-0.578416
-0.53311,-0.290538,0.335928,0.68308,0.227453
-0.154965,-0.849839,0.0627183,-0.148579,-0.475033
0.376111,0.177283,-0.756325,-0.195366,-0.460841
-0.0747583,-0.100451,-0.43394,0.538794,0.70763
0.540116,0.267706,-0.676591,0.354566,0.222305
0.179448,-0.969731,-0.0136897,-0.10779,0.123766
0.649188,0.429458,0.120661,0.513058,-0.345578
-0.797139,0.567669,-0.0705713,-0.138361,0.13104
0.477792,-0.00294947,-0.428574,-0.726473,0.245782
0.32209,0.387132,-0.641323,0.481486,-0.320351
-0.61351,-0.196763,-0.606703,0.149726,-0.43982
-0.539317,0.267033,-0.0750593,0.276079,0.745834
0.449593,0.436306,0.601603,0.363965,0.336946
-0.156335,0.645607,0.433388,-0.274575,0.542344
-0.213615,-0.820491,0.353693,-0.389298,-0.0388778
-0.566988,-0.0643653,0.483789,-0.434999,-0.498944
-0.347545,-0.585375,0.103241,0.716958,0.111376
-0.0187561,-0.481386,0.78669,0.00425266,-0.387918
-0.60906,-0.485342,0.303399,0.144472,0.529739
-0.588848,0.428479,-0.431842,-0.0577634,0.526902
0.0566013,0.810082,0.560276,-0.0565339,-0.143886
0.206954,-0.217457,-0.330138,-0.885938,0.130289
-0.135875,-0.402698,-0.855193,0.126765,0.269261
0.165182,0.886952,0.245764,0.215031,0.284753
0.0915718,0.158989,-0.212001,0.575076,-0.769598
0.595153,-0.285957,-0.614941,0.139599,-0.403293
-0.334823,0.427858,0.0873504,-0.352007,0.760466
0.38618,0.285216,-0.509779,-0.272203,-0.659761
0.796447,-0.0654399,0.306171,0.397633,0.328183
-0.0723613,-0.915294,-0.154575,0.367592,0.000988189
-0.133343,0.27012,0.0935824,0.944175,0.0943716
0.317741,-0.509808,-0.253412,0.529093,0.540629
-0.231378,0.194624,-0.348301,-0.840696,0.284108
0.724511,-0.140055,0.103723,0.281399,-0.604138
-0.614829,0.0747554,-0.0958199,0.598663,-0.503194
-0.861061,-0.242688,-0.117788,-0.419688,-0.0819659
0.456328,-0.215475,-0.502415,-0.530632,0.460645
0.22732,-0.89994,-0.202197,0.308229,0.0455178
-0.465746,-0.338458,-0.163138,0.0449077,0.801018
-0.11612,-0.3624,0.495593,0.772982,0.118437
-0.458117,-0.736794,0.150215,0.452969,-0.12206
0.492674,-0.293249,0.150586,-0.344086,0.729424
-0.161892,0.0262287,0.266952,-0.948123,0.066906
0.46752,-0.173822,0.117478,0.299196,0.804795
-0.312479,-0.103673,0.369548,-0.00356131,0.869902
-0.349128,-0.583064,-0.349961,-0.213626,0.610633
-0.543851,-0.174978,0.522094,-0.521926,-0.360758
0.205448,-0.952442,0.00876688,0.225859,0.0447469
-0.527123,-0.62197,-0.0117564,-0.168803,0.554939
0.354584,-0.227945,-0.545887,0.383537,0.613216
-0.653986,-0.526657,0.393417,0.173615,-0.332636
0.545567,0.262551,0.601107,-0.495582,-0.159667
-0.503334,-0.48667,-0.121329,-0.54854,0.443251
-0.654376,-0.125253,-0.648245,-0.36445,0.0102538
-0.257074,0.0618402,-0.817194,0.503433,0.0968192
0.588884,0.0137079,0.551728,-0.553682,-0.192032
0.422381,0.667975,-0.0899055,0.523026,0.304426
-0.378379,-0.367959,-0.581253,0.29467,0.544731
0.225133,0.0876153,0.231836,0.595487,-0.72973
-0.0903575,-0.518342,0.448508,0.505269,-0.515009
0.698788,-0.157765,0.0806968,0.19598,-0.663411
-0.0450732,-0.191611,-0.640461,-0.669009,0.325304
0.140098,-0.884572,-0.2252,0.173285,-0.337669
-0.887606,-0.290074,0.296389,0.197917,0.0284587
-0.00777543,-0.0758003,-0.773868,-0.190125,0.596667
0.362537,0.757569,-0.182524,0.347116,-0.371076
0.0303028,-0.953613,0.292491,0.0297835,0.0778176
0.0429891,-0.123005,0.158712,-0.677385,-0.705422
0.0214497,0.104609,-0.989941,0.0498509,0.0940145
-0.543061,0.138114,-0.196036,0.60265,0.534597
0.352703,0.200087,-0.67795,-0.593375,0.157863
-0.527921,0.0682698,0.572376,-0.0857836,-0.615814
-0.49449,0.258624,0.735388,0.0338244,0.3835
-0.334505,0.63222,-0.0532709,0.205575,0.666606
-0.600464,-0.454849,-0.614897,-0.224614,0.0728742
0.665293,0.629457,0.35695,-0.142406,-0.111697
-0.207339,-0.453614,-0.188826,0.340326,0.774679
0.349927,0.309045,0.233662,-0.586763,-0.621936
-0.125305,0.468717,-0.698796,0.0411946,-0.524299
-0.482587,-0.70158,0.484042,-0.0321191,-0.197525
0.534247,-0.739675,-0.0665248,0.113258,0.388338
-0.685717,-0.373612,-0.158027,0.598848,-0.0656529
-0.720976,-0.532409,-0.0247978,0.400437,0.185913
-0.118286,-0.300044,0.567862,-0.556677,-0.514279
0.332663,0.340489,0.561333,0.661271,0.142572
-0.420872,0.536081,0.206736,-0.229763,0.66254
-0.57332,-0.691907,-0.249652,-0.149884,-0.32394
0.758212,-0.141579,0.246739,-0.0475456,-0.579438
0.0167892,-0.0410322,-0.50112,0.581717,-0.639808
0.139948,-0.21217,0.660826,-0.663918,-0.235894
-0.103722,-0.0657093,0.226147,0.935455,-0.239133
-0.422692,0.591793,0.408216,0.158411,0.530576
-0.204852,-0.101948,-0.328246,0.915402,0.004775
-0.29963,0.126149,-0.251111,-0.454334,0.79288
-0.501603,0.767869,0.337275,0.0394523,-0.202421
0.00136797,-0.112779,-0.892556,-0.315497,-0.295521
0.199548,0.548824,0.0362435,0.0146625,0.810413
-0.320696,0.521076,0.362936,-0.457678,0.535251
0.139722,0.581684,0.0433621,0.271699,-0.751883
0.59713,0.470669,0.132322,-0.599987,0.211704
0.0199341,0.0874711,-0.0807882,0.377999,-0.919299
-0.513543,-0.704409,0.135397,-0.457896,-0.103033
-0.188002,0.52132,-0.107652,-0.470665,-0.676151
0.286845,-0.663459,-0.0395613,-0.665306,-0.185123
-0.104075,-0.376146,0.332645,0.655187,-0.555036
0.463848,-0.373853,0.504447,-0.3241,-0.532699
0.293187,-0.211893,0.0111666,0.92021,0.157344
-0.440822,0.74186,-0.27613,0.421506,-0.0103827
0.156893,-0.0313691,0.407791,-0.684716,-0.582572
-0.228717,-0.626722,-0.129914,-0.316267,0.663196
0.28888,0.389802,0.0434308,0.0544935,0.872384
0.297897,-0.740254,0.499116,-0.0887149,-0.322898
0.951053,-0.211488,0.0675355,-0.062375,0.197726
-0.185201,0.267774,0.426409,0.029816,-0.844233
0.337495,-0.118803,-0.88076,0.00152051,0.309158
0.328134,-0.724381,0.163807,-0.5101,-0.283766
-0.359678,0.42088,-0.058876,0.781476,0.27653
0.16694,-0.0565751,-0.156236,0.398833,0.886015
0.15822,-0.492248,-0.677416,0.308022,-0.423344
-0.722665,-0.523471,0.38297,0.00943556,0.23479
0.0054787,-0.0195538,0.981302,-0.081223,-0.163935
-0.109114,-0.955797,0.233064,0.153131,0.0267373
0.0446724,0.769103,-0.605724,-0.191031,0.0682371
-0.495106,-0.72647,0.173476,-0.409924,-0.168927
-0.370508,0.556908,0.252435,-0.172484,-0.677994
-0.555074,0.552866,0.0310693,0.604017,0.133774
0.517133,-0.114794,0.0502757,-0.837209,0.124558
0.774152,-0.188272,0.407943,-0.38995,0.21308
-0.291161,-0.365965,0.230686,0.360113,-0.773189
0.886102,0.174322,-0.263473,-0.0946162,-0.325526
0.0185549,-0.319815,0.191046,0.473579,0.797018
-0.0068163,-0.542947,0.19391,0.815907,-0.0667453
0.134458,-0.0386071,0.825367,-0.0534499,0.546283
0.736304,-0.390599,0.460637,0.303979,-0.0224696
-0.415902,-0.429023,-0.308052,-0.742869,-0.00504977
0.0694878,-0.0643022,0.267785,0.547847,0.784736
-0.279362,0.0759917,-0.577049,0.640404,-0.417796
-0.295448,-0.245326,-0.0884317,-0.705625,-0.589918
-0.54554,0.765877,-0.134953,-0.302085,0.0825181
-0.202716,0.301906,-0.0629364,-0.259169,0.891162
-0.442924,0.247903,0.776757,-0.00550048,-0.370427
0.728098,-0.152476,0.610099,0.234263,-0.149033
0.263308,-0.144453,0.319808,-0.547117,0.712195
-0.069046,0.228678,-0.883391,0.017936,0.40283
0.3186,-0.331824,0.641977,0.0780134,0.609797
-0.634663,0.430391,-0.213128,0.326119,-0.508704
-0.00570968,0.232315,-0.128901,0.958421,0.0949198
0.35454,0.165461,0.169799,0.487259,0.762797
-0.531314,0.776722,-0.041447,0.235395,0.240648
-0.245632,0.137494,-0.859478,0.402183,0.148954
0.41758,-0.870369,-0.146744,-0.1358,0.161739
0.0607745,0.796363,-0.116187,-0.0112026,-0.58798
0.62025,0.165204,-0.670341,-0.356695,-0.11208
-0.787964,-0.25273,0.406656,0.247541,0.296673
-0.957719,0.0877229,-0.23132,-0.101231,0.0905504
-0.518336,0.364914,0.0502572,-0.248664,-0.730318
0.644585,0.32146,-0.362,-0.400686,0.432575
0.0592899,0.0558756,0.0598293,-0.471997,0.876884
-0.370705,-0.17113,0.411095,-0.172988,0.795545
0.14622,-0.418226,-0.0902515,-0.787044,-0.4211
-0.563078,0.72632,0.166084,-0.152636,-0.318818
0.490523,0.433845,0.244895,-0.668063,-0.255014
-0.459144,0.0207257,0.834121,-0.180647,-0.247143
0.582412,-0.206385,-0.485363,-0.620637,-0.0153671
-0.591404,-0.163945,0.262338,0.675843,0.307003
-0.0277089,0.411586,-0.329583,0.840076,0.125811
0.522181,-0.790351,0.308278,0.0678001,-0.00470809
-0.224527,-0.586106,0.174848,0.289906,0.701008
-0.256781,0.800633,-0.0931081,0.507942,-0.162647
0.064096,-0.343108,0.278322,-0.258547,-0.857251
-0.600636,-0.00348092,-0.509414,-0.278629,0.549754
-0.86221,0.113882,0.330371,-0.327312,0.171862
-0.148696,0.276414,-0.713358,0.384491,0.494119
-0.125313,-0.135721,0.721609,0.623203,0.236768
0.0777659,-0.273161,0.0601423,0.426403,-0.858167
-0.510971,0.694634,-0.3764,0.204183,-0.27314
-0.451998,0.401111,-0.459715,0.615852,0.206104
0.194871,0.299074,-0.379576,0.235695,0.822829
0.467213,0.204625,0.0599647,0.855233,-0.0760048
-0.621578,0.493846,-0.0438806,-0.605005,-0.0181744
0.854932,-0.103618,0.499365,-0.014048,-0.0849763
-0.323864,0.695954,-0.450615,0.456849,-0.0306637
-0.260555,-0.465514,-0.609504,-0.49683,0.308437
-0.0518599,-0.174091,-0.951246,0.226315,-0.100356
-0.343272,-0.24427,-0.542041,0.552824,-0.473435
-0.0413136,-0.366431,0.184502,-0.845108,0.345829
-0.168926,-0.244182,0.627469,-0.0514942,0.716113
-0.262081,0.329516,0.518807,-0.705814,0.233374
0.612251,-0.0735251,0.376044,-0.435234,0.538295
-0.060599,0.168301,0.454839,-0.840907,0.22908
-0.884402,0.11701,0.184116,0.159411,0.381352
-0.802495,-0.177669,0.50016,0.0505974,0.273336
0.602342,-0.393166,0.207519,-0.637979,-0.176735
-0.0760949,0.0936879,-0.37357,0.105245,-0.913705
0.201277,-0.360446,0.0411613,0.876238,-0.249821
-0.383437,0.125083,-0.905292,0.0904276,0.0747416
0.51778,-0.79756,0.0505056,0.263406,0.148768
0.155173,0.502157,-0.278491,-0.183097,0.7854
0.264466,-0.941355,-0.172076,0.0755361,0.10699
0.200449,-0.74963,0.193577,-0.267361,0.536113
0.437302,-0.897252,0.0281924,0.0409104,0.0464967
0.194789,0.594995,0.309357,-0.133791,0.703829
-0.228201,0.573997,-0.139141,0.00911813,-0.773695
0.9406,0.207453,0.174845,0.130313,-0.149641
-0.663278,-0.379999,0.579471,0.163525,0.231171
-0.146042,-0.34348,0.208771,0.898699,0.0979182
-0.499114,0.604684,-0.0455172,0.435955,0.43862
0.53507,-0.20525,-0.209367,0.63878,0.471765
-0.274072,-0.804041,-0.390583,-0.0222273,-0.352682
-0.730564,0.549133,-0.0664171,0.367797,0.163191
0.543387,-0.289553,0.122827,-0.279317,-0.726515
-0.146963,-0.801029,-0.0395524,0.392707,0.424748
0.576582,0.128615,-0.662152,0.369855,0.266933
-0.588236,0.0143493,-0.205417,-0.00597603,0.780249
-0.0486192,-0.0777774,-0.388438,-0.282007,-0.870704
0.0179774,-0.625678,0.244429,0.455384,-0.586126
0.271763,-0.278825,-0.855671,-0.0235034,0.347192
-0.000495399,0.0676941,-0.81248,0.00936899,-0.576339
-0.426676,0.342872,0.700735,-0.392593,0.23063
-0.753158,0.232385,0.371969,-0.0924952,0.4799
-0.0887131,-0.0927334,0.963429,0.173333,0.159082
-0.294619,-0.343968,0.302312,0.057317,-0.839621
-0.322935,0.601877,0.152194,-0.578327,0.419875
0.576597,0.223645,0.728853,0.218778,-0.199045
0.592617,-0.527611,0.539619,-0.24736,-0.128826
-0.605196,-0.0801624,0.347566,-0.276914,-0.655876
0.871211,0.276441,-0.352651,-0.181916,-0.0797797
-0.10619,-0.149082,-0.956532,-0.179502,-0.132975
-0.308879,-0.485355,-0.193515,-0.169862,0.778174
-0.741302,0.494932,-0.0259153,-0.0194533,-0.451508
0.510723,0.359777,0.00257703,0.216241,0.749512
0.452598,-0.200517,-0.387804,-0.586273,0.514584
-0.232693,0.544253,0.477412,-0.502819,-0.410279
0.675344,-0.541703,-0.103853,0.459025,0.176661
0.446129,-0.413583,-0.772044,0.102603,-0.153181
0.298793,0.142943,-0.773073,-0.173422,0.510754
-0.419039,-0.311981,-0.549386,0.623736,-0.194551
-0.213339,0.101855,-0.758049,-0.542984,-0.26683
0.421617,-0.363292,-0.435366,0.0432899,-0.706664
0.133384,0.645525,-0.669347,-0.0491306,0.341742
0.369357,0.259283,0.355475,0.429143,-0.696583
-0.0146373,0.323469,-0.573114,0.752562,0.0479581
-0.40286,0.45028,0.190907,0.612004,0.472365
-0.286734,-0.192306,-0.16162,0.524584,-0.758445
-0.488036,0.363758,0.348417,0.678103,0.223719
0.0539087,0.926039,0.122854,0.220838,-0.274465
0.207386,-0.573468,0.692642,-0.38262,0.0167178
0.425072,-0.182905,-0.501116,0.469219,0.559786
-0.793049,0.447982,-0.0146255,0.169659,-0.374508
-0.0484831,-0.566072,0.119308,0.502124,-0.642827
0.469694,0.598326,-0.212585,-0.526928,0.310537
-0.746199,-0.251067,-0.0312708,0.368714,0.491575
-0.11777,0.0587137,0.723486,-0.652745,0.18211
0.283767,-0.463316,-0.635895,-0.467467,-0.285641
0.0215474,-0.269479,-0.0993763,0.851359,0.436648
0.505941,-0.566731,0.445227,0.453884,0.12886
0.352325,0.255282,-0.769719,0.448518,0.126796
0.384165,-0.636551,0.358717,-0.56406,-0.00394841
0.634025,-0.239063,-0.446194,0.361986,0.459484
0.573908,0.538109,-0.359031,0.417103,-0.276819
-0.640038,-0.339924,-0.411123,-0.55221,0.00557583
-0.285272,-0.120407,-0.596566,0.151378,0.724329
0.720199,-0.588279,-0.193363,0.28573,-0.135548
-0.351616,-0.611327,-0.48264,0.0414567,-0.515626
0.598166,0.668319,0.0300786,-0.441705,0.00662584
0.830724,-0.300895,0.388818,-0.0997952,0.236019
0.0900859,-0.843191,0.395502,-0.25547,-0.241489
-0.0893751,-0.280857,-0.915683,0.240696,0.131092
0.437103,0.198014,0.473232,0.593489,0.439186
-0.140235,-0.0151074,0.619941,0.762561,0.128177
0.512564,0.380842,-0.724065,0.0938591,-0.238157
-0.829403,-0.309945,-0.128958,-0.443253,-0.0141504
-0.205872,0.362671,0.507047,-0.59862,0.457821
-0.181083,0.240894,-0.525552,0.360063,0.711905
0.229758,0.00304126,-0.186172,-0.651015,0.698957
0.0255238,-0.469113,0.494066,0.726268,-0.0833914
0.354234,-0.15602,0.769467,0.169853,0.481229
0.110151,0.827408,0.0761887,0.264645,0.474162
0.277781,0.0239194,-0.85463,-0.205157,-0.390245
0.302053,-0.493987,-0.213298,0.672254,0.411535
0.792972,0.157564,0.101794,-0.404084,0.41737
0.0612517,-0.267107,-0.791913,-0.542333,-0.0341886
-0.778909,0.3584,0.084169,0.123796,-0.492811
0.425644,-0.369662,-0.239039,-0.267445,-0.742516
0.202052,-0.305643,-0.714095,-0.419645,0.422394
0.326875,0.148061,-0.855705,-0.0244561,-0.367997
0.0754605,-0.812833,0.363261,0.411632,0.181397
0.410428,-0.730869,-0.37253,-0.37329,-0.13073
-0.0371144,-0.524033,0.104003,-0.33325,0.773674
0.731496,0.292732,-0.599172,-0.0622099,-0.137086
0.384908,-0.652942,-0.125992,-0.0993397,0.633998
-0.712837,-0.0902156,-0.348764,-0.253446,0.547265
-0.242567,0.471571,-0.163466,0.576976,-0.599558
0.177864,0.850054,0.126681,-0.0492819,-0.478622
-0.243144,0.567085,0.488157,0.0430118,0.616503
0.209154,0.324835,-0.823086,-0.248454,-0.330968
0.380967,-0.302222,0.173074,-0.708862,0.47836
-0.48974,0.680771,-0.460881,-0.197509,0.219042
0.23149,0.487224,-0.10281,0.682154,0.479559
0.18349,0.473491,0.49629,-0.540169,-0.449126
0.0238342,-0.149781,0.196843,0.543645,-0.80334
0.0741671,0.581402,-0.57714,-0.560422,0.0929533
0.132897,-0.169101,-0.561571,0.718595,0.356399
-0.332292,0.308725,0.0062829,0.829221,0.329633
-0.530381,0.298643,-0.295033,-0.0551174,0.733565
-0.442278,-0.454703,0.447396,-0.228704,0.588459
-0.521377,-0.225979,-0.156964,-0.549072,0.589449
-0.668702,0.381912,-0.292746,-0.486568,-0.291973
0.707419,-0.0912221,-0.365619,-0.443615,-0.397547
-0.462192,0.268715,-0.845187,0.046545,-0.0181762
-0.718885,0.131449,0.0098504,0.462904,0.500427
-0.315436,0.237989,-0.0878559,0.839244,0.361897
0.900887,-0.0688397,-0.356612,0.153826,-0.182592
0.226836,-0.291235,-0.742853,0.490974,-0.276017
0.109948,0.616108,-0.373862,0.686188,-0.0588817
0.227517,-0.108495,-0.307556,-0.486856,0.777959
0.621677,0.615413,0.186264,0.257593,-0.364031
0.274455,-0.727074,0.456948,0.00638007,-0.431534
-0.753844,-0.336579,-0.136007,-0.0708064,-0.54286
0.644259,-0.24282,0.282942,-0.575982,-0.3341
-0.252504,-0.444436,0.625864,0.485041,-0.33099
-0.0726259,0.49004,0.724584,-0.336214,-0.338885
-0.663221,0.683859,0.0122941,0.00718689,-0.304132
-0.339612,-0.917691,0.136745,0.164735,0.0147414
0.50205,0.608503,-0.461577,-0.340448,0.214952
0.238281,0.0564977,0.944684,0.017284,-0.217126
-0.131487,-0.261229,0.134821,-0.83393,0.44577
-0.174003,0.618705,-0.599548,-0.012734,0.478144
0.702875,-0.334278,0.074257,-0.432288,0.451978
-0.0554062,0.225822,0.0629187,0.824378,0.514872
0.52214,-0.566261,0.25495,-0.517729,0.275027
0.0562802,-0.959366,-0.198378,-0.155747,-0.0960742
-0.489261,-0.315629,-0.0681381,-0.472103,-0.655715
0.491134,-0.313686,0.0743498,0.739898,-0.325918
-0.250399,-0.0490855,0.350775,-0.218787,0.87536
0.600987,-0.632337,0.0892626,0.344501,0.343364
-0.154389,0.511614,0.38315,-0.693759,-0.29283
0.232004,0.841069,-0.101686,-0.0290984,0.47542
-0.0372051,0.835207,0.484974,-0.0866552,-0.242545
0.0887264,-0.399021,-0.758753,-0.469333,-0.197958
-0.645269,-0.145669,-0.342382,-0.0398617,-0.666484
-0.16875,0.574491,0.366339,0.621905,0.348385
-0.3913,0.452007,-0.595399,0.371287,0.388872
-0.833105,-0.0491297,0.370231,-0.252528,0.317012
0.239081,-0.0173817,0.610956,-0.337105,-0.671294
0.209213,-0.311264,0.405563,0.653541,-0.515071
0.187908,-0.884704,-0.125015,-0.292888,-0.290256
0.808589,0.408666,0.106597,0.225505,-0.34386
-0.0381857,0.7869,0.073459,0.484352,0.375597
0.471323,-0.455487,-0.456023,-0.5216,0.297371
0.207983,0.2169,0.04005,0.838957,0.454024
-0.599228,-0.0894834,-0.234965,-0.68963,-0.319155
0.173667,0.00149209,0.899008,-0.113889,0.385284
0.597144,0.442095,-0.133955,-0.460205,0.464248
0.489686,-0.455051,-0.666477,-0.222632,0.240509
-0.0368608,0.737278,0.117944,0.648755,0.127325
0.18261,0.682197,0.609245,0.141435,0.334479
0.22724,-0.0385678,-0.814385,-0.508975,-0.148854
-0.633454,-0.441026,-0.102572,0.259347,0.570404
0.473905,-0.0259101,0.610044,-0.624019,-0.120485
0.514236,-0.35845,0.388941,-0.194137,-0.645266
-0.390336,0.795006,0.182958,-0.102542,-0.414586
-0.336955,-0.219069,0.29118,0.699653,0.513029
0.773867,-0.120279,0.589995,-0.148123,-0.117569
-0.856606,0.322171,-0.0169293,-0.371363,-0.149225
0.432767,0.492998,-0.613226,0.418522,-0.13783
0.42113,-0.184384,0.703383,0.539735,-0.00240392
0.181221,0.569474,-0.172334,0.0656235,-0.78003
0.0787766,0.135872,0.228097,-0.776374,0.570367
0.660307,-0.16266,-0.670629,0.0405613,-0.292585
-0.398928,0.551226,0.137797,-0.456456,-0.556048
-0.556162,-0.307012,0.398329,0.568503,0.336581
0.314551,0.181191,-0.595529,-0.285289,0.65758
0.163879,-0.907176,-0.101808,-0.321518,0.190799
0.0287202,0.57647,-0.395738,-0.304952,-0.646244
-0.0388715,0.358748,0.699441,0.471106,-0.394938
0.507286,-0.162547,0.205523,-0.139087,-0.808378
-0.157796,0.721959,0.25795,0.469027,0.409935
0.0925534,0.155644,0.646289,-0.340314,-0.660735
-0.140184,-0.14192,-0.886413,-0.319063,-0.264536
-0.09109,0.727906,0.530124,0.352266,0.233633
0.274132,0.0105638,0.774304,-0.570227,0.0396355
-0.156881,-0.43762,0.249529,-0.257842,-0.808767
0.281522,-0.524551,-0.107928,-0.705866,-0.365793
-0.442669,0.442135,-0.0864522,0.757741,0.165962
0.400693,0.759671,0.191237,0.420438,0.224293
-0.346869,0.874171,-0.300206,-0.0959164,-0.129093
-0.173727,0.680825,0.110622,-0.676939,0.191213
0.243326,-0.938709,-0.119871,0.203447,-0.0583263
0.448036,-0.781698,-0.0214229,0.187538,0.389129
-0.269892,0.357616,-0.587649,-0.276117,-0.615654
-0.460122,-0.713449,0.203992,-0.0335967,-0.482789
0.745887,0.207151,0.356062,-0.483223,-0.203803
0.213491,-0.431607,0.128289,0.371785,-0.781933
-0.720189,-0.0721832,-0.400186,-0.331831,0.454394
0.397625,-0.374264,0.341538,0.750843,-0.138715
-0.390534,0.0475257,0.00736105,0.686858,0.612756
0.280873,-0.600523,0.0803077,-0.567419,0.486106
-0.19095,-0.547452,-0.347319,-0.30241,-0.673524
0.0249113,0.267825,0.283498,-0.125841,0.911726
-0.239527,0.0576989,-0.0990592,0.107555,-0.959562
0.171909,-0.366612,0.598811,-0.531009,0.443286
0.178344,0.568201,-0.257406,-0.136298,-0.749862
-0.111172,0.061303,0.891337,0.238363,-0.365945
-0.553328,-0.60334,-0.337491,-0.466636,0.0184292
0.334995,0.604301,-0.684838,0.0259313,-0.233615
0.0631467,-0.401694,-0.126298,0.856147,0.292259
0.040908,-0.0596339,0.789885,-0.486061,-0.372572
0.171279,0.266077,-0.240718,-0.0411557,-0.916946
0.78943,0.326321,0.512622,0.0175831,-0.105133
-0.600322,-0.798051,-0.042282,0.0141995,-0.0293952
0.0512013,-0.0751445,0.539208,0.528155,0.650954
0.0486902,-0.257599,-0.478781,-0.473389,-0.689186
-0.54337,0.451621,-0.275862,0.519155,-0.395317
0.739575,-0.181467,0.092162,0.155674,0.62454
0.231874,0.100761,0.338418,0.716678,-0.556517
0.0379488,0.943674,0.123043,0.305946,-0.0115217
0.209633,0.383254,0.322884,0.585721,-0.603831
-0.525871,0.380643,0.471222,-0.590046,0.0895935
0.231178,0.311889,-0.399252,0.759522,0.338273
-0.346318,0.856852,-0.032044,-0.302373,-0.22616
0.372302,-0.45945,0.611438,0.371363,-0.369064
-0.0898263,0.520848,0.120471,0.829745,0.127263
-0.0489588,-0.32116,-0.144675,0.295296,0.88691
-0.499596,-0.598933,-0.233016,0.2783,0.51171
0.305226,-0.874705,-0.235194,-0.290051,-0.02522
-0.0730153,-0.0916036,-0.665057,0.458987,0.574726
-0.0425257,-0.236176,-0.51292,0.0708211,0.819879
0.0953916,-0.816393,-0.114154,0.516745,-0.221161
-0.0918729,-0.418239,-0.523384,-0.56924,0.466024
0.911738,-0.137727,-0.127926,0.144167,0.333516
0.0466232,0.519864,0.585248,-0.464619,-0.412385
-0.198277,-0.371569,0.361112,0.113489,0.824742
-0.295983,-0.578177,-0.128451,0.328083,0.674002
0.34048,0.578717,-0.353793,-0.621844,0.203943
0.180899,0.190374,-0.751506,-0.573693,-0.186069
-0.907251,-0.172825,-0.37444,-0.0192924,0.108011
0.39761,0.37018,0.322706,0.751952,0.191471
0.505032,-0.766023,-0.26101,-0.2031,0.227325
-0.0512146,-0.309924,0.903771,0.269169,-0.0839873
-0.0330772,0.232169,0.938802,-0.0171381,0.253209
-0.299141,0.507705,0.0478553,-0.781456,-0.192126
0.355904,-0.432275,0.215165,-0.796602,0.0547542
-0.698921,-0.314867,0.21993,0.351476,0.490092
-0.107992,-0.700926,-0.535391,-0.295513,-0.349601
-0.308558,0.261055,0.898271,-0.178215,0.0275275
0.131778,0.374237,-0.518084,-0.0521903,0.755141
0.114383,0.590724,-0.31264,-0.734174,-0.0380405
0.318287,-0.212679,-0.457653,-0.305203,-0.743252
0.103215,-0.928053,0.0531991,0.322072,-0.15127
0.648899,-0.18165,-0.673915,0.303258,0.0267041
-0.54,0.435387,0.0997849,-0.661291,-0.267569
-0.1324,-0.861376,-0.167632,-0.412559,0.201745
-0.0683114,0.509247,0.602291,-0.545158,0.278227
0.552116,-0.047616,0.117628,-0.483831,0.664787
-0.20383,-0.323184,-0.111128,0.264993,-0.877249
-0.590101,0.396835,-0.299893,-0.474701,0.422949
0.507659,0.620296,-0.15099,0.499374,0.288337
0.58912,0.661752,0.0704632,-0.455625,0.0166774
0.00754884,0.483912,-0.125529,0.78309,-0.363355
0.964054,0.149044,0.169821,-0.148309,-0.0425002
-0.626785,0.48782,-0.578244,0.0961542,-0.162482
0.256247,0.62837,0.00610884,-0.119572,0.726609
0.244846,-0.208528,-0.49076,-0.00285312,-0.811293
0.89299,0.226068,0.303328,-0.162519,0.179848
-0.140956,0.416823,0.66266,-0.410575,-0.443134
-0.793278,-0.556598,-0.145188,0.148767,0.123727
0.333257,0.4414,0.110984,-0.800931,-0.192331
0.405831,-0.0682816,-0.541671,0.679165,-0.277672
0.415381,0.762293,0.367303,0.326007,-0.069014
-0.266962,-0.376874,-0.127446,0.876864,0.00129934
-0.171846,0.478699,0.305058,0.441931,0.675793
-0.174826,0.792005,-0.241525,0.25788,0.465779
0.412853,0.473992,0.451313,-0.00838948,0.633577
0.0812152,0.240506,0.532234,-0.646295,-0.486777
-0.685031,-0.0996613,-0.438728,0.383981,0.425517
0.496865,0.645488,-0.0574135,0.149689,-0.555666
-0.00137317,0.421409,-0.343222,-0.709088,0.449941
-0.0659942,-0.188333,0.0262445,0.702458,0.683282
0.241976,-0.109885,0.359806,0.875074,-0.181105
0.763049,-0.361519,0.00234977,-0.520261,0.13292
-0.0414012,0.200237,-0.366403,-0.241339,0.876333
-0.689733,0.313668,-0.355984,0.0895264,0.539189
0.445522,-0.678396,-0.364699,-0.429492,0.145927
0.417455,-0.0273832,0.279878,-0.611009,-0.612936
-0.752683,-0.14701,-0.0065771,0.0196253,-0.640158
-0.739676,0.292929,0.432508,-0.137271,-0.400468
-0.697772,0.347813,0.509696,-0.0702522,-0.353428
-0.806687,0.0310005,0.0763225,-0.553208,-0.187435
0.612811,0.28306,-0.607554,0.145739,0.396134
0.608041,-0.421711,0.604149,0.193646,-0.217728
-0.135644,0.24877,-0.229684,0.900035,0.236863
0.0355336,-0.927355,-0.0681462,0.102532,0.35391
-0.61707,-0.175017,0.292758,-0.699158,-0.091647
0.32185,-0.391373,-0.10996,-0.774291,-0.357922
0.285755,-0.361266,0.325591,0.637026,-0.5263
0.102468,0.50508,-0.531093,0.0373907,-0.671074
0.191882,-0.678757,0.362631,0.583172,0.175904
-0.0626552,-0.247825,0.84667,0.428232,0.192253
-0.283276,0.331785,-0.875271,-0.211882,0.0178855
-0.462764,0.163224,-0.470946,-0.529117,0.506881
-0.20284,0.179317,-0.653623,0.440329,0.554515
0.429374,-0.130483,0.546887,-0.28524,-0.646973
0.822955,-0.13274,0.363155,-0.403207,-0.0847279
-0.0957511,0.0622907,-0.774408,-0.618774,0.0336614
0.437565,0.787515,-0.0703417,0.0587208,0.422589
-0.0853553,0.418645,-0.82382,-0.375985,0.0239351
0.774252,0.57247,0.10771,0.205061,-0.140922
0.280308,0.165024,0.595882,-0.718736,0.14843
-0.392908,0.430047,-0.422785,-0.445663,0.530222
0.148881,-0.486042,-0.279755,-0.207264,-0.786239
-0.140303,0.379022,0.120511,0.903261,-0.0573901
0.294123,-0.707033,0.228621,-0.380751,0.465292
-0.478785,-0.111942,0.523721,-0.545856,-0.428883
-0.404074,-0.244087,-0.761089,-0.420533,0.142488
-0.572214,0.0194562,0.399919,0.686165,0.201312
0.329942,-0.000411519,-0.0389669,0.809688,0.486024
0.311582,-0.00895326,-0.488465,0.0255052,-0.815676
0.373261,0.0493218,-0.0742923,0.897282,0.216018
-0.545632,-0.0417833,-0.685003,-0.252986,-0.412073
-0.269957,-0.306678,-0.796351,0.26455,-0.359514
-0.329662,0.593815,-0.674301,0.161808,0.251841
-0.0428033,-0.456954,0.276173,0.180985,0.823074
-0.708455,0.159322,0.0160115,-0.360458,-0.582527
-0.66515,0.165479,-0.5185,-0.304555,0.413279
0.203434,-0.044985,0.471674,0.844617,-0.154593
-0.53558,-0.522243,-0.621994,-0.0385895,-0.235121
-0.329893,-0.43809,-0.0975144,-0.641564,-0.530099
-0.245133,-0.350735,-0.739225,-0.395197,-0.33782
0.739132,0.352411,-0.342041,-0.330361,0.321589
-0.233838,0.841468,0.02968,-0.176923,0.451126
0.565394,-0.393089,-0.0361913,0.599082,-0.402591
0.0932061,0.478546,0.0208059,-0.401697,-0.776623
-0.159302,0.603508,-0.0177709,0.775195,-0.106724
-0.573875,-0.291295,-0.569117,0.499822,0.116572
0.82853,-0.184395,-0.404041,0.326628,0.0859679
-0.0248117,-0.953651,0.000680668,0.232727,-0.195389
-0.66595,-0.702776,-0.0476377,-0.191733,0.158012
0.180888,0.481804,0.125998,-0.543635,-0.650676
-0.580305,0.532607,-0.384267,0.408698,0.249906
0.21587,-0.860259,0.154077,0.407979,0.150511
0.343149,-0.576517,-0.7121,-0.171843,0.105359
-0.0893278,-0.311367,-0.0846604,0.0568821,0.941018
-0.264521,0.56644,0.48782,-0.00880611,0.609982
-0.173526,-0.241759,0.768728,-0.549774,-0.133279
0.0209408,-0.167957,-0.432173,-0.0589184,-0.882866
0.0255415,-0.573596,0.776306,-0.184562,-0.187565
0.00728833,0.00372341,0.1967,0.722348,-0.659657
-0.434926,-0.449458,-0.445299,-0.524876,0.371157
0.0802428,0.235898,-0.791446,-0.426842,0.358671
0.00890022,0.246545,-0.536555,-0.677729,-0.436631
-0.32496,-0.677236,-0.473723,-0.420264,-0.184788
0.859573,-0.228064,0.442348,-0.115796,0.0105098
0.158914,-0.371125,0.0533496,0.248368,-0.878232
0.691935,-0.357126,-0.00748687,-0.625415,0.0391674
-0.529704,-0.275267,0.715305,-0.16275,0.325228
0.165271,-0.0138831,0.811498,0.0638946,0.556608
-0.917186,-0.270134,0.246032,-0.14605,0.0613606
0.788176,0.0643638,0.538348,0.18991,-0.223114
0.558943,-0.409326,-0.507772,-0.392578,-0.337421
0.633217,-0.36841,0.343524,-0.445454,-0.380316
-0.59099,-0.049323,-0.215812,0.184337,0.752869
-0.0875955,0.279643,0.922911,0.143814,-0.203189
0.229609,0.328361,0.619294,0.129899,-0.664209
0.709702,-0.163552,0.355561,0.583366,-0.0448093
-0.406789,0.418669,-0.734525,-0.313579,-0.148909
0.211153,0.425134,-0.254319,0.810561,0.233388
-0.758368,-0.103789,-0.00337614,-0.419522,-0.486685
0.177539,0.795177,0.457093,0.271525,-0.234111
0.374713,0.168356,-0.0525604,0.157831,-0.895677
0.272134,-0.521873,0.607137,-0.509895,0.176057
0.0440903,0.00140732,0.385564,-0.350147,0.849682
-0.0198956,-0.0651332,0.367747,-0.493336,0.78527
0.631554,-0.147808,-0.705965,0.207589,-0.18889
-0.0264454,0.148854,-0.459951,-0.851698,-0.204184
-0.681615,-0.282508,-0.128996,0.659849,-0.0382384
-0.608231,-0.0265969,-0.170269,-0.209747,0.74336
-0.221799,-0.785364,0.233588,0.473071,0.231352
-0.00439392,-0.563943,0.642817,-0.00156951,-0.517915
-0.798533,0.393205,-0.320346,0.0491795,0.326619
-0.242717,0.922171,-0.20211,-0.0415716,-0.218302
-0.243407,-0.736638,0.32417,0.476806,0.252724
0.53506,-0.358134,-0.150283,-0.0179923,0.752181
-0.397839,0.145092,0.689149,-0.167027,-0.565366
-0.310079,0.303494,0.521763,-0.682163,-0.279044
-0.0194079,-0.475625,-0.634225,0.556275,-0.249129
0.395839,-0.0536298,-0.619208,-0.671419,0.0588616
0.37143,0.14664,0.534305,-0.345181,-0.661782
-0.591103,0.552784,-0.216169,0.482747,0.253364
-0.671687,-0.200906,-0.353109,-0.553529,0.279168
0.726003,-0.0478985,-0.682016,-0.0271247,0.082583
0.0445853,-0.896198,-0.131784,-0.411152,-0.0844211
0.780414,-0.145671,-0.426558,0.335667,0.274137
-0.496266,0.117528,0.0319692,-0.0907331,0.855063
-0.392923,0.67691,0.232229,0.30819,0.488988
0.546594,0.17856,-0.189443,0.114692,0.788322
-0.298737,-0.790775,-0.361862,-0.3359,0.202102
0.0670601,0.043868,0.343611,-0.934594,-0.0178518
0.15244,0.334894,-0.923382,0.00687379,0.108028
-0.276204,-0.482768,-0.280245,-0.262585,-0.736948
0.702056,-0.342825,0.550536,0.0524148,0.28842
0.183569,-0.208161,0.25494,-0.646147,0.664084
0.481684,0.376752,-0.163897,-0.344289,-0.694537
-0.468584,0.201534,-0.396842,0.65324,-0.398362
0.45548,-0.481177,0.219362,-0.662926,-0.271952
-0.646592,0.180599,0.25294,-0.53417,0.447562
0.724713,0.197829,-0.346362,0.550875,-0.124369
0.571889,-0.646433,0.217946,0.225615,-0.393667
-0.464226,0.143124,-0.109649,-0.161404,0.853477
0.658597,-0.16317,-0.351357,-0.302228,0.571786
0.161598,0.0585505,-0.495647,-0.694949,-0.4907
-0.634831,0.0178902,-0.367415,0.264306,0.624454
-0.308079,-0.882038,-0.0333395,0.240004,0.269302
0.752735,0.211977,-0.0493865,0.61698,0.0903103
0.462651,0.463239,0.321028,0.258623,-0.634116
0.641238,-0.628424,-0.398715,-0.191636,0.0415437
-0.33065,0.825477,-0.398612,-0.17024,0.156564
-0.284423,0.32096,-0.749437,0.501875,-0.0200578
-0.690559,0.0589171,-0.591454,0.0631225,-0.409724
-0.0207022,-0.332058,-0.916572,0.196943,-0.101831
0.306933,0.690834,0.0520355,-0.644208,-0.113715
0.203676,0.236792,0.100437,0.925145,0.186135
0.132543,0.364256,0.699916,-0.214201,-0.558693
-0.428307,-0.484203,-0.736787,0.162453,-0.126266
-0.437361,0.261372,0.678006,0.153225,-0.511383
0.287978,0.722279,-0.283369,0.563324,0.00866943
0.45784,0.387511,0.75021,0.110608,-0.257378
0.314239,-0.774106,-0.343583,-0.0681528,0.418993
0.0618231,-0.819148,-0.215332,0.45979,0.257824
0.166706,-0.931556,0.137661,0.275976,0.111946
-0.46048,-0.839815,-0.0872594,-0.272639,0.0171767
0.0424081,-0.508154,-0.433027,-0.440515,-0.598025
-0.841358,0.236851,0.477625,0.0899718,-0.0137391
-0.0379847,0.284272,-0.26806,0.839803,0.375164
0.496541,-0.0336381,-0.440111,0.73651,0.122338
0.375522,-0.542685,-0.224203,0.547118,0.463123
-0.648672,-0.334153,-0.229114,-0.612252,-0.201796
0.00523228,-0.350182,-0.0323061,0.931517,-0.0843445
-0.487143,-0.238754,0.340508,0.674807,-0.371437
-0.253699,0.680956,-0.667663,-0.0407949,-0.152921
-0.296916,0.896417,-0.274422,-0.162809,0.0619513
0.338393,0.16954,0.366906,0.497698,0.686287
-0.0633448,-0.392379,0.698398,0.0502859,-0.592941
0.030458,-0.487833,-0.260429,0.688592,0.466166
0.415875,-0.6389,0.556384,-0.0818387,0.312844
-0.53108,-0.0833996,0.311689,0.688812,-0.376386
0.268054,-0.0963894,-0.620938,-0.408833,-0.604656
0.128589,-0.581919,0.223038,0.0996057,-0.766529
-0.62141,0.224585,-0.197775,-0.595382,0.41126
-0.105619,0.194462,-0.794882,0.454992,-0.33372
-0.164282,-0.00173654,-0.399458,0.0108324,-0.901501
0.63924,-0.0571815,0.728931,0.129723,0.200874
0.414012,0.298918,-0.136801,0.697162,0.48451
0.651636,0.296712,0.582023,-0.355037,0.158397
0.643321,-0.728066,0.184672,-0.138234,0.0729235
-0.0769151,0.362588,-0.270023,0.881847,0.111046
-0.320908,-0.0536337,0.77656,-0.497702,-0.210949
0.45994,0.777222,0.429429,0.00408986,0.00301979
-0.0746955,0.544285,0.209975,0.520299,0.617535
-0.0458478,-0.437586,-0.222948,-0.817495,-0.297711
-0.323924,-0.445344,-0.270332,-0.581815,0.53418
-0.563656,-0.443781,-0.300983,-0.564766,0.279404
-0.237524,-0.12014,0.901611,0.0368218,-0.342728
-0.316581,0.683461,0.528678,-0.359163,-0.156015
0.784716,-0.232357,-0.181972,0.540747,0.0667149
-0.640598,-0.37091,-0.209535,-0.503902,-0.391203
-0.606275,0.562138,-0.449954,0.313083,0.125138
-0.322259,0.415834,-0.440433,0.725161,-0.0361873
-0.43866,-0.500119,0.698519,-0.0980863,0.244234
0.106128,-0.900712,-0.0438296,0.415839,0.0434014
-0.448565,0.0431997,0.196749,-0.853636,-0.164171
0.0053528,0.732301,-0.246776,0.621461,-0.140913
-0.0440465,-0.426865,0.0976293,0.780164,-0.44231
0.339447,0.499643,0.523079,-0.180333,-0.572209
0.0635268,0.565525,-0.054542,0.770555,0.279198
0.677967,0.449617,0.320401,0.145035,0.466294
-0.767469,-0.274702,0.158875,-0.461119,-0.310056
0.686729,0.544826,-0.182871,0.438425,0.0793443
-0.576934,0.198709,-0.631025,0.277354,0.38473
-0.132711,-0.410512,0.853585,-0.226669,-0.188203
-0.237562,0.363552,-0.574026,0.686559,0.115801
-0.469146,0.135984,0.0809221,0.775231,-0.393031
-0.39072,-0.222819,0.0687419,-0.889465,0.00808304
0.0663896,-0.216247,-0.00506279,-0.955183,-0.19035
0.667249,0.292564,-0.117935,0.626999,0.249088
0.497788,0.151834,0.781371,-0.223394,-0.257601
0.268446,-0.131818,-0.393389,0.118586,0.861625
-0.917337,0.197375,0.142416,0.293382,-0.120511
0.74089,-0.604256,0.215383,0.17772,-0.110007
0.594376,0.54625,0.216292,0.207925,0.509315
0.940275,0.226299,-0.183424,0.0349208,0.16568
-0.432238,-0.181164,0.272592,0.739816,0.398576
0.611535,0.747112,-0.169427,-0.165073,-0.121653
-0.109698,-0.851095,-0.138259,-0.147219,0.470901
0.250523,0.488382,0.645025,-0.529676,0.0507838
0.410824,0.148518,-0.287079,-0.850113,0.0545734
-0.559363,-0.355037,-0.0596479,0.531159,-0.522965
-0.319348,-0.747582,-0.0702746,-0.42196,-0.395965
-0.00921517,0.307653,-0.278203,-0.747656,-0.516323
-0.676432,0.173716,-0.619391,-0.191272,0.31177
0.247507,-0.605779,0.493735,-0.0769564,0.563231
-0.292253,0.126946,-0.707369,0.557319,0.295347
-0.0555645,-0.36656,-0.478387,-0.347069,-0.717123
-0.417798,0.41467,0.571626,-0.137547,0.558324
-0.152155,0.267676,-0.550072,0.330408,0.7022
0.717455,0.320243,-0.0763712,0.215929,0.575141
0.255568,0.351875,0.800663,0.165533,-0.381476
0.403984,-0.396197,0.00926501,-0.776324,-0.276293
-0.171589,-0.84845,0.340897,-0.362885,-0.0887719
-0.677661,-0.167566,-0.349916,-0.506712,0.364608
0.144888,-0.722883,-0.180676,0.29044,-0.582929
0.593753,-0.574018,-0.174061,-0.524003,-0.123201
0.683123,0.0809193,0.245205,-0.632321,0.260945
-0.832754,0.34963,-0.172189,0.365966,-0.151473
-0.645375,0.170109,0.497873,0.426286,0.353896
-0.234931,-0.190585,0.171587,0.808536,-0.48039
-0.0478773,-0.333168,0.582323,-0.702741,0.220978
-0.106073,-0.713768,-0.482534,-0.49187,-0.0636336
0.745523,0.172723,-0.157384,-0.60203,-0.161078
-0.735563,-0.0511976,0.531626,0.122694,-0.39995
-0.948111,0.177889,-0.264875,0.00908389,-0.0558995
-0.422141,0.0122697,-0.522379,-0.50125,0.546456
0.589462,-0.19461,-0.409019,-0.0695393,0.666216
0.381664,0.454914,0.226398,-0.494822,0.593107
-0.737626,-0.136734,-0.177327,-0.37261,0.515686
-0.489537,-0.627629,-0.569077,-0.116732,-0.161222
0.359073,-0.567159,-0.106986,-0.714925,-0.173038
-0.736497,0.340886,0.278111,0.430815,-0.278189
0.614584,-0.43216,0.244264,0.608298,0.0563885
-0.208122,0.0384462,0.568072,-0.749884,-0.268282
-0.712147,0.378453,-0.297879,0.0828284,-0.504572
-0.376728,-0.511016,0.763872,-0.105559,0.0394319
-0.0417506,0.967295,-0.250742,-0.0135257,0.0253773
-0.280878,0.129672,0.748302,0.579856,0.0896471
0.746961,-0.163406,-0.220662,-0.598283,0.0825029
0.355973,0.328882,0.594334,0.635393,-0.0828606
0.225667,0.315673,0.297616,0.857571,-0.167999
-0.759628,-0.396323,0.228548,0.258481,0.382064
-0.23862,0.346424,-0.760715,-0.27611,-0.41095
0.0415831,0.0461458,-0.531053,0.745667,-0.400111
0.0824416,0.974015,-0.165591,-0.0775361,0.108189
-0.301152,-0.287517,0.717126,0.246898,0.500684
-0.104856,0.340775,0.594769,-0.270181,-0.667289
0.326515,-0.812312,-0.318706,0.362882,0.0466729
0.479936,-0.785597,0.101686,-0.10991,0.361888
-0.508603,-0.034427,-0.293939,-0.80349,0.0862574
0.651757,-0.617075,0.139298,-0.395804,-0.136405
0.334467,-0.710975,-0.162645,0.175512,-0.569319
-0.069082,-0.512395,-0.137275,0.672796,-0.513139
0.433402,-0.15879,0.0983595,-0.754189,0.456912
0.743301,0.467787,-0.165388,-0.064445,0.444677
-0.904143,0.30921,-0.243069,0.0468442,-0.164436
0.130697,-0.548514,0.262959,0.265015,-0.737062
-0.814684,-0.250311,0.0124138,0.357183,-0.379769
0.310871,0.0490185,0.836344,0.40704,-0.190119
0.165283,-0.659723,0.593686,0.0954774,0.422045
0.387977,0.662089,0.386161,-0.131452,-0.494954
-0.323255,-0.683617,-0.00874516,-0.507817,0.412541
0.0203364,-0.34536,-0.273664,0.647006,-0.623519
0.4778,0.726738,0.0645361,0.366502,-0.326996
-0.250263,0.461919,-0.465531,0.205082,-0.682817
-0.436169,-0.483144,0.616115,0.224319,0.385757
0.324223,0.872254,-0.00372049,0.291739,-0.2261
-0.242969,0.4847,-0.748383,-0.239804,0.296155
-0.321284,0.0243573,0.726381,-0.608865,0.00557455
0.647575,-0.529315,-0.408894,0.265262,-0.250811
0.148027,-0.597382,0.756666,0.167747,0.14304
0.825203,-0.0184112,0.240239,-0.476553,-0.188221
0.100958,0.83048,-0.157287,0.514373,0.092963
-0.494549,-0.405228,-0.485492,-0.594531,-0.0170831
0.756093,0.412019,-0.176153,-0.302869,-0.371622
-0.065492,0.833653,-0.29061,-0.0981443,0.453
-0.21467,0.562462,-0.795079,0.0786225,0.0326785
0.531311,-0.173981,-0.801161,0.179537,-0.0949776
0.49909,0.606336,-0.133362,-0.0834126,-0.598517
0.353753,0.165884,0.583328,-0.695681,-0.149319
-0.00723017,-0.215259,0.770808,-0.459091,0.388892
-0.801207,0.287096,0.430413,0.236091,-0.176117
0.0292986,-0.0317714,-0.310482,-0.898595,0.301332
0.111337,-0.571556,0.109693,0.513902,0.622552
-0.811199,-0.0308894,-0.102223,-0.501052,0.280577
0.0529712,0.0129001,0.985919,-0.152226,-0.019798
0.21659,-0.256385,-0.707195,-0.0631531,-0.61847
0.23266,0.134795,0.824978,-0.0677497,0.493047
-0.756329,-0.385888,-0.517824,-0.0105073,-0.122565
-0.0887823,0.739114,0.636867,-0.199564,0.0219939
-0.21104,0.519466,-0.643087,0.0243619,0.523407
-0.567861,-0.412987,-0.648666,0.240386,0.16927
-0.211872,-0.248045,-0.868738,-0.292322,0.235152
-0.781007,0.523221,0.0838572,0.314897,-0.0754715
0.585928,-0.582683,-0.279089,-0.0867377,-0.482027
-0.840748,0.0909159,0.411351,0.215029,0.261784
0.502961,-0.805378,-0.292667,-0.00198714,0.111208
0.0823628,-0.197684,0.355773,0.341269,0.843078
0.28744,-0.595071,-0.113162,0.0918926,0.737348
-0.812887,0.556964,-0.155745,-0.0101968,-0.0733079
0.851372,-0.407607,-0.271155,0.118932,0.151977
0.70078,-0.527634,0.470124,0.0810605,-0.0564118
0.572449,0.277837,-0.43699,-0.621504,-0.130724
0.318156,-0.436353,-0.649561,-0.534168,0.0510941
-0.0566566,-0.788394,0.41511,-0.384367,-0.234224
0.201755,0.171037,-0.732754,0.29338,-0.554636
0.611353,0.225938,0.307507,0.259709,-0.63921
0.524167,0.0317349,0.337792,0.164098,0.763661
-0.126656,-0.872664,0.101343,-0.137861,-0.441266
0.56758,-0.439105,-0.238987,-0.0734512,0.647923
-0.177007,0.162779,0.0792838,0.274074,-0.926064
0.707749,0.27478,-0.243506,-0.466425,-0.382557
-0.546941,0.548258,-0.472265,0.370654,-0.201428
-0.657163,-0.543338,-0.453144,-0.224063,-0.135382
-0.832173,0.173425,0.333361,0.143263,0.388288
0.285611,-0.0878459,0.569495,-0.68395,0.347564
0.244935,-0.473226,-0.80694,-0.111656,-0.23378
0.211826,-0.260072,0.306596,-0.886797,-0.0763243
-0.159321,0.599097,0.0834638,-0.196782,0.752362
-0.78455,0.137266,-0.505533,-0.182314,-0.278576
0.0958942,0.164108,0.254334,-0.792863,-0.520166
0.0798793,-0.0299792,-0.300499,0.621708,0.716763
0.725667,0.0580861,0.0164022,0.667489,0.150107
0.605386,0.378858,-0.500773,0.278516,0.401411
-0.249571,0.48503,-0.0255061,-0.709972,0.444868
0.190504,0.368795,-0.821456,0.373716,-0.100893
-0.654406,-0.272737,0.188571,0.52024,0.436628
-0.733617,-0.528507,0.0871776,-0.392134,0.152164
-0.254245,0.355051,0.735119,0.498484,0.140787
0.32261,-0.541102,0.747289,0.023828,0.199887
0.0364762,-0.445785,-0.238024,-0.242445,0.828638
-0.367316,0.241307,0.585616,0.225446,-0.643453
0.234469,0.70013,-0.258912,-0.308438,-0.541161
-0.242766,-0.299362,0.219763,0.84677,0.292863
0.117394,-0.41559,0.463679,0.121138,-0.764413
-0.473995,0.318455,-0.21547,0.0413505,-0.789704
0.918244,0.344952,-0.130088,0.0127112,-0.14115
-0.268446,0.417213,-0.780234,-0.329135,0.185213
-0.586527,-0.107549,-0.535029,-0.573975,-0.170563
0.321626,-0.485735,0.235087,-0.636083,0.450685
0.00740377,-0.318301,0.0626246,-0.8757,-0.360351
0.321171,-0.0613872,0.566118,-0.595087,0.465364
0.311809,-0.573534,0.294093,-0.321192,0.621743
0.148051,-0.459539,0.603193,0.616623,0.157382
0.269756,-0.381911,-0.160527,-0.51498,-0.701556
0.528821,-0.540215,0.429164,-0.450862,-0.209154
-0.488444,-0.278634,-0.259326,0.542239,0.566885
-0.0964087,-0.613822,0.170699,0.532625,0.546185
-0.0920627,-0.17798,0.698977,-0.0194568,-0.685268
-0.207462,-0.893125,0.206053,-0.0856285,0.33027
-0.142682,-0.457059,-0.366222,0.768798,0.219927
-0.140086,0.437256,-0.764918,-0.33564,-0.300702
-0.39516,0.526115,0.539718,-0.326732,0.410378
-0.593394,-0.395204,0.676311,-0.173508,0.0714547
-0.70347,0.257925,0.449511,0.203071,0.442258
0.612002,-0.498596,-0.0846492,0.561884,0.227739
0.340318,0.307573,0.469375,-0.646751,-0.38709
-0.209155,-0.720501,0.336973,-0.537955,0.191189
-0.635221,0.448805,-0.221549,0.455588,0.369108
0.377415,0.732371,-0.480928,-0.300709,-0.000824009
-0.444088,-0.237054,-0.373631,0.70873,-0.3286
0.0373934,0.205287,-0.252356,0.249835,0.908821
0.0129284,-0.461833,-0.206398,-0.734571,0.451099
-0.319641,-0.482427,-0.738245,-0.0397073,0.346816
0.675579,0.0453892,-0.439409,0.267267,-0.529413
0.769363,-0.311158,0.231381,-0.220888,0.456588
-0.307417,-0.203977,0.700339,0.152139,0.589951
-0.159835,4.24239e-05,0.0961098,0.107923,0.977
0.030953,-0.760245,-0.080781,-0.335833,-0.550038
0.0104224,-0.817271,-0.343258,0.387888,-0.245591
-0.764813,-0.0607335,-0.200624,-0.0463013,-0.608295
-0.223216,-0.476462,-0.78635,0.26811,-0.18225
0.22069,-0.219748,-0.239958,-0.146495,-0.907139
-0.303903,-0.300861,-0.140748,-0.892033,0.0316398
-0.474993,0.0907073,0.382672,-0.051085,0.786777
-0.374522,0.318247,-0.527118,0.683237,-0.114383
-0.693898,0.407882,0.334143,-0.273484,-0.406912
0.525131,-0.715457,0.228169,-0.331196,0.218924
0.370691,0.362538,0.815737,0.147846,-0.218003
0.0835948,0.204261,0.00711301,0.130674,-0.966089
0.556759,-0.25665,-0.640371,-0.311269,0.338076
-0.243768,0.0878355,-0.678132,0.686675,-0.0452905
-0.611618,-0.439322,0.502901,-0.322488,-0.2743
0.802506,0.262437,0.00487336,0.0523611,-0.534462
-0.0437962,0.535073,-0.7519,0.380725,0.0104833
0.622466,0.385787,-0.0942,0.655074,0.155416
-0.717154,0.457666,0.457823,-0.0992393,-0.236626
-0.519752,0.14443,-0.740424,0.327901,0.232767
0.583337,-0.206708,0.496479,-0.24226,0.55888
-0.654959,-0.0613942,-0.18089,0.378936,-0.625685
0.0640863,0.0491729,0.626436,-0.48408,-0.603691
0.245115,0.443491,0.0751209,0.0366891,0.857043
0.570926,-0.723516,0.277843,-0.251534,-0.104687
-0.265649,0.194766,-0.118826,-0.841555,0.414893
0.0571436,-0.0220925,-0.937026,-0.233508,0.249343
-0.619078,0.733973,0.23006,0.0678588,0.143211
0.377747,-0.890075,-0.0508327,0.0262977,0.253275
0.685006,-0.315156,-0.610304,0.110378,-0.218602
0.87054,-0.26359,-0.0390218,-0.386527,-0.143253
-0.213604,0.234613,0.611508,0.544782,-0.476929
-0.618974,0.334777,-0.417827,-0.265038,0.510523
0.130496,0.4016,-0.254669,-0.437848,-0.751964
-0.131453,0.274397,0.116486,0.925937,0.19363
0.270312,0.491848,-0.364112,-0.532625,0.518479
-0.620711,0.112118,-0.770977,-0.00561113,0.103384
0.244111,-0.746939,-0.352261,0.509411,-0.019787
0.108004,0.263437,-0.651364,-0.350764,0.610042
0.577837,0.283285,-0.209806,0.424719,-0.599802
0.622448,0.410128,0.0945869,0.222574,0.621856
0.127807,0.259417,-0.590118,0.712548,0.246594
-0.187579,-0.84721,-0.324209,0.319871,0.20119
-0.36301,-0.508895,-0.580399,-0.514723,0.0933113
0.44173,0.148096,0.345342,-0.27608,-0.765329
-0.277218,0.546437,0.216837,-0.717685,0.24969
0.602558,-0.698798,-0.0927569,-0.309311,-0.207943
-0.0120247,0.24887,-0.636903,-0.196574,0.702958
0.606933,0.276137,-0.361112,-0.410329,-0.506261
0.490082,0.447768,0.160126,0.386432,0.617754
0.101953,-0.0285515,0.03353,-0.433849,-0.895563
-0.838977,-0.205678,0.164235,0.475102,-0.0370787
0.501828,0.592445,0.153647,0.60843,-0.0620474
0.0543649,-0.273236,-0.877779,0.191768,-0.337204
-0.353805,0.451543,-0.160856,0.292178,-0.750647
-0.235397,0.523216,-0.645307,-0.5036,-0.00248278
-0.763006,0.523622,0.268524,0.146785,0.214943
0.103478,-0.718099,-0.051288,-0.679221,-0.0946746
0.516474,-0.56276,-0.0220072,0.616575,-0.185273
0.779937,-0.272567,-0.313152,-0.469052,0.0585932
0.687862,0.409687,0.342416,0.286764,0.397455
0.738982,-0.491742,-0.396787,0.193015,0.132499
0.118781,-0.106046,-0.960533,0.184303,-0.133405
0.385361,0.451784,-0.740772,-0.0391365,-0.316519
0.225088,-0.415577,-0.34685,0.118967,0.800561
0.745285,0.456953,-0.339257,0.33966,0.0562104
-0.415671,0.0476606,-0.546199,-0.588978,0.423632
-0.354862,0.603309,0.0535036,-0.697958,0.139896
0.728057,0.483717,0.250439,-0.364515,-0.193026
-0.249525,0.595696,0.296128,0.699078,-0.090136
0.272608,-0.419532,0.211593,0.560741,0.623399
-0.753793,0.497138,0.141777,-0.387093,-0.117562
0.071903,-0.456295,-0.167656,-0.729704,-0.475433
-0.0208902,-0.406556,0.469361,0.751515,0.219625
-0.0444591,0.796248,0.403144,0.265118,-0.363124
-0.0734338,-0.36431,-0.0509644,-0.914442,-0.150958
0.753489,0.0966254,-0.514362,-0.12933,-0.377805
0.474669,0.154603,0.0150529,0.840147,0.213518
0.0357944,0.195194,-0.823605,-0.525651,0.0805529
0.0920778,0.189305,-0.93563,-0.260568,0.122991
-0.0129297,-0.37683,-0.734075,0.56203,-0.00518988
0.0619931,0.135311,0.731964,0.00880835,-0.667098
0.407524,0.167042,0.658988,-0.326042,0.512925
0.365479,0.538822,-0.699757,0.210408,0.207202
0.116229,-0.162538,-0.711661,-0.368456,-0.565843
-0.31588,-0.510712,-0.234026,0.619362,0.452954
0.634653,0.193512,-0.367758,0.468046,-0.452387
-0.335295,0.216729,0.234174,-0.522186,0.71738
0.218007,0.434865,-0.707176,0.499276,0.115887
0.521993,-0.523015,-0.402265,0.538479,0.00627742
-0.21608,0.302744,-0.658563,-0.218682,0.616377
-0.135204,0.230697,-0.716968,0.345808,0.54442
-0.308313,0.142045,0.468951,0.0382157,-0.814223
-0.00584066,-0.122474,-0.604683,-0.252959,0.745666
0.340761,-0.81669,-0.252325,-0.242962,0.306962
0.0883183,-0.773818,-0.312894,-0.112544,0.533403
-0.00760539,-0.740499,0.266474,0.283952,-0.543399
0.421419,0.523911,0.207129,-0.274184,0.657015
-0.178022,-0.259257,-0.242424,0.281051,-0.875025
-0.746577,-0.24879,-0.17987,-0.337102,0.485891
-0.505441,0.482607,0.454389,0.0940429,-0.54337
-0.599861,0.512202,0.188906,-0.474711,0.34167
-0.209185,0.392512,0.0935435,-0.0591932,0.885374
-0.569747,-0.431753,-0.688023,0.0639699,0.12074
-0.625257,0.348712,-0.17776,-0.213928,-0.640096
0.428903,0.560276,0.531071,0.238546,0.404715
-0.268333,-0.398918,-0.195488,-0.285055,0.806282
-0.589708,-0.438217,-0.159115,-0.337537,0.564618
0.148564,-0.359948,0.667596,0.136895,0.621348
-0.265374,0.861087,0.377684,-0.141861,-0.162255
-0.591395,-0.425078,-0.620471,0.247036,0.153747
-0.183461,-0.460109,0.11501,0.650613,-0.562016
-0.544758,0.771314,0.126456,-0.303509,0.0135061
0.691915,-0.508615,-0.0726843,0.135068,-0.48978
-0.454601,0.111838,0.656044,-0.49531,0.325367
0.0858834,-0.224073,0.338503,0.181926,0.891231
0.0505259,-0.779702,0.438699,0.354231,-0.266534
0.155751,0.675351,-0.151328,0.259504,0.658478
-0.133688,-0.241656,0.78352,-0.415264,0.373491
-0.118681,-0.0277342,-0.174301,-0.602146,-0.771981
0.677553,-0.406609,-0.268788,-0.138978,0.534351
0.366758,-0.160056,-0.525142,-0.729718,-0.175391
0.149287,0.146178,0.971474,-0.0406002,-0.102815
0.075812,0.372601,0.263705,-0.820049,-0.334509
0.574875,-0.144635,-0.367195,0.268171,0.663911
-0.154338,0.400398,0.523319,0.736225,0.0202008
0.596374,0.497956,-0.538108,0.0263419,-0.323323
0.144093,-0.105688,-0.851027,0.0242257,-0.496178
0.551043,0.66442,-0.272527,0.418512,-0.0810267
-0.45324,-0.450835,-0.180912,0.127211,-0.735043
0.724601,0.349285,0.0145529,0.562003,0.189639
0.376247,0.147651,-0.668502,-0.618927,-0.0790791
-0.114011,0.0190357,0.854789,-0.375609,-0.34218
-0.128091,0.469703,-0.510592,-0.56909,0.422339
0.206329,0.268851,-0.382647,-0.105064,0.852539
-0.892788,0.18163,-0.126872,-0.383406,0.0871254
0.504808,-0.461832,0.559875,0.467362,0.0250001
0.583914,-0.050039,0.332154,-0.380627,0.635025
-0.65546,0.413812,-0.0990199,-0.509056,-0.356068
0.224132,0.579757,0.231886,-0.506663,-0.550003
0.182308,-0.274879,-0.639059,0.154136,0.676825
0.486173,0.371074,-0.31236,0.336122,0.643438
0.0380912,-0.392148,0.501723,-0.288348,-0.716428
-0.260474,-0.700124,0.098928,-0.643582,-0.133175
-0.388674,0.013818,0.144108,-0.433057,0.800512
-0.102439,-0.127248,-0.132444,0.288126,-0.933756
0.193694,-0.594101,0.632703,-0.460116,0.0119307
-0.454674,-0.465754,0.024259,0.50328,-0.565806
0.438155,0.195718,0.471946,-0.680211,0.293384
-0.548005,-0.581638,-0.46308,0.336576,-0.184765
-0.212413,0.166167,-0.333635,-0.871467,0.238836
0.0111661,0.335334,-0.825996,-0.228525,0.389169
0.158786,0.224725,-0.148564,0.670544,0.672286
-0.370328,0.390099,0.707009,-0.229315,-0.396233
0.18363,-0.735365,-0.556172,-0.110331,-0.323275
0.359266,-0.0572396,-0.688577,0.572213,0.259883
0.385677,-0.138349,0.871766,-0.266521,-0.0100091
0.283998,0.368468,-0.18425,-0.767429,-0.402173
-0.593112,0.320932,0.514894,0.513334,-0.141251
0.649874,0.0837642,0.506848,-0.535246,-0.163615
0.590119,0.170788,-0.679961,0.20024,0.346642
0.293715,0.365848,0.589176,0.312454,0.581424
0.193597,0.344362,0.446984,-0.797227,-0.0976111
-0.665925,0.482796,-0.0718739,-0.52966,-0.1956
0.408019,0.418191,0.53585,0.474845,-0.381376
0.0593221,0.30842,0.805119,0.27272,0.420002
-0.615829,0.203307,0.272705,-0.203225,-0.679372
0.233223,0.816754,0.1207,-0.416286,0.303665
-0.0131718,-0.211705,0.699073,0.608784,-0.311223
-0.215167,-0.0341071,0.256207,-0.499128,0.799458
-0.288612,0.461384,-0.000713435,-0.770269,-0.33053
0.0726513,0.063647,0.274183,0.172508,0.941464
0.111994,-0.913862,-0.19432,0.200835,0.272113
0.341595,-0.131835,0.368191,-0.0841897,-0.85088
0.0268588,0.109198,0.0616248,0.923354,0.364813
-0.633658,0.22089,0.189567,-0.573434,0.429672
-0.547154,-0.542073,0.103857,0.561682,-0.282796
-0.479823,0.0812533,0.692786,-0.516177,0.132949
-0.564817,0.351997,-0.0437134,-0.275847,0.693765
-0.116197,0.563458,0.338126,0.744609,0.0175382
-0.7734,0.535367,-0.0304878,-0.325151,0.0932387
-0.655621,0.306154,0.562598,0.33477,0.218231
-0.418042,0.199335,0.778136,-0.244552,0.350657
-0.489734,0.119773,-0.636001,0.459528,0.362553
0.369027,0.291446,0.129705,-0.683329,0.540988
-0.420775,-0.835322,-0.308934,-0.00286624,-0.178486
-0.0433258,0.46858,0.572247,0.591456,-0.31838
0.823699,-0.28702,0.35823,-0.319151,-0.0850352
0.283317,-0.695852,0.117466,0.261883,-0.595164
-0.460669,0.256815,0.183426,0.735224,-0.389538
0.365836,0.031242,0.393843,0.6322,0.556004
-0.308013,-0.487357,-0.812012,-0.0484864,0.0781553
0.0779109,0.0307421,-0.273977,-0.953833,0.0740974
-0.698494,-0.323663,-0.502316,-0.0183681,0.390182
0.0230251,0.207367,0.342137,-0.573115,-0.71502
0.303661,0.033358,-0.584568,0.490659,0.570467
0.382708,-0.696464,-0.198055,-0.296644,-0.491007
0.411077,0.153279,-0.0628465,-0.457402,-0.77023
-0.625584,0.124455,-0.207231,-0.463625,0.577534
-0.0131208,0.165868,0.741418,0.546268,0.351463
0.523663,-0.497239,-0.054254,-0.517067,-0.458242
-0.00234888,0.751625,-0.339576,-0.298274,0.478205
-0.643804,-0.184804,0.414691,0.613638,-0.0364284
-0.121465,0.609189,-0.494077,-0.218668,0.567233
-0.715542,0.176566,-0.64041,-0.0503491,-0.206066
0.085785,-0.379715,0.885512,0.104739,0.222003
0.147891,0.739362,0.349381,0.222792,-0.510825
0.224229,-0.413868,-0.781468,0.321597,-0.255179
0.0785386,0.632315,0.268937,-0.0622552,-0.720666
-0.188976,0.668921,0.216929,-0.447121,-0.524722
0.167449,0.398921,0.575897,0.613699,-0.328091
-0.0332338,-0.0680411,0.2241,0.869932,0.431301
-0.397823,-0.297981,-0.63323,-0.514833,-0.295884
-0.0230734,-0.301449,-0.0512638,0.552572,-0.774338
0.761311,0.0524852,-0.542257,-0.0189951,0.354894
0.477094,-0.0267011,0.0813101,-0.859842,-0.155983
-0.144989,-0.34887,-0.407038,-0.813254,0.176724
0.395261,0.200045,-0.630868,-0.322877,-0.548819
-0.449763,0.154601,0.442272,-0.241095,0.723697
0.0147934,-0.218409,-0.786351,0.558666,-0.138299
-0.715764,0.261155,0.340626,-0.245794,-0.491961
-0.433389,-0.765095,0.0812604,0.258566,0.395329
0.324982,-0.253815,-0.605369,0.680565,0.0307991
-0.359386,0.134489,-0.0420005,-0.638591,0.66559
-0.719574,-0.449261,-0.475112,0.0486493,-0.21925
-0.89714,-0.2104,-0.36699,-0.0880899,-0.109934
0.0154298,0.258888,0.72286,0.441023,0.464637
0.617903,-0.219425,-0.264812,-0.656299,0.258086
-0.0852009,0.0684359,0.72314,-0.125784,0.668695
-0.35437,-0.394285,-0.843561,0.0973031,0.0142944
-0.169505,0.707995,-0.244173,0.108072,0.633612
0.0869701,0.443568,-0.135139,-0.45012,-0.758362
0.0882096,-0.815583,-0.180073,-0.542595,0.0543305
-0.287447,0.441777,0.402566,-0.412758,0.624667
-0.395934,-0.177209,0.19477,0.359547,-0.80331
-0.0419876,0.350434,0.430404,-0.673149,-0.487535
0.352623,0.872013,0.102442,-0.312139,0.0791781
0.0588995,0.469804,0.278545,-0.833331,0.0738255
-0.523317,0.259345,-0.701812,-0.0511594,-0.40379
0.898053,-0.316361,-0.0225185,0.195476,-0.233226
-0.443173,0.421575,0.477699,0.586733,-0.237826
0.12823,0.241992,-0.821763,-0.412453,0.281262
-0.736593,-0.145467,0.450132,-0.442004,0.18607
-0.332599,-0.490372,-0.803699,0.0581938,-0.0306527
-0.202236,-0.56717,-0.453251,-0.625745,-0.203391
-0.532956,-0.0222498,-0.761615,-0.276067,-0.251311
-0.651934,0.0538424,-0.387318,-0.415822,0.501997
0.262068,-0.325832,-0.9066,-0.00830262,0.0584498
0.216812,-0.431584,0.213114,-0.474244,0.704547
-0.890022,-0.137487,0.421507,-0.0998181,-0.0446633
0.435157,-0.509423,0.696715,-0.191887,-0.176818
0.359394,0.52385,0.760662,0.0763049,0.122946
-0.455396,-0.674797,-0.109513,-0.564432,-0.0817979
-0.248937,-0.0398501,0.470987,0.782701,0.316247
-0.052469,-0.0423049,-0.130428,0.132936,-0.979093
-0.354741,-0.449614,0.681494,0.0919485,0.44486
0.815305,-0.511851,-0.255862,0.0757618,0.0169336
-0.0417305,-0.401532,-0.54401,-0.0600291,-0.733524
-0.579331,0.757736,-0.163769,-0.0905769,0.233859
0.631357,0.144062,0.0348238,0.749969,-0.131581
0.831654,-0.44118,-0.144103,0.0372951,-0.30341
-0.167657,0.160413,0.787339,0.412062,-0.392229
-0.485223,-0.305993,-0.667497,0.146298,-0.450766
0.244757,0.0259671,-0.433983,-0.764872,0.408977
-0.409131,0.246796,-0.183404,0.848775,0.143755
0.565636,-0.0929924,0.668767,0.462301,-0.0782489
-0.198674,0.00353565,0.280637,-0.414433,-0.841867
0.388315,0.360104,0.771573,-0.0661172,-0.346824
0.253859,0.651926,-0.103885,0.437386,0.560487
-0.277049,0.581937,0.251126,-0.722474,-0.0226061
-0.846946,-0.0704618,0.180588,-0.481942,-0.118865
0.67959,-0.729723,-0.0585917,-0.0165254,0.0295063
-0.724047,-0.146148,-0.316046,-0.390807,-0.45349
-0.83384,0.348636,0.301736,-0.270344,-0.139949
0.858926,-0.148042,-0.205846,-0.0125547,-0.446605
-0.159982,0.266314,-0.0519322,-0.809124,0.49576
0.0588576,0.0612319,0.203889,0.972801,-0.0236294
0.758054,0.16233,-0.441966,0.365746,0.267595
-0.250507,-0.58667,-0.712804,0.277774,0.0990259
0.314333,-0.46826,0.0185511,-0.446787,-0.694439
-0.438509,-0.269402,-0.0715322,0.362475,0.772781
0.579674,-0.272116,0.517698,-0.0506375,0.566565
-0.565091,0.304557,0.204435,0.613712,0.412176
-0.925399,0.217242,-0.235217,0.0978572,-0.166609
0.611128,0.565663,0.20978,0.00663527,0.512721
0.343398,-0.39822,-0.37667,-0.761245,0.0423824
-0.482957,0.83405,0.245662,0.0966398,-0.0672646
0.278798,-0.152392,0.224914,0.821288,0.414163
-0.0435623,-0.326088,-0.105879,0.581835,0.734341
0.739471,-0.455135,0.275113,0.242482,0.334041
-0.71534,0.482594,0.0349632,0.211073,0.460104
-0.639246,-0.0235971,-0.212935,0.0886294,-0.73335
0.76747,0.322918,-0.404931,-0.377481,-0.0274464
-0.339388,0.0320439,-0.647687,0.625409,-0.274494
0.432116,-0.409651,0.649969,-0.254546,0.400096
-0.309195,-0.694102,0.0482927,-0.628646,-0.143893
0.605704,0.424099,0.410798,-0.109299,0.525865
0.435883,0.267697,0.0268445,-0.595196,0.619861
-0.819892,-0.283041,-0.116391,0.221918,0.432147
0.264386,-0.624835,0.342268,-0.610824,0.226689
-0.148082,0.673545,-0.492906,0.455696,0.273712
-0.361105,0.350309,-0.439669,0.34269,-0.662234
0.229649,0.196841,-0.179392,-0.782608,0.515216
0.536833,0.715005,-0.121966,0.154533,0.403111
-0.0840622,0.558152,-0.0695919,-0.148022,-0.807978
-0.381995,0.253989,0.584962,0.664926,-0.0725233
-0.489867,-0.225305,-0.0852407,-0.533589,-0.646396
-0.854635,0.0599243,-0.233998,-0.233513,-0.395523
-0.803766,-0.0693916,-0.38441,0.367025,0.256349
0.475288,0.0798375,-0.54382,0.48699,0.485483
-0.0390185,-0.450914,-0.117762,-0.271977,0.842111
-0.337914,-0.223657,0.111,-0.205718,0.883163
0.14083,0.365201,-0.796451,-0.455844,-0.0586998
-0.24283,-0.892091,-0.367211,-0.0789541,-0.0757271
-0.67217,0.151856,0.307185,-0.212722,-0.621296
0.574623,0.270289,-0.00696397,-0.76274,0.12392
0.615415,-0.669894,0.14079,0.00720082,-0.392655
0.0637752,-0.655582,-0.0680343,0.749239,0.0457885
0.0498236,-0.26907,0.725671,-0.516928,0.361204
-0.225712,0.176886,-0.1241,-0.948681,-0.0575836
-0.456268,0.0297942,0.0816087,-0.884423,0.0487313
0.293881,0.302519,-0.726972,0.257111,0.473709
-0.0433731,0.492587,0.247768,-0.799141,-0.239126
-0.472834,0.345898,0.218798,0.774969,0.106136
-0.331872,-0.588043,0.346694,0.628108,0.170302
0.38619,0.367557,0.55769,-0.632149,-0.0660979
-0.764312,-0.413468,0.279809,0.141359,0.381563
0.369207,0.153398,0.302886,0.649736,0.571023
-0.411804,0.0840993,0.0888079,-0.171215,0.886205
0.155702,0.197082,-0.413038,-0.0976122,0.868619
0.462099,-0.231193,-0.223138,0.571574,0.596238
-0.212348,-0.0139409,0.488825,0.799689,-0.276917
0.647355,0.193448,0.494448,0.470877,0.275238
0.187448,-0.111394,0.380155,-0.331284,0.837781
0.0296967,0.278876,-0.372488,0.347225,0.812868
-0.741017,-0.265889,-0.223235,-0.0973638,0.568426
-0.0180165,-0.651023,0.502361,0.0668436,-0.563439
0.569278,-0.373227,0.0718637,-0.0596016,0.730227
0.222217,-0.61031,0.330754,0.646789,-0.223052
0.184358,-0.520496,-0.784489,0.0594878,0.27623
-0.362517,0.814789,-0.113094,0.0955184,-0.429699
0.0938908,-0.337433,0.912623,-0.121613,0.178008
-0.546789,-0.703228,0.0906445,0.44252,-0.0409454
-0.538414,0.339275,0.435222,0.0475854,-0.635424
0.796119,0.019819,-0.444027,0.379068,-0.166485
-0.839373,-0.436473,-0.269485,-0.129121,-0.134767
-0.16507,-0.675881,-0.355923,0.580615,0.227601
0.57498,-0.0316039,-0.791293,0.203765,-0.00122899
-0.299349,0.786079,0.297722,-0.146687,-0.422996
0.208237,0.412262,-0.546693,-0.535929,0.443765
-0.251551,0.627933,0.13525,0.656255,0.310648
0.135871,0.371401,0.124812,0.905809,0.0684476
0.297724,0.0035753,-0.511494,-0.746274,0.306149
-0.0419143,-0.904988,-0.369878,-0.0792767,0.183442
0.390724,-0.224135,0.224492,0.750202,0.435664
-0.238476,-0.509159,0.349049,0.685711,0.30517
-0.601802,-0.0572789,0.416801,-0.227688,0.642386
0.247168,-0.273765,0.627046,-0.250624,0.641242
0.260357,-0.179512,-0.799289,0.484435,-0.157589
0.234488,-0.791542,-0.178663,0.393767,-0.35964
-0.588288,-0.645388,-0.245867,-0.279732,-0.315081
0.279709,-0.169709,-0.0741942,0.874238,0.348273
-0.525472,0.275868,0.517169,0.606946,-0.104027
0.110035,-0.0624309,-0.0909043,-0.988729,-0.0367317
-0.143157,0.115521,0.815477,-0.330624,-0.438984
0.127346,0.116616,0.724021,0.537149,0.396589
-0.216441,0.144968,0.285758,-0.653768,0.65306
0.17478,0.226231,0.475258,0.47352,0.685139
-0.551894,0.316149,-0.182805,0.564386,-0.493563
0.501279,0.150252,0.829781,-0.0453309,-0.191138
-0.211117,0.041577,0.116097,-0.680677,-0.690417
0.372785,0.66623,0.566316,0.0816112,0.29631
-0.327975,0.634452,0.240218,0.20948,0.623263
0.110179,-0.741739,-0.196452,0.544433,-0.31841
-0.544972,-0.0391915,-0.28655,0.200109,-0.761522
-0.0592088,-0.104227,0.870967,0.445189,0.175229
-0.0900302,-0.406359,0.74423,-0.0465092,0.522281
-0.807058,-0.216584,-0.09369,0.015957,0.538481
0.947846,0.00250839,0.169836,-0.259167,-0.0562696
0.50965,0.379264,-0.521042,0.420468,0.383018
0.246787,0.776804,0.13287,0.557583,-0.0882116
0.200543,0.889052,-0.245034,0.306374,-0.111784
-0.423335,-0.483315,0.601003,0.473285,-0.0112052
-0.000427938,-0.0296323,0.536413,-0.842019,0.0552526
-0.341917,-0.468945,-0.492127,0.0820102,0.644751
0.477733,0.722926,0.0774494,0.119275,-0.477074
-0.715213,-0.488844,-0.288003,0.168643,0.368354
-0.0391371,0.494446,0.0619329,-0.793013,0.344893
0.212704,-0.10452,0.731038,0.095462,0.633145
0.733428,-0.306759,0.194036,0.311847,0.48286
0.0115958,0.470616,0.26812,0.0253676,-0.839616
0.322672,-0.301814,-0.547917,-0.710172,0.0127736
0.941251,-0.20844,-0.10776,0.238797,-0.0220533
0.0648011,-0.512434,-0.597197,0.137368,-0.597057
-0.298246,0.416402,-0.26473,0.693023,0.433176
0.200976,0.720113,-0.412644,-0.280862,0.436802
-0.0832569,0.57528,-0.490856,0.647236,-0.0398375
0.419733,-0.744796,0.261141,-0.061486,-0.44413
-0.110168,0.433906,-0.329571,0.828032,-0.0839757
0.2979,-0.0271785,0.597607,0.179497,-0.725655
-0.0952625,-0.125821,0.634665,-0.274945,0.70325
0.245017,-0.187769,-0.531725,-0.772721,0.158279
0.0523746,0.222642,-0.35175,-0.810411,0.409241
0.279239,0.684829,0.107086,0.233615,0.623208
0.386119,-0.705889,0.175896,-0.47244,0.315679
-0.443011,0.0230245,-0.381999,0.101346,-0.804052
-0.58811,0.0292207,0.546208,0.546037,-0.236636
-0.602005,0.314216,0.182507,0.522618,0.484089
0.480402,-0.00821493,0.0262243,-0.698738,-0.527837
0.768496,-0.587691,0.00886851,-0.233773,-0.102841
-0.00329027,0.185855,-0.436694,0.645595,-0.598479
0.505634,-0.315383,-0.24585,-0.751121,0.139008
-0.833719,-0.0677432,-0.119383,0.194901,-0.496385
0.578414,-0.631576,0.0743786,-0.478777,0.173391
-0.450476,0.38513,-0.128262,-0.788783,-0.106602
-0.772567,0.0385807,0.160393,-0.581744,-0.183636
0.824049,0.246688,0.28263,0.172575,0.390939
-0.2056,-0.200369,0.444967,0.346486,-0.774253
0.480233,-0.725266,-0.442477,-0.0940904,-0.196941
-0.215873,-0.025401,0.166536,-0.861965,0.429348
-0.737387,0.247997,-0.574842,-0.210198,-0.145012
-0.609043,0.131257,-0.434747,-0.535673,-0.3694
-0.939831,0.081695,0.224738,0.119966,0.206883
0.327596,0.780254,0.244047,0.381708,0.280712
-0.334026,0.231456,0.436303,-0.790179,0.152137
0.356048,-0.537737,0.275492,-0.243157,-0.670822
0.27003,-0.0921997,-0.547267,-0.139992,0.773573
-0.0233774,-0.10436,-0.0954104,-0.979113,0.140779
-0.873176,-0.00117292,0.0991755,-0.479613,0.0356327
-0.345277,-0.643028,-0.24584,-0.428077,-0.474497
0.798529,-0.402819,-0.241146,0.337496,-0.165756
0.34458,-0.747867,-0.377063,0.387629,-0.168067
-0.689152,-0.12917,-0.140049,0.581408,-0.387941
0.534864,0.247208,0.449103,0.539457,-0.39624
-0.184831,0.0526891,-0.731283,-0.395383,0.521818
-0.0822985,-0.523659,-0.809606,0.237396,0.0851177
-0.676954,-0.664689,0.177593,0.158304,-0.201216
0.342115,0.770029,0.218227,0.484407,0.0937279
-0.43261,0.158582,-0.0520751,0.799375,-0.384442
-0.343763,-0.571783,0.149188,-0.591422,0.428858
-0.316144,0.12216,-0.626475,0.67032,-0.207738
0.190268,-0.0150227,-0.319053,0.403748,-0.837283
-0.33169,-0.324582,-0.39223,0.048026,0.792381
0.938592,-0.0164401,0.16281,-0.209243,0.221292
0.19022,-0.242996,0.895043,-0.241859,-0.203065
0.284433,0.378121,-0.23939,-0.847417,0.0145363
-0.351408,0.261974,-0.367545,-0.169362,-0.802322
-0.628632,-0.601734,0.0745353,-0.446312,0.195143
-0.495179,-0.465895,0.185346,-0.633857,0.321062
0.0738961,0.228496,-0.589792,-0.764606,0.0903203
0.488833,-0.750482,-0.373601,-0.0952858,0.225769
0.449484,0.280172,-0.267936,0.804046,0.00480878
-0.459713,-0.0926013,0.158911,-0.179805,0.852158
-0.295332,-0.790627,-0.0931916,-0.33569,-0.409026
-0.0970905,0.556295,-0.788748,-0.113505,0.218326
-0.232181,0.610355,-0.646977,0.387972,0.0689361
-0.290862,0.0185705,-0.145186,0.820009,0.467604
-0.311329,0.647819,0.176355,-0.60954,-0.285144
-0.458629,-0.787418,-0.0276639,0.381665,-0.166314
0.592552,-0.0525277,-0.416735,-0.450133,-0.51851
0.395186,-0.18461,0.110639,0.803464,0.390383
-0.590862,-0.226101,-0.523847,-0.360151,-0.44424
0.474791,-0.748209,-0.179916,-0.139501,0.404459
-0.730363,-0.0108305,0.126709,0.294539,0.604427
0.662645,-0.306696,0.64811,0.0525258,-0.215853
-0.828145,-0.000861907,0.328049,-0.212479,0.402935
-0.604725,-0.669075,0.251436,-0.305304,0.175416
-0.0591484,-0.756103,-0.246714,0.319425,-0.512918
-0.309359,-0.30906,0.538098,-0.0218291,-0.717427
-0.790573,-0.451565,-0.0161187,-0.10156,-0.401574
0.183317,-0.606853,0.393309,0.649756,0.138794
0.217427,0.446206,-0.168908,-0.57263,0.632899
0.59507,0.240974,-0.463612,0.15442,0.589607
0.60042,0.626555,-0.0324985,-0.380813,-0.310042
0.287242,-0.232844,-0.063888,-0.600596,-0.706742
0.559767,-0.0842606,-0.436076,0.642201,-0.277056
-0.527391,-0.0979219,0.140295,-0.506625,-0.659824
-0.605348,0.700313,0.306196,-0.168878,-0.152556
0.0713735,-0.501511,-0.199741,0.0869241,0.833457
0.00228424,0.168968,-0.173451,0.824305,0.512082
-0.0428279,0.489503,-0.86806,0.0114845,0.06664
0.709753,0.532271,-0.299863,-0.346684,0.00724618
0.282487,0.662532,0.15443,0.474509,0.48524
0.330886,0.477185,-0.258324,-0.274602,-0.722529
0.44281,-0.122005,0.881344,-0.062534,-0.0842746
-0.424672,0.361145,0.254539,0.655475,-0.440096
-0.61016,-0.122681,0.0437535,0.717748,-0.312659
0.536444,0.347915,-0.442597,0.288709,0.561542
0.0361753,-0.405868,-0.444521,-0.177913,0.776351
-0.0420891,-0.125864,0.0784827,0.841079,-0.515664
-0.436822,0.625488,0.444462,0.459209,0.0861164
0.0709414,0.244,-0.371417,-0.831183,0.327281
0.553581,0.202248,0.0372382,-0.232125,-0.77266
-0.506716,-0.505714,0.547624,-0.434434,-0.0294159
0.230003,-0.277476,-0.490905,-0.0808501,-0.788853
-0.0164868,0.240601,-0.723368,0.555604,-0.335472
-0.696443,-0.165056,0.57683,0.313325,0.246351
-0.08228,-0.637331,-0.218483,0.29677,0.672855
0.442131,0.137983,0.788628,0.350907,0.207739
0.236783,0.596889,-0.0350685,-0.747488,-0.172602
-0.699259,-0.564192,0.0860295,-0.0126165,0.427374
-0.0433368,0.344274,-0.496822,0.622711,0.494619
0.751247,-0.36548,0.142544,-0.228878,-0.478988
0.489134,-0.213649,-0.149554,0.363434,0.747981
0.238494,-0.734607,0.113308,-0.624009,-0.0355867
-0.673496,-0.168183,0.120302,0.474967,0.527767
-0.162118,-0.713791,0.53261,0.417949,-0.0723162
0.107112,0.708899,0.366263,-0.576493,0.134175
-0.168868,0.0724994,-0.592912,0.7821,-0.0333598
0.635457,-0.591607,0.4223,0.193803,0.173904
0.539466,-0.22296,-0.156183,-0.503275,0.617493
0.533571,0.467463,-0.198893,-0.33677,0.585992
-0.662769,0.260315,0.335142,-0.392285,0.478334
0.186788,0.258301,0.595639,0.731273,-0.111573
-0.835638,0.185507,-0.148184,0.425873,-0.248611
-0.24946,-0.011448,-0.720536,0.24109,0.599352
-0.138923,-0.568186,0.558115,-0.587938,0.00754331
0.246855,-0.769995,-0.293474,0.244817,0.446405
0.406399,0.62005,0.224218,-0.509301,0.375656
-0.444287,0.0385283,-0.235354,-0.195463,-0.842031
0.304406,0.271597,0.60409,0.384372,-0.569599
-0.399099,-0.549457,-0.077057,0.623959,0.378471
0.81823,0.177362,0.34227,0.42465,0.0387834
0.836016,0.365068,0.199121,0.214321,-0.284803
-0.310125,-0.799473,-0.134352,0.495248,-0.0070733
-0.461653,0.168257,-0.639358,0.504082,-0.306834
-0.159289,0.267828,0.831867,-0.289691,0.352423
-0.793398,-0.32557,0.195171,0.345341,-0.324951
0.302284,0.398671,0.818182,0.274609,0.0394328
0.771115,-0.0722251,0.0799635,-0.0978822,0.616688
0.32574,-0.878036,-0.144862,-0.320983,0.0242017
0.56088,0.149978,-0.00669452,0.810081,0.0679117
-0.20244,0.475082,0.165583,-0.115152,0.832261
0.510628,0.631801,-0.551372,0.171961,-0.0883411
0.267242,0.028908,0.730888,0.603708,0.16789
0.256149,0.186809,-0.50269,-0.160431,0.789893
-0.261275,0.62089,-0.678472,-0.271802,-0.112376
-0.266543,-0.743743,0.339106,0.505944,-0.0612407
-0.365393,-0.696047,0.350632,0.177241,-0.474375
-0.224486,0.0234239,0.663299,0.714599,-0.0268092
-0.00664672,0.320942,-0.376177,0.839346,-0.220849
0.679627,-0.0433512,0.231892,0.241693,0.649258
0.226373,0.576433,0.499492,-0.00691313,-0.602861
-0.469714,-0.231239,-0.572383,0.567034,0.27529
0.400365,0.351222,-0.370373,-0.565119,-0.507243
0.139581,-0.753568,-0.50802,0.363441,-0.156199
-0.037857,0.0716399,0.866542,-0.461817,0.170756
0.240261,0.528238,-0.283611,0.58148,-0.492962
0.23208,0.151613,0.867598,0.288152,0.289963
-0.520897,0.518801,0.632896,0.132366,0.211252
-0.0752699,-0.175051,-0.551283,-0.189041,0.789729
0.277041,-0.141753,0.277437,0.67063,-0.613462
-0.291251,-0.111874,-0.262139,0.507225,0.758913
0.390707,-0.243681,-0.618115,0.325824,-0.546471
-0.325303,0.306911,0.660534,0.149773,0.584276
-0.0289206,0.407029,0.390777,0.156835,0.810321
0.246486,0.0608971,0.672705,-0.694266,0.0675382
0.100606,-0.13937,0.265904,-0.607341,-0.729298
0.766551,0.502166,-0.280794,-0.248471,0.137827
-0.125017,-0.826933,-0.0599298,-0.0588283,0.540206
-0.50321,-0.607942,0.372735,0.485366,0.054276
-0.190254,0.832131,-0.45321,-0.148628,0.209916
0.339111,-0.569056,0.179478,-0.0683374,-0.722251
0.279735,-0.307025,-0.375879,0.765098,-0.319791
-0.587353,0.558998,-0.281332,0.229897,-0.458337
0.518425,-0.474507,0.462522,-0.0562234,0.537602
-0.269016,0.697538,-0.171849,0.533666,-0.35255
0.223593,0.686747,-0.355439,-0.0829429,-0.586977
-0.29092,-0.686683,-0.640285,-0.170512,0.0815523
0.498847,0.053358,-0.205297,0.695655,-0.473694
0.543024,-0.026785,0.756896,-0.183592,-0.305598
-0.288194,-0.812834,-0.0660675,-0.17865,-0.469205
0.429405,0.513942,0.15532,-0.587263,-0.430688
0.431206,0.221453,-0.618446,-0.581704,-0.21403
0.531523,-0.474059,0.163075,0.415771,0.539911
-0.274157,0.0145713,0.518982,0.396637,-0.707044
-0.822857,-0.0353659,0.265379,-0.401449,0.29863
-0.283648,0.0568852,0.511246,-0.759543,0.28536
0.535451,0.180592,0.537891,0.231733,-0.581364
0.210488,-0.406135,0.201167,0.64571,-0.576252
0.402479,0.00692863,0.859744,-0.090402,-0.304128
0.0108439,0.453779,-0.235217,0.580216,-0.633324
0.859201,-0.396506,-0.185733,-0.227102,-0.135917
-0.865352,-0.032621,-0.222554,-0.317883,-0.31579
-0.0230748,-0.0973212,-0.299404,0.946749,-0.0644562
0.0181103,0.751902,-0.0136119,0.333104,0.56679
-0.567004,0.381787,0.389302,-0.461077,0.405886
0.693077,-0.384775,-0.3319,0.250727,-0.448137
-0.307276,-0.0874868,-0.48668,-0.487354,0.650004
0.616375,0.114708,-0.600849,-0.494578,-0.0234473
0.331929,0.372426,-0.574563,-0.0229947,-0.646658
-0.0647641,-0.738606,0.668652,0.0104324,0.0226447
-0.260527,-0.565398,0.305641,-0.256186,0.675375
0.640427,0.670035,0.174904,-0.232883,-0.238082
-0.642671,0.618332,0.249004,0.309475,0.206188
0.10588,-0.817821,0.218471,0.348833,-0.390317
-0.521699,-0.541461,0.28757,0.592916,0.0356175
-0.130206,0.724137,0.347172,-0.218636,-0.538626
-0.508155,-0.332897,-0.141759,-0.281188,0.725733
-0.63858,0.582746,0.319806,-0.335989,0.188894
0.120826,-0.946919,0.0251694,-0.0899759,0.282142
-0.0296252,0.614288,-0.709324,-0.254531,0.234595
0.686173,-0.507494,-0.428172,0.295559,-0.0298799
0.442907,0.456098,-0.553438,-0.534499,0.0662491
0.134391,-0.555971,-0.121063,-0.417284,-0.695702
-0.256678,0.306245,0.501092,-0.720729,0.268586
-0.00663635,0.77697,-0.399701,0.338008,-0.346754
0.194944,0.186127,0.768031,-0.491509,-0.312195
-0.356083,0.634777,0.512934,-0.121166,0.443248
0.501271,0.762904,0.155559,-0.272736,0.264805
0.650355,-0.143494,-0.413142,-0.522328,0.339262
0.669382,0.241696,-0.103682,0.474646,0.50815
0.607319,-0.213447,-0.658948,0.0332673,-0.386891
-0.973494,0.144947,0.126252,0.109723,0.0729672
-0.358407,-0.133874,-0.129727,0.763609,0.502789
0.306118,-0.0298166,0.88937,0.336429,-0.0309812
0.000681871,0.107059,0.746169,0.162976,0.635654
0.454634,-0.119158,0.819195,0.239505,-0.230202
0.0775278,-0.235802,-0.676955,-0.419113,-0.551841
-0.00905645,-0.754725,-0.651335,0.00545683,0.0913022
-0.0524986,-0.4198,0.0841493,0.193931,0.882944
0.267088,-0.171176,-0.453101,0.817251,-0.159867
-0.547324,0.262677,0.528391,-0.337926,-0.48848
0.281558,0.36707,-0.402984,-0.784854,-0.0750917
0.0310637,-0.663702,0.721551,0.0843321,-0.176754
0.751013,0.319724,-0.422461,-0.39394,0.0308931
0.182584,0.935294,-0.108719,-0.279836,-0.0483065
0.704445,0.159274,0.671742,0.0782009,-0.142739
-0.397704,-0.548487,-0.339389,0.410716,-0.507063
0.158779,0.972476,0.00310427,-0.015602,-0.164435
-0.311417,0.369009,-0.465833,0.734262,-0.0942262
-0.761556,0.335441,0.382797,0.00520165,0.400681
-0.46456,-0.37267,-0.76731,0.103018,0.214071
0.0283446,-0.787039,-0.0891515,-0.571839,-0.207535
0.207331,0.412373,0.190294,0.198658,0.842535
0.276741,0.412261,0.100491,-0.527638,0.678746
0.716181,-0.0320612,0.665822,-0.0514758,0.206671
0.926609,0.0739913,0.325391,0.163854,-0.0468549
0.307717,0.840404,-0.201389,-0.0548688,0.387379
0.0737244,0.0374599,-0.327646,-0.860935,0.375637
-0.236771,0.539721,-0.655079,0.183426,0.435525
0.178015,0.61641,0.228827,-0.684561,-0.256114
-0.339565,-0.690048,0.441762,0.37301,0.275357
0.34125,0.0742487,-0.288088,-0.571641,-0.685597
-0.387058,0.185752,0.875837,-0.14243,-0.155974
0.682483,-0.285677,-0.590318,-0.138477,-0.289269
0.582086,-0.101993,-0.108083,-0.389181,0.699186
0.501631,-0.639645,-0.510897,-0.132387,-0.246545
-0.581295,0.243254,-0.627577,-0.449716,-0.0733423
-0.802924,-0.0224473,-0.00675143,0.518341,-0.294518
0.900969,0.377353,0.0290754,0.176956,-0.126258
-0.191633,-0.522784,-0.702138,0.00281971,0.448078
-0.483424,0.63381,0.174308,-0.267434,0.514255
0.363563,-0.47875,-0.736546,0.202017,0.232818
0.365302,-0.151563,-0.292815,0.0131913,-0.868391
0.0225225,0.25516,0.610259,-0.743979,-0.102378
-0.099995,0.118677,0.93261,-0.320719,0.057025
-0.719856,0.0446861,0.0786679,0.684134,0.0427522
0.0903423,0.59821,0.657505,-0.377162,0.238616
-0.706991,0.197999,0.031076,0.614746,-0.289736
0.327029,-0.656087,-0.493112,0.374671,-0.284057
0.488859,0.383323,0.622754,0.373709,0.289015
0.358456,-0.354086,-0.581647,0.1351,0.627349
-0.0698256,0.594532,-0.216561,0.624498,-0.453
-0.455857,0.35371,-0.501154,0.271582,-0.584053
0.403457,0.230692,0.818281,-0.0652737,0.329975
0.90497,0.1954,-0.203485,-0.0347643,0.314846
0.588649,0.125771,-0.445232,-0.516906,-0.416368
-0.0514092,-0.373737,0.640185,0.620595,0.254376
-0.902134,-0.225303,-0.259528,0.0171086,0.25621
-0.511713,-0.449881,-0.127392,-0.719814,0.00753789
-0.120085,0.345025,0.119152,-0.639377,-0.667235
-0.363048,0.583926,-0.412363,0.167423,-0.571639
-0.679738,-0.451163,0.185279,-0.126114,-0.536708
0.0893186,-0.435523,0.873936,0.198792,0.0349871
0.772048,0.0900324,-0.448401,0.155895,-0.411299
0.23321,0.221357,-0.557083,0.329689,0.691152
0.779366,-0.0731101,-0.0509491,0.601358,-0.153539
0.00856465,-0.339585,-0.282598,0.830602,0.33976
-0.523321,-0.365753,-0.457598,-0.412841,-0.461739
0.429772,-0.105557,0.56632,-0.338937,-0.606297
0.0478693,-0.0256414,0.232968,0.235943,0.942078
-0.0970461,0.586841,-0.74702,0.245355,0.163591
0.165054,-0.694398,-0.635443,0.0649792,0.289117
-0.258727,-0.125138,0.562919,-0.222085,-0.745018
0.611795,0.334126,0.269345,-0.599427,-0.282775
0.564477,-0.492131,0.617331,-0.206292,0.122284
-0.527875,-0.417995,-0.510384,-0.524345,-0.09999
-0.398518,-0.574266,0.710521,0.0329967,0.0979998
-0.392014,0.58693,0.654659,0.265141,-0.0399964
0.236898,-0.537151,-0.650106,-0.225511,0.42583
-0.326802,-0.625377,-0.159935,-0.627112,-0.286832
0.608697,0.211881,-0.549442,0.525259,-0.0896963
-0.0969902,-0.863175,-0.482762,-0.106808,0.0464586
0.0811016,-0.130214,-0.840993,-0.504646,-0.121364
0.506457,0.00409446,0.179736,0.104392,0.836077
-0.101757,0.665632,-0.487774,0.193839,0.520837
0.512944,0.734939,-0.023082,0.415728,-0.155822
-0.149739,0.214072,-0.257826,0.56336,-0.739671
0.45116,-0.682534,0.0614787,-0.385715,0.422352
0.358491,0.129783,-0.199602,-0.769387,0.472173
-0.243014,0.545791,-0.488507,-0.268103,-0.577375
-0.293595,0.852115,-0.354355,0.194848,0.155289
-0.213471,-0.281936,-0.884738,-0.145609,-0.265729
-0.954256,-0.129228,-0.126327,-0.13996,0.191544
0.582434,-0.248193,-0.30578,0.687272,0.178097
0.260048,-0.0852887,-0.315966,-0.896992,-0.149502
-0.175457,-0.354939,0.433286,-0.777554,-0.226802
-0.0380277,-0.399042,0.473055,0.780002,-0.0836015
0.147935,-0.69283,0.645779,0.206807,0.197042
0.170792,-0.359108,0.775762,-0.31056,0.376663
-0.740448,0.434301,-0.228221,-0.382721,0.252643
-0.629155,-0.507253,0.544782,-0.197075,-0.0984133
0.179544,-0.429114,-0.086711,0.863125,0.169679
0.655888,0.348502,0.172995,-0.495454,0.412753
-0.233943,0.265665,0.223043,-0.108397,-0.902012
0.815118,-0.116501,-0.32073,-0.450804,-0.131014
-0.28907,-0.12648,-0.232671,0.916186,-0.0387513
-0.0372854,0.446153,-0.66626,-0.25269,0.537332
-0.652391,0.176958,0.733379,0.0367301,0.0790848
0.890767,-0.024895,0.0485767,0.34018,-0.302095
-0.0193742,0.527203,0.733119,0.334331,-0.267504
-0.442845,0.793958,-0.326606,-0.0600415,0.251199
-0.732293,-0.0846619,0.472529,-0.106635,0.471295
-0.248265,0.265704,0.874644,-0.228553,-0.222974
0.830177,0.103819,0.459937,0.0215506,-0.296066
-0.10279,0.626376,-0.509327,0.33708,0.472715
0.441602,0.236074,-0.415717,0.566283,0.507924
0.22152,-0.376708,0.0358092,-0.0833668,0.896053
-0.679048,0.147258,-0.431624,0.136486,-0.560191
-0.77556,-0.103765,0.401978,0.347372,0.321838
-0.541381,-0.327003,0.0666698,-0.538206,0.552914
0.455866,0.523962,-0.0839617,-0.522082,0.489761
-0.780588,0.211093,-0.278383,-0.493842,-0.158738
-0.1986,0.156217,0.0449564,0.624108,0.739436
-0.549464,-0.491908,0.667496,0.0906383,0.0586427
-0.594533,0.73184,-0.306773,-0.107883,0.0824551
-0.602665,-0.701145,0.320542,-0.0888655,0.180869
-0.885564,-0.0795836,-0.0933468,0.00439314,0.447384
-0.224343,-0.524912,0.270053,-0.669255,0.389819
-0.623057,0.125344,0.206575,-0.743591,0.00010365
-0.00173464,-0.223394,0.448385,-0.845399,0.190701
0.261787,-0.631744,0.532573,0.467183,-0.18472
0.289996,-0.231852,0.333332,-0.387344,-0.776169
0.572272,-0.286665,-0.301853,0.0895595,-0.700923
-0.594345,-0.0597471,-0.30065,0.644392,-0.370448
0.0471512,0.852947,0.296779,-0.206764,0.371902
-0.00825887,0.280409,0.153854,0.896158,-0.302587
0.599581,-0.132639,0.488426,-0.495837,0.374465
-0.0200007,-0.261665,-0.43779,-0.0683509,-0.857859
0.354807,0.772615,0.181402,0.475125,-0.124282
0.570482,-0.575478,0.184548,0.557338,-0.0154621
0.367164,0.716586,-0.250666,-0.0800081,-0.532022
0.458576,-0.0806172,-0.798795,0.264125,0.281243
-0.219869,-0.0376312,-0.34921,-0.906045,-0.0664308
-0.327026,-0.588654,-0.127387,-0.724448,-0.0731962
-0.125674,-0.200395,-0.498775,-0.552383,-0.627347
-0.185199,0.901821,0.168373,0.353967,0.0422887
0.065494,0.455624,-0.354406,-0.0820253,0.81289
0.244968,0.315737,-0.0963439,0.307124,0.858912
-0.0297115,0.713817,0.572315,0.0609685,-0.399516
-0.298661,0.279442,-0.118887,0.874514,0.235547
-0.71714,0.501754,-0.332608,0.141298,0.322287
0.764968,-0.201951,-0.0139237,-0.326771,0.517435
0.173132,0.238984,0.804762,0.320558,0.408877
-0.285784,0.71467,-0.205317,0.50491,-0.333505
0.399873,0.726401,0.544838,0.0876909,0.0681673
0.245528,0.598888,-0.391264,0.592221,0.274256
-0.095034,0.0077443,0.0374984,0.93754,-0.331775
-0.264074,-0.199189,-0.736891,-0.280305,0.520595
0.441216,0.335163,-0.210926,-0.397744,-0.700309
0.528363,0.691613,-0.361677,0.309752,0.114143
0.234374,0.468005,-0.0159657,0.850984,-0.00965314
-0.343272,0.425152,0.650666,-0.494289,0.192711
0.00904819,-0.647302,-0.3201,0.549335,-0.418996
0.330256,0.0211747,-0.648046,0.613732,-0.303519
0.701828,-0.425787,0.347387,-0.4374,-0.120119
0.607054,-0.120606,-0.220474,0.703985,0.267116
-0.135814,0.334363,0.389529,0.267971,-0.804016
0.436025,-0.730053,-0.395957,-0.250746,0.238563
0.448359,-0.698589,0.535637,0.128845,0.0746891
-0.693272,-0.549605,-0.168263,0.0226244,0.432257
-0.39936,0.636725,-0.187737,-0.625924,-0.0884014
0.749046,0.639936,0.159938,0.0325023,0.0135267
0.611898,0.172676,-0.457911,0.584697,0.212385
-0.108042,0.603394,0.374459,0.337573,0.608257
-0.28716,0.785886,0.00146416,-0.549089,-0.000601881
-0.159492,-0.576645,-0.235255,-0.701675,0.307846
0.434612,-0.393267,0.276102,-0.755784,0.100145
-0.323959,-0.765612,-0.516147,0.189807,0.0716318
-0.807304,-0.266543,-0.12071,-0.323732,-0.397144
0.471668,-0.617606,0.416596,-0.133324,0.450174
-0.253109,-0.919649,-0.23505,0.0323782,-0.18119
-0.294731,0.609196,0.0174279,0.262231,0.687736
-0.891688,0.376839,0.114064,-0.218366,-0.0581093
-0.367231,0.0666679,0.921337,0.0264,0.0952692
-0.548231,-0.458567,0.651829,0.143269,0.209747
-0.610234,0.196813,-0.40332,-0.059642,0.648538
0.306637,0.502647,0.357287,0.723104,-0.0400824
0.113857,0.221073,-0.178846,-0.125363,0.945441
0.776844,-0.350997,-0.030409,-0.520952,-0.0323144
0.743613,0.0361925,0.0104257,0.222931,-0.627732
0.455725,0.176043,0.341578,0.726102,0.346872
-0.603655,0.525907,0.123445,0.0667758,0.580307
-0.0698741,0.241582,-0.656098,-0.558703,0.440024
0.297684,0.200301,-0.42268,-0.829303,0.0429663
0.453562,0.36528,-0.270779,-0.506109,-0.575484
0.461559,0.270231,-0.644248,-0.0179806,-0.544183
0.0633524,-0.103118,0.967008,0.218745,0.0257891
-0.368488,0.528206,-0.0416881,0.521211,-0.558498
-0.157553,-0.780125,0.260181,-0.28946,0.461988
-0.437694,-0.47053,-0.12112,-0.158353,0.738504
-0.0589128,0.0767329,0.129978,-0.967503,-0.188898
-0.545318,0.350139,0.185,-0.733311,-0.0853572
-0.180209,-0.46583,0.291985,0.0431588,0.812562
-0.204927,0.788589,-0.223242,0.516512,-0.141095
0.6625,0.485491,-0.053198,0.540423,0.175164
-0.54484,0.211653,-0.373526,-0.583415,-0.417746
0.0253653,-0.216139,0.612634,0.389645,-0.651264
0.0120938,-0.0566195,-0.120048,-0.175722,-0.975751
-0.313808,-0.56928,0.188944,-0.610592,-0.411276
0.353713,0.0448685,-0.17941,0.85658,0.325254
-0.030897,-0.402119,-0.782795,-0.118045,-0.456812
-0.485872,-0.694499,0.344414,-0.335804,-0.225428
-0.0418847,-0.323459,0.574446,-0.180129,-0.728686
-0.466261,-0.0964044,0.152722,-0.832833,0.235039
0.614631,-0.742147,0.254128,0.0525,-0.0707469
-0.155459,0.201826,-0.41774,-0.45729,-0.741547
-0.394271,0.0550708,-0.363463,0.249537,0.801923
0.17074,0.37847,-0.85338,0.284375,0.140139
0.438088,0.340942,0.546948,-0.523805,0.344691
0.533638,-0.831865,0.0725765,-0.117227,0.021056
-0.0954064,-0.915932,-0.00974857,0.153195,0.364094
-0.332191,0.228228,0.584173,0.392798,-0.585431
0.352905,0.503698,-0.367846,0.6475,0.261297
0.157685,-0.597761,-0.556133,0.475555,-0.281277
0.783713,0.0953254,-0.159216,-0.579112,0.132302
0.442584,0.788986,0.346229,-0.00607345,-0.249563
-0.254949,0.11133,0.892275,0.319542,0.151345
-0.722285,0.346599,-0.498806,-0.211532,0.246333
0.191614,0.484675,0.274873,0.551533,-0.590643
0.0683349,0.832764,0.438553,-0.321581,0.0667628
0.321189,0.674502,0.26432,-0.229597,0.561137
0.278554,0.13172,-0.251111,0.589096,0.704738
-0.298224,0.0364249,-0.000977778,0.7593,0.578218
-0.00825371,0.27346,0.56118,-0.626852,-0.466478
-0.137461,0.31928,-0.732178,0.146544,-0.565613
-0.902029,-0.340416,-0.0123081,-0.265126,-0.0177042
0.0149087,-0.491519,0.0305974,-0.0357947,-0.86872
-0.831024,-0.0648317,0.221654,0.295563,0.40535
-0.349562,0.640199,0.134131,-0.133838,0.656809
0.349117,0.672969,0.482996,-0.143608,-0.414743
0.255573,-0.581679,0.673037,0.335801,0.180309
-0.00154183,0.740478,0.260964,-0.612841,0.0973478
0.281944,-0.56436,0.265,0.00527304,-0.729994
-0.262481,-0.563101,-0.565276,0.532574,0.101171
-0.000971579,-0.619978,-0.412515,-0.644512,0.173377
0.568114,0.293509,0.145243,0.676265,-0.338672
-0.569759,0.116509,0.121408,0.562161,-0.573842
0.074949,0.155866,0.102719,-0.97704,0.071341
-0.113753,-0.329757,-0.0756279,-0.719438,-0.595537
-0.288856,-0.925893,0.0419414,0.227425,-0.0650546
-0.516818,0.517947,0.474007,-0.489129,-0.01846
-0.633961,0.21701,-0.0229836,0.732191,0.1246
-0.283141,0.0690017,0.420526,0.0433242,-0.857853
0.400506,-0.196815,0.0284757,-0.550419,0.707875
-0.389848,0.782852,-0.476868,0.0788162,-0.0565281
-0.630341,0.116753,0.574876,0.237445,0.450565
0.311046,0.325011,0.458645,-0.236237,0.730726
-0.109939,-0.519267,-0.642146,-0.51732,0.197107
0.473645,-0.577497,0.48745,-0.174962,0.41844
0.65763,0.211487,0.609431,0.0221628,-0.3872
0.32667,0.512465,-0.0957661,-0.513194,0.600752
-0.305652,-0.940752,-0.0743853,-0.0540572,-0.121127
0.148815,0.629082,0.507238,-0.570645,0.0102746
-0.727674,-0.140407,-0.413585,0.501276,-0.17429
0.0663351,0.0382032,-0.192079,0.638099,-0.741359
-0.615475,0.259271,0.386014,0.141949,-0.620363
0.160004,0.0370963,-0.598309,0.00821984,-0.784727
0.655526,0.614272,0.114844,0.398626,0.14031
0.28647,0.179414,0.654015,0.12938,0.664856
-0.16621,0.0836314,-0.326358,0.601861,-0.705018
0.709026,0.31255,0.0482074,-0.516391,0.357775
-0.0335863,-0.293079,-0.523646,0.289839,0.744349
0.646315,0.62212,-0.416788,-0.136607,-0.0407907
-0.0834945,-0.0477111,-0.797848,0.451892,0.390705
-0.146645,0.448204,-0.124976,0.372931,0.789924
-0.0834621,-0.619145,-0.370891,-0.428848,0.536081
-0.138181,-0.347231,0.355218,0.505166,-0.690907
0.0767537,0.0128339,-0.988168,0.131955,0.0439088
0.0268505,0.652992,-0.629958,-0.191138,0.369089
-0.266962,0.0834038,0.806341,-0.0648161,0.512836
-0.180221,0.246774,-0.605808,0.274773,-0.682465
0.203099,0.24927,-0.856747,-0.35726,0.183706
0.140428,-0.947127,-0.102468,0.262305,-0.0489042
0.268262,0.581908,0.311496,-0.137567,0.686983
-0.193208,0.38186,-0.565669,-0.67707,-0.196447
-0.849543,0.281649,-0.242829,-0.235752,0.29166
-0.17804,-0.336422,0.899849,0.0460648,0.204932
0.0205266,-0.229684,-0.332851,0.258528,0.87574
-0.0679403,-0.924783,0.0189719,-0.363846,0.0900578
-0.116169,-0.0304855,0.111775,-0.972993,0.167555
-0.679061,-0.598837,0.16489,-0.202402,-0.338145
0.771043,-0.56277,0.0612779,-0.227907,-0.172957
0.66309,0.0106563,-0.714932,0.215437,-0.0462854
0.187771,0.0358615,0.973484,-0.0956596,0.0826329
-0.183376,-0.695104,-0.246322,-0.0549546,-0.648664
0.171326,-0.713194,0.528131,-0.389758,0.182061
0.335251,0.421803,-0.00217633,0.843564,0.0236973
-0.485998,0.390975,0.404983,-0.480633,0.467554
-0.798631,0.323037,0.0275909,-0.432159,-0.266913
-0.523473,0.814574,-0.17287,0.151019,0.0867173
-0.190225,0.516912,0.678723,0.46489,0.141131
-0.90788,0.0531337,0.00765543,-0.155379,-0.387843
-0.0839375,0.486429,-0.630199,-0.569235,0.187304
0.371763,0.231502,-0.367752,-0.695783,-0.436784
-0.311774,-0.661624,0.525499,-0.155784,-0.408007
-0.481088,-0.539674,0.436396,-0.417024,0.336788
0.715434,0.452525,-0.0547698,-0.0287564,0.53244
-0.137833,-0.178494,-0.616589,0.751032,0.0789287
0.300787,0.269824,0.403792,-0.13267,-0.811174
0.665592,-0.273251,-0.407274,0.24019,0.508812
0.737318,0.0790978,0.0366702,0.588892,0.315627
0.250646,0.647301,0.127011,0.704211,-0.0654576
-0.190328,0.428918,0.305898,0.825739,0.0697414
0.0393607,0.692192,-0.474221,-0.167128,-0.516539
0.279768,0.0319612,0.287895,-0.718843,0.567904
0.122419,-0.642001,-0.168181,-0.579347,0.456852
0.830057,-0.362107,0.216116,0.364524,-0.0311899
-0.584547,0.633233,-0.0799913,-0.370136,0.341098
-0.785641,-0.374172,0.364244,0.0801711,-0.31743
-0.635134,-0.172124,0.184073,0.574491,-0.448314
0.333199,0.537733,0.371824,0.0818122,0.674672
-0.348139,-0.173554,-0.372448,0.232551,-0.809936
0.23738,-0.950692,0.115464,0.159144,0.0412907
-0.637443,0.491497,-0.0641673,-0.577271,-0.134165
-0.144671,0.760691,0.0804604,0.523225,0.350695
0.0676573,0.541242,-0.526305,-0.643697,-0.111604
-0.487158,-0.0104941,0.663849,-0.217752,0.523751
0.621125,-0.292256,-0.39971,-0.604521,-0.0573579
0.581238,-0.219219,0.11515,0.415347,0.655921
0.545002,0.258773,0.48625,0.204863,-0.600343
0.188593,-0.142922,0.330598,0.383128,0.829968
0.599491,-0.659166,-0.276779,0.354311,-0.05549
0.6113,0.63488,-0.37823,-0.247605,0.142899
-0.158909,-0.378364,0.500973,-0.408677,0.645049
0.0967428,0.474409,0.119782,-0.425997,0.755834
-0.177347,0.593639,-0.281027,-0.268962,0.680467
0.195175,-0.654707,0.678913,-0.266225,-0.0408112
-0.725716,0.0700827,0.471256,0.433016,0.235732
-0.533243,0.603325,-0.542328,-0.172121,0.166824
0.731623,-0.248306,0.0394886,-0.0883291,-0.627422
-0.997061,-0.0621357,0.0497261,0.0170567,-0.044578
-0.25549,0.236764,0.420931,0.0649573,0.835753
0.631288,-0.534543,0.406285,0.317564,-0.224422
-0.526631,0.0833995,-0.803113,0.254782,0.0757436
-0.168633,0.332603,-0.393462,0.506292,-0.667339
-0.451107,-0.0762097,-0.198882,-0.627011,-0.598274
-0.1528,-0.0383996,-0.873125,-0.230875,-0.395642
-0.150071,-0.538117,0.25046,0.345977,0.711002
0.57529,0.00942466,-0.245763,0.17758,-0.759734
0.64806,0.331564,0.338488,0.497767,-0.332566
-0.0768976,-0.186156,-0.544275,0.0440888,0.815273
-0.252135,0.352216,0.895272,0.115864,0.0187503
-0.0757998,-0.948988,-0.198029,-0.179902,-0.156366
0.478974,0.715786,-0.383381,-0.264067,-0.205144
-0.250624,0.324238,-0.374323,-0.305019,0.77369
-0.337323,0.172192,0.832397,-0.0785745,0.399276
-0.424825,-0.56011,0.652859,0.276391,-0.0237975
-0.368122,0.855602,0.127937,-0.336483,-0.0657875
0.279256,-0.288606,-0.728656,-0.432266,-0.352012
0.419012,-0.841778,-0.226517,-0.053253,-0.244214
0.148418,0.472828,0.19318,-0.657556,0.533223
-0.849803,0.0307554,0.140093,-0.361476,0.357118
0.493872,-0.54722,-0.156493,-0.609242,0.240588
0.622567,-0.351809,-0.576778,-0.392963,-0.01145
-0.427693,0.369941,-0.768142,-0.267172,-0.1347
0.707737,-0.269873,-0.377009,0.484008,-0.219016
-0.185225,-0.0109611,0.491782,0.62387,-0.57984
0.35741,-0.111735,0.925434,-0.0522101,-0.0409253
-0.163921,-0.234972,0.539977,-0.330796,0.719774
-0.427695,-0.167351,0.625369,0.570801,-0.266351
0.458041,0.0692697,-0.363402,-0.722949,-0.355256
0.853906,-0.136171,-0.161391,-0.44756,0.160484
-0.2328,-0.412748,-0.063384,-0.745914,0.460871
-0.152051,0.248985,-0.63781,0.714281,0.0315168
-0.0195089,-0.679124,-0.155036,0.0335429,-0.717265
0.158023,0.595158,-0.585469,-0.473173,0.229821
0.351599,0.403396,0.240021,-0.236078,0.773437
-0.279155,0.248766,-0.795973,-0.425981,-0.21385
0.758468,-0.29492,0.509393,0.222388,0.165669
-0.0633195,0.345515,0.519371,-0.425752,-0.652793
-0.0977039,0.833439,0.396729,0.348662,0.140572
0.0695733,0.00162695,0.288429,0.950193,-0.0907513
0.898658,-0.0576463,-0.392441,-0.14535,-0.128367
-0.617897,-0.303488,0.488159,0.319154,0.431642
0.0405654,0.603777,0.471811,-0.40369,-0.494553
0.158508,-0.40973,-0.179843,-0.3974,0.785733
0.813807,-0.397451,-0.100041,-0.298799,-0.280606
0.144369,0.0203884,0.561275,0.350778,-0.735015
-0.0810826,0.0170727,0.0915516,0.982502,0.12793
-0.595376,0.255837,-0.631482,0.125695,0.406792
-0.667826,-0.536344,-0.43407,-0.271983,-0.0580642
-0.304401,-0.376823,-0.165195,-0.288453,0.810111
0.818875,-0.00644984,0.0259595,-0.470975,0.326449
-0.331234,-0.451393,0.164397,-0.183115,-0.788996
0.129547,0.594271,0.291915,-0.701472,-0.23312
0.376898,0.166078,-0.641753,0.189155,0.619744
-0.163244,0.374899,-0.753333,0.349971,0.375294
-0.347073,0.651444,-0.37997,0.358776,0.423055
-0.209133,-0.0312435,-0.880868,0.152166,0.394506
-0.201938,-0.147076,0.673749,0.64116,0.275096
-0.556566,-0.344899,-0.580729,0.0560816,-0.481187
0.0925661,-0.517003,-0.0822712,-0.421568,-0.735533
-0.21967,-0.33953,0.403125,-0.31849,-0.75487
0.0395991,-0.088211,-0.81842,0.501717,0.263992
0.365393,-0.284591,-0.310998,0.529525,-0.638123
-0.427303,0.401685,-0.386598,-0.181623,0.688135
0.304664,-0.327021,0.721478,-0.528998,0.00654962
0.529289,-0.0955822,-0.155407,0.828579,-0.0332425
-0.125135,-0.0824799,0.668326,0.248052,0.686739
-0.064818,0.455339,0.744388,-0.463199,-0.141007
-0.110266,0.106368,0.0405068,-0.987225,0.0205707
0.497016,0.367875,-0.368004,0.661603,-0.208074
-0.116755,-0.734429,-0.579099,-0.32918,0.0673769
0.542028,0.295283,0.161845,0.0735903,-0.768397
0.214238,0.803908,-0.0867801,-0.303886,-0.454977
0.257415,0.436453,-0.555602,-0.431178,-0.5034
0.234461,0.381468,-0.490669,-0.705487,0.247149
-0.0588191,0.279814,0.422447,0.78367,0.353239
0.43411,-0.460725,0.170953,0.432739,0.616246
-0.377761,0.428231,-0.488877,0.522173,0.406108
-0.241451,-0.700145,-0.138532,-0.433282,-0.495641
-0.465504,-0.28374,0.467254,-0.573497,0.393138
0.476391,0.834496,0.218505,-0.130755,0.108248
-0.36478,0.612669,0.282195,0.461621,-0.444588
0.14625,-0.446502,-0.591641,0.550181,0.357571
-0.314915,0.714356,-0.151776,-0.547231,0.264783
-0.240749,0.311179,-0.353064,-0.731961,0.430786
0.372197,0.0769288,0.325415,-0.805835,0.313498
0.203443,-0.465262,0.485696,0.614389,0.357783
0.501359,0.0633142,-0.128313,-0.723168,0.452419
-0.5273,-0.625118,-0.185379,0.275366,-0.469838
-0.669448,0.413235,-0.219512,-0.527235,0.232756
0.0403301,-0.22937,0.302972,-0.540365,0.750798
-0.351679,-0.503734,-0.608633,-0.274428,0.420535
0.85886,-0.164264,0.0304483,0.338219,0.348687
0.233675,-0.446195,-0.300204,0.740416,0.327795
0.0163662,-0.762018,0.547674,0.294181,0.172501
0.272113,-0.269766,-0.350467,0.803385,-0.294567
0.283344,-0.0308028,0.407768,-0.841373,-0.21128
-0.408339,-0.835107,-0.274051,0.165753,0.178368
0.405595,0.798238,-0.216732,-0.249368,-0.302956
0.435077,-0.199135,-0.48584,-0.697355,0.211993
-0.454664,0.182323,-0.104182,-0.863626,0.0534483
0.0534393,0.61663,0.523675,-0.431033,-0.393568
0.505229,0.349928,-0.312004,0.697878,0.203472
0.529118,-0.531296,0.188638,-0.203946,-0.599504
-0.0429513,0.223457,-0.640533,-0.5493,-0.480922
-0.0567988,-0.196409,-0.0568303,-0.0920965,0.973369
0.113952,-0.0124139,0.385866,-0.913801,0.0743014
-0.750089,-0.0760179,-0.247497,0.610423,0.0370695
-0.138775,-0.803346,0.0284368,0.370838,-0.443962
-0.485433,0.571412,-0.227672,0.618725,0.0360108
0.118587,-0.156572,-0.503535,-0.216197,-0.815136
-0.654333,-0.180993,0.422073,-0.588163,0.117262
0.184118,0.155679,0.62921,-0.610879,0.417986
0.075735,-0.630019,0.352695,0.377268,0.571721
-0.326891,0.504345,0.162477,-0.468824,-0.629266
0.212686,-0.899051,-0.187357,-0.088899,-0.320727
0.65227,0.172375,-0.48393,-0.380965,-0.408009
0.492797,0.5255,-0.442736,0.508539,-0.168493
0.506547,0.649061,-0.338275,0.215804,-0.401157
0.00504595,-0.103179,-0.158653,-0.959144,0.208872
-0.68517,0.615943,-0.0739439,0.373366,0.0830801
-0.325521,0.263659,0.0788858,0.905072,0.0183882
0.45328,-0.107002,-0.0568967,-0.710758,-0.522234
-0.510123,0.367119,0.722206,-0.214262,-0.205332
-0.712307,0.561237,0.276774,-0.31408,0.0373777
-0.25988,-0.727641,0.185421,-0.503994,0.342259
-0.431605,0.651753,-0.41692,0.0122245,-0.462246
0.371371,0.014662,0.0531549,-0.141164,-0.916274
0.529333,-0.155395,-0.146288,0.81965,-0.0409437
0.441035,0.0189869,-0.645408,-0.606989,0.143606
-0.537877,0.240528,-0.0910254,-0.77998,-0.19547
-0.105936,-0.213237,-0.730255,0.0869915,0.63503
0.194636,0.581545,-0.0956491,-0.710107,0.333923
-0.497705,0.301236,0.547823,-0.345043,0.491116
-0.427737,0.332027,-0.106586,-0.273648,0.788627
-0.512764,-0.68688,-0.0209526,0.496154,-0.134274
-0.646738,-0.605246,0.0351236,-0.439955,0.140545
0.0747393,-0.828909,0.527764,0.157778,0.0663763
0.741597,-0.0678461,-0.122166,0.652825,0.0716802
0.270739,-0.610264,0.484282,-0.550942,-0.115957
0.231183,-0.135038,0.303521,-0.791532,0.457567
0.644761,-0.0384042,0.118864,-0.746561,0.0983434
-0.507406,0.465297,-0.511754,-0.0272229,-0.511395
-0.355239,-0.581324,0.429039,-0.250489,-0.534067
0.529316,-0.0103541,0.743654,0.395746,-0.102445
0.0290043,0.172885,-0.92841,0.241148,-0.218328
0.104281,0.128534,-0.0130232,-0.952401,-0.250183
0.233804,-0.973021,-0.00481038,-0.0319662,0.0231516
-0.461976,0.233986,0.0825058,-0.848525,0.0656106
-0.184556,-0.7105,-0.196545,0.525927,-0.375404
-0.165735,0.146497,-0.420939,0.483924,-0.734628
-0.257742,0.417153,0.686135,-0.339143,-0.419454
-0.336772,0.579251,0.0351376,0.410213,-0.614958
-0.34058,-0.1825,-0.537801,-0.402447,0.631153
0.00950548,-0.0193898,-0.326044,0.524933,-0.782562
-0.0235458,0.799523,-0.403706,-0.179186,0.411047
0.709336,-0.339871,-0.341798,0.152919,-0.491256
-0.140437,-0.637477,0.400003,0.231447,-0.596379
0.281209,0.769563,-0.49478,-0.0887892,-0.271372
-0.181445,-0.159015,0.198215,-0.380371,0.869798
-0.143779,-0.649797,-0.700779,0.157815,0.201454
0.550125,0.158116,0.441938,-0.563458,0.397726
0.45657,0.763172,-0.338481,-0.296257,0.0775327
-0.416999,-0.470285,0.386015,0.0200603,0.674873
-0.316198,0.252601,0.0943006,0.349239,0.839259
0.143361,-0.189429,0.592797,-0.192754,-0.746116
-0.59917,-0.0253605,-0.55238,0.519468,-0.25593
0.41732,-0.327526,0.434189,0.123113,-0.719725
-0.391137,0.207859,0.367688,-0.677985,0.456755
0.452007,0.222952,0.432559,0.710361,0.229333
-0.39647,-0.658993,0.116291,-0.394474,-0.489054
0.293179,0.82452,0.115486,0.450486,0.125591
0.186602,0.473395,-0.175191,-0.816005,-0.219019
0.43804,0.0904843,-0.121282,0.800584,-0.378089
0.571291,0.457093,0.102938,0.0679192,0.67003
-0.160791,0.716022,0.0902144,0.00950059,0.674973
0.167036,-0.217836,-0.927997,-0.15794,0.192191
0.389258,0.272189,-0.469525,-0.0770033,0.73821
-0.172653,0.697225,-0.0449653,0.175776,0.669702
0.435455,-0.139286,0.722894,0.416433,-0.305952
-0.0581228,0.48264,-0.379888,0.735221,-0.277703
0.81897,-0.233681,-0.453464,-0.110386,0.245917
-0.28635,0.311866,-0.310898,-0.163698,0.836752
-0.728069,0.485799,-0.169408,-0.0104447,-0.454494
0.00347553,0.0973927,-0.403902,-0.685619,0.594479
-0.0130883,-0.615806,-0.278659,-0.501747,-0.543634
-0.222636,-0.330834,-0.328017,-0.837399,0.173103
-0.047074,0.118512,-0.473002,0.0190511,0.872632
-0.361444,0.113646,0.440243,-0.714191,-0.383394
0.948689,-0.12385,0.0396587,0.0186555,-0.286848
-0.814932,0.435923,0.00375131,0.315881,-0.217546
0.445343,0.396427,0.133627,-0.791324,-0.014388
-0.244788,-0.789162,0.139162,-0.323439,0.440092
-0.15163,0.019361,-0.570774,0.502543,0.631216
-0.439938,-0.0277508,-0.12931,-0.104114,0.881387
0.0880576,-0.759872,0.254071,-0.207344,0.553921
-0.771855,-0.474586,0.407009,0.107762,-0.0195915
-0.049382,0.0919651,0.17395,0.357041,0.914061
-0.156371,-0.429581,0.443231,0.731958,-0.242246
0.091721,0.220527,-0.246646,0.899663,0.270981
-0.206367,0.45368,0.710161,-0.489443,0.0860024
-0.368325,0.434146,0.483532,-0.479916,-0.460922
-0.100674,0.648688,-0.632602,0.241283,-0.332584
0.175715,0.00117653,-0.9337,-0.000499176,0.313729
-0.0620673,-0.21712,-0.0677256,0.970285,-0.0426122
-0.646864,-0.422155,-0.5678,0.258356,-0.116992
-0.314991,-0.159976,0.35301,-0.853826,-0.139372
-0.824903,0.108502,-0.23445,-0.313952,-0.392017
-0.131451,0.334783,-0.322244,0.101233,-0.870439
0.686356,0.21235,0.345969,-0.459185,0.393087
0.193805,0.706171,-0.521002,-0.18414,0.397312
-0.194618,-0.356249,0.0702098,-0.80789,0.418523
-0.247019,-0.901135,0.114335,-0.33717,0.0165803
0.222376,-0.415526,0.375848,-0.0588428,-0.795637
0.174783,-0.60318,-0.0752876,0.770639,-0.0639063
-0.199719,-0.201844,0.41544,-0.0966162,-0.860278
-0.475801,0.721492,-0.399611,-0.251522,0.17648
-0.233359,-0.0878837,-0.369221,0.473262,-0.759179
0.808964,0.441088,-0.0214779,-0.311286,0.227278
0.585685,0.656722,0.353223,-0.189939,0.258763
-0.354866,-0.634218,0.388065,-0.564421,-0.0492283
0.325326,0.291339,0.492583,0.570554,0.494203
0.650141,-0.0514806,0.742601,0.142762,0.00463346
-0.544355,0.279948,0.20998,0.763113,0.00688542
0.237605,-0.398707,0.0390785,-0.672561,0.571233
-0.75442,0.200476,0.467613,-0.255273,0.327591
0.268122,0.0930771,-0.246603,-0.787816,-0.489668
0.199272,0.788306,-0.246809,-0.336887,0.405301
-0.40213,-0.384727,0.105616,-0.11459,-0.816155
-0.466447,0.26439,0.537852,-0.592186,0.272895
0.2912,-0.698415,-0.637649,-0.0242515,-0.14081
0.279803,-0.813002,-0.0217333,0.0524749,0.5073
0.279588,-0.133889,0.0579688,-0.931722,0.180836
0.396432,0.697582,-0.495546,0.173786,-0.287136
-0.446944,-0.0481193,0.286195,0.730517,0.429674
-0.0922478,-0.328361,0.361172,0.865781,0.0650018
0.743689,-0.308618,0.295383,-0.512226,0.0275729
0.0220356,0.37994,0.512027,-0.769643,0.0032353
-0.0568045,0.18395,-0.135501,-0.835906,0.496879
-0.863152,-0.293035,0.290749,-0.23252,0.172589
0.175427,0.507768,-0.633084,0.36134,-0.428481
0.842123,-0.421999,-0.0741806,-0.291203,-0.148751
0.620241,-0.052725,0.607815,-0.448692,0.192548
-0.662022,0.310278,-0.498565,0.0504262,-0.463967
0.157607,-0.0811979,0.120463,-0.49359,0.843252
-0.56812,0.19382,0.122992,-0.279688,-0.739132
0.20836,-0.853455,-0.0145201,-0.341829,0.328494
0.452678,0.67801,0.534758,-0.00152865,0.226726
0.756621,0.279958,-0.148164,0.482083,-0.306426
0.317143,0.194172,-0.851317,0.370626,-0.011741
0.300025,0.428238,-0.789387,0.0999634,-0.302075
-0.745369,0.342538,0.115153,0.553625,-0.0678838
0.0359902,-0.161616,-0.297092,-0.765627,0.546274
0.389766,0.515741,0.184233,0.734116,-0.109425
0.371593,-0.234452,0.585348,-0.433464,-0.521914
-0.345282,0.421702,-0.627347,-0.500818,-0.24318
-0.288017,0.157862,-0.691609,0.0736799,-0.641285
-0.895891,-0.141319,-0.35469,-0.179249,0.147133
-0.173893,-0.705355,-0.221703,-0.648128,-0.0380814
-0.218732,-0.731854,-0.362564,-0.407716,-0.3443
0.0729562,0.0540689,0.600095,0.297757,0.736341
-0.347259,0.157494,0.78296,0.425342,0.246161
-0.287941,0.112327,0.129294,-0.905791,0.263495
-0.0892079,0.199038,-0.25999,0.811591,-0.47593
-0.123169,0.29833,0.77876,0.450368,-0.294311
-0.624912,0.462683,0.157566,0.498253,-0.352741
-0.260757,0.265341,0.736652,0.126686,-0.549846
0.0998589,-0.181692,0.301375,-0.797213,-0.482791
-0.704326,0.459784,-0.349513,0.287295,-0.30066
-0.357527,0.677722,-0.432133,-0.292533,0.370803
0.608402,-0.4084,0.200673,-0.0325881,-0.649655
0.509337,0.0458686,-0.645032,0.298975,0.481449
0.403442,-0.736425,0.000768521,0.020475,0.544137
0.0865422,-0.717342,-0.0254315,0.585774,0.37123
0.670415,-0.481512,0.000290996,-0.191874,-0.529846
0.495803,0.501377,0.0334485,-0.699692,0.123248
0.0673081,0.54441,0.603731,0.573624,-0.0840595
-0.256567,0.495165,0.389396,0.283587,-0.676864
0.415158,0.0596888,-0.262105,0.738448,-0.45459
0.0146162,0.587383,0.0257291,-0.644607,0.485443
0.383891,-0.317333,0.388538,-0.744781,-0.207439
-0.760569,0.227339,-0.386064,-0.459081,0.105362
-0.310923,-0.403184,-0.67928,-0.521837,-0.0946654
-0.420964,0.462129,0.609502,0.230534,0.429013
-0.590815,0.676824,0.303554,-0.298195,0.107288
-0.59832,0.0347232,0.457112,0.559735,-0.344955
-0.421263,-0.339288,0.807349,0.0936245,0.21798
-0.19636,0.466429,0.697841,0.366799,0.352945
-0.306142,-0.159915,-0.71001,0.231799,-0.564753
-0.321074,0.308568,-0.09305,-0.808301,-0.377471
-0.174781,-0.888299,0.0726272,0.361705,-0.203793
0.0675136,0.296574,-0.644364,-0.634907,-0.293729
0.423588,0.356228,-0.0596166,0.516985,0.65189
-0.362068,-0.141436,-0.462188,-0.76615,-0.218264
-0.38988,-0.119883,0.606347,0.0891569,-0.677033
-0.268213,0.534081,0.266724,0.526335,0.542557
0.55318,-0.272474,0.0223079,0.660513,-0.425455
0.405563,-0.831162,-0.252855,-0.279295,0.0748982
-0.154857,0.854304,0.467272,-0.136521,0.0996982
-0.296966,-0.0833324,-0.903589,0.0759556,0.292533
-0.798129,-0.228818,-0.274774,-0.345132,-0.340729
-0.606755,0.60988,-0.48573,0.0505083,-0.14683
0.210516,0.751483,-0.362482,0.499712,-0.0926797
0.00010696,0.84999,-0.145689,-0.476684,-0.157189
-0.164269,-0.529633,-0.667844,0.259789,0.422127
0.212382,-0.307769,-0.730135,0.56682,0.0707409
0.41228,0.238513,0.580511,-0.630725,-0.194684
-0.478393,0.785557,-0.2753,0.0890658,-0.26575
0.108817,0.52625,0.00643,0.305143,-0.784792
0.0875794,-0.411166,0.410292,0.387687,0.708781
0.365191,0.46197,-0.139187,0.333207,-0.723837
0.316168,0.130675,0.311194,-0.873285,0.156711
0.00301109,0.410236,-0.774383,-0.0638183,0.477469
0.416614,0.265973,0.0381166,-0.659672,-0.567932
-0.339803,0.214172,-0.795209,-0.00497065,-0.45638
-0.640773,0.517128,0.464561,0.0618094,-0.319904
0.590133,-0.706083,0.358339,0.0584406,-0.159507
0.395877,-0.581703,-0.419959,0.545333,-0.177593
-0.0724066,-0.0678912,-0.836704,-0.306587,0.44251
0.45112,0.581328,-0.514951,-0.366312,-0.243135
0.6343,0.365488,0.0182563,-0.34802,0.584658
-0.748216,0.363823,0.281193,0.305305,-0.370659
-0.340872,-0.0223964,-0.41664,0.581465,0.608735
0.574596,0.11522,-0.0301337,0.0472111,-0.807229
-0.781177,0.423555,0.408221,-0.202153,-0.0645524
-0.332018,-0.381456,-0.741318,0.317639,0.306487
-0.60109,0.00420981,0.55386,0.304391,0.488898
0.135654,0.596564,0.368003,0.690164,0.128974
0.0293374,0.155159,0.947356,0.231706,-0.157127
-0.810376,-0.0865494,0.569622,-0.10485,0.0238895
-0.472873,0.402347,0.313941,-0.633995,-0.33177
0.221468,-0.132736,0.293429,-0.581935,0.715217
0.116636,-0.0763475,-0.709216,-0.513289,0.459799
0.448814,0.396689,0.153173,-0.467409,0.630986
-0.0297622,-0.0306967,0.931183,0.12174,-0.337908
0.219523,0.0477361,-0.0142558,-0.0767789,0.97156
-0.228111,-0.0748291,-0.883946,-0.356,0.182858
0.485502,-0.581548,0.226366,-0.591879,0.162514
-0.31999,0.572779,-0.424033,0.121602,-0.613451
-0.562893,-0.315644,0.362033,-0.408632,-0.530445
0.00663579,0.166655,-0.865993,0.45024,0.145124
0.188694,0.121658,0.554042,0.696704,0.399294
-0.52251,0.758701,0.121237,-0.0531175,-0.360931
-0.773685,-0.196235,-0.141429,-0.297726,0.502716
0.440244,0.0392527,0.0573462,-0.72363,-0.522694
-0.0963238,0.321638,-0.730447,-0.266015,0.533492
0.296224,-0.680227,-0.341346,-0.475017,-0.32857
-0.0635683,0.85766,0.139484,-0.481907,-0.0848085
0.296224,0.28537,0.820755,0.145988,-0.365908
0.374395,0.408951,-0.432412,-0.578091,-0.412811
-0.679514,0.587393,0.317175,-0.229531,-0.195586
0.496745,0.51611,-0.054965,0.373916,0.586542
-0.254864,0.483419,0.571494,0.321222,-0.520802
-0.875218,-0.178215,-0.424891,0.0653272,-0.127811
-0.501011,0.193831,-0.804615,0.248555,-0.038481
0.192221,-0.571796,0.422524,-0.630205,-0.242194
-0.793226,0.289512,-0.415505,-0.0440126,0.334234
-0.58353,0.736974,-0.143335,0.201672,0.228135
-0.316207,-0.753179,-0.186188,0.525003,0.142073
-0.739183,-0.54589,0.234526,-0.276341,0.155617
0.224022,-0.311309,-0.581334,0.191921,0.692309
-0.441857,0.420632,0.666821,0.416049,-0.0871843
-0.450302,0.685221,0.179993,-0.464701,0.279402
0.507622,0.570734,-0.528184,0.0503658,0.367037
-0.0663114,0.426744,0.421278,0.350204,-0.715461
-0.211819,0.833276,-0.434416,-0.0107762,-0.273817
-0.281707,0.215477,-0.445834,-0.709951,0.414648
-0.708057,0.270317,0.53238,-0.0523395,0.375241
-0.0631792,-0.413241,-0.108123,-0.893871,0.113035
0.374007,-0.808812,-0.38447,0.1394,0.194743
-0.0146115,0.32047,0.944508,0.0246765,0.086079
-0.234846,-0.565451,-0.0885243,-0.231384,0.749685
0.00895721,-0.0672663,0.543153,0.226629,-0.804111
-0.274597,-0.513819,-0.655075,-0.424305,-0.227184
0.519681,-0.771087,-0.127034,-0.0277955,0.343599
0.327587,0.681643,-0.345506,0.192535,-0.522565
0.344395,-0.442176,-0.00682175,0.161883,0.811496
0.741098,-0.456104,0.312737,0.38155,0.0514668
-0.293389,0.23868,-0.441187,0.814793,0.0225647
-0.823468,-0.265455,-0.125119,0.0700444,0.485689
0.729672,-0.231209,-0.101362,-0.636707,-0.0403433
-0.339208,0.69295,0.433564,-0.396105,0.240833
0.160457,-0.0547045,-0.732195,0.035617,-0.659406
-0.354326,-0.486141,0.608107,-0.442478,-0.27102
-0.750874,0.175417,0.469557,-0.401198,0.147359
0.705305,0.688138,0.0535524,0.126607,0.101309
-0.658998,0.698246,0.107693,-0.0844857,-0.24009
-0.395238,0.331725,0.346025,0.402218,-0.672486
0.15471,0.427974,0.0735519,-0.435086,-0.77385
-0.099533,0.194216,-0.483535,0.815229,0.231364
0.394738,-0.0987677,-0.485005,0.350267,0.690049
-0.0686361,0.00213329,0.588106,0.260097,-0.765085
0.881297,0.194781,-0.0866402,-0.208557,0.364483
0.367157,0.414944,0.07159,-0.629633,-0.541832
0.155259,0.848255,-0.238388,0.405994,-0.181561
0.00535081,-0.609323,0.403953,0.424855,0.533339
0.730123,0.176993,0.319979,-0.572375,0.0718779
-0.315474,-0.655615,0.475959,-0.169131,-0.459996
0.540796,0.609347,0.445887,-0.259517,-0.256679
0.335206,0.276591,-0.410491,-0.0328864,0.800635
0.139333,0.129306,0.223424,-0.954621,0.0488185
-0.410047,-0.76494,0.127777,0.454667,-0.160629
-0.504515,-0.0999585,0.234393,-0.0738548,-0.82076
0.361284,-0.573633,0.472991,0.336305,-0.44871
0.765954,0.190008,0.041453,0.53069,-0.308766
0.0342092,0.0681314,-0.619406,0.209081,0.750909
0.505416,0.730895,-0.256182,0.379488,0.00161
0.217599,-0.148842,-0.201221,0.862991,0.378887
-0.110104,0.441307,-0.405139,0.393433,0.687593
-0.00536391,-0.393482,-0.364039,-0.421937,-0.73072
-0.908462,-0.0544273,0.0554627,0.412433,-0.0480846
0.248165,-0.180105,0.485409,-0.709237,-0.40547
-0.272303,0.201436,0.939482,0.00397443,0.0418804
-0.290713,-0.275142,0.125213,0.67615,-0.606519
-0.489213,0.232594,0.40182,-0.665809,0.320987
0.929688,0.114877,0.260347,0.0254299,0.235123
0.0602846,-0.0824521,0.237005,-0.961497,0.0772677
0.070536,-0.290336,-0.0945583,0.950437,-0.0137668
0.789648,-0.218557,-0.0154796,-0.0431883,-0.568502
0.116496,-0.344986,0.81784,0.127394,0.430439
-0.528629,0.40443,-0.393959,0.344652,0.531193
0.234401,0.136152,0.113554,0.94032,0.17928
0.664713,-0.500148,-0.393333,-0.167618,0.358882
-0.429748,-0.663948,-0.329579,0.440308,0.261954
0.530932,-0.29363,-0.549815,-0.537881,-0.199752
0.618578,-0.139005,-0.661585,-0.40299,-0.00849602
0.295344,-0.189992,0.742549,0.461834,-0.337002
0.595249,0.682334,-0.344407,-0.0297319,-0.245065
-0.142242,0.134304,0.297892,-0.735496,-0.577246
-0.74167,-0.492443,-0.176781,0.384957,-0.164389
0.0766271,0.756946,-0.0103645,0.259656,-0.59384
-0.300355,-0.111598,-0.342298,-0.25313,-0.847619
-0.544828,-0.819406,0.15385,0.00069076,-0.0943702
0.0485035,0.227496,0.426649,0.236603,-0.843386
0.388924,-0.620832,-0.167696,0.623258,0.229838
0.327934,-0.46641,-0.773735,-0.143081,-0.233213
-0.430158,0.425493,0.570653,-0.550641,0.0708248
0.0234964,0.399822,0.129383,0.902973,0.0795985
-0.63554,0.231432,0.147193,-0.456237,-0.560975
0.269757,-0.643827,0.320459,-0.303363,0.56341
0.266924,-0.416392,0.676478,0.0178636,-0.546989
-0.0715302,-0.717586,0.444079,0.258271,-0.464864
-0.508051,-0.534355,-0.204526,-0.109798,-0.6347
0.165372,0.710818,-0.333866,0.291742,0.520229
0.316276,0.448563,0.189315,0.33515,-0.741653
0.612251,-0.291634,0.542334,0.406331,-0.286164
-0.326525,0.780895,0.445246,-0.250661,-0.145634
0.637591,0.455136,-0.16052,0.278046,-0.534734
0.589253,-0.488142,0.577,0.274915,0.0814818
0.190508,0.606176,0.161332,0.751874,-0.0598651
0.463237,0.524022,0.45844,-0.509571,0.198
0.303821,-0.248331,0.8934,0.147065,-0.153126
-0.353613,-0.0945875,0.214763,0.894478,-0.141799
0.0492289,-0.485669,-0.255948,0.832574,0.000372549
-0.445446,0.201268,0.739293,0.233545,-0.398351
-0.234491,0.215519,-0.116424,0.775235,0.531456
0.00498733,-0.10367,0.584263,0.065853,0.802361
0.89776,-0.327122,-0.191201,0.119082,0.188025
-0.247443,0.551643,-0.133885,0.749295,0.228538
0.251259,0.225476,-0.0835437,-0.938228,0.0105308
0.103682,-0.10412,-0.16253,0.914646,0.33809
0.131091,-0.859288,0.409214,0.198953,-0.199072
-0.940303,-0.0853843,-0.322365,-0.0171814,0.0931875
0.0532766,0.211256,-0.195392,-0.231176,-0.928139
0.534896,0.319529,-0.0557111,0.283495,0.72893
-0.108021,0.0325473,-0.61612,-0.779079,-0.00599298
-0.173407,-0.199621,-0.191058,0.932955,-0.15311
0.785082,-0.526706,-0.297463,-0.0343857,0.14079
0.364109,0.250095,-0.143572,-0.343695,0.813829
-0.0506617,0.403362,-0.902955,-0.138498,-0.0699889
-0.0526159,0.309227,-0.290964,0.283996,0.856985
-0.369669,-0.304071,0.420912,0.606037,0.474985
-0.145583,-0.717371,0.194533,0.0999821,0.645304
-0.0650854,0.547473,0.30691,0.712246,-0.313487
0.256675,0.554578,0.149843,0.753385,0.183372
0.52243,-0.117255,0.16739,-0.771699,-0.294255
-0.451842,0.0695991,-0.148394,-0.679238,0.554686
-0.9763,-0.0177828,-0.0100221,0.120503,0.181836
0.431973,-0.349155,0.226138,-0.758476,0.260402
0.134295,-0.146401,-0.943308,-0.0187301,-0.262987
-0.212599,0.0409395,-0.547292,0.553555,0.589398
-0.263571,-0.724872,0.480388,0.0758493,-0.4095
-0.710335,0.208924,-0.413996,-0.443773,-0.289922
0.64463,0.125163,-0.12138,0.544407,0.509036
-0.350569,0.0267567,-0.550006,0.646018,0.395834
-0.0419444,-0.156846,0.61746,-0.21911,-0.738204
-0.770238,-0.366085,-0.516697,0.0817891,-0.021326
0.0662356,0.597016,-0.442376,0.16775,-0.645448
-0.0831477,-0.463445,0.0140806,0.792428,-0.388406
-0.816095,-0.204962,-0.44704,-0.186425,0.240442
0.331125,0.702993,-0.0330819,-0.204253,-0.593208
0.630752,-0.419236,-0.175129,-0.20363,0.59386
-0.56322,-0.118819,-0.371012,0.722222,0.0833748
-0.487799,0.738098,-0.426878,-0.189085,0.00250434
-0.159943,-0.656467,0.612169,-0.0544193,-0.406729
-0.239608,-0.573146,0.706926,0.325272,0.100249
-0.00300872,0.0503092,0.83398,0.543216,-0.0832732
0.092138,0.559209,-0.690121,-0.363067,-0.267743
0.840036,0.266688,-0.0245146,0.347036,-0.319767
-0.57522,0.0379325,0.154951,0.691002,-0.411664
-0.408786,-0.407134,-0.616859,-0.490072,-0.207478
0.169604,-0.11895,-0.607658,-0.73177,-0.225238
0.0156299,0.69793,-0.272728,-0.546615,-0.372604
0.788808,0.347789,-0.214939,-0.320704,0.329109
-0.246699,0.163281,-0.105901,0.714544,0.626581
-0.765069,0.472467,0.433358,0.0602117,-0.00437365
0.367984,-0.506102,-0.307438,-0.607594,0.38345
-0.757848,0.279607,-0.203543,-0.352204,0.427794
0.572889,-0.04734,-0.578356,-0.157811,0.555516
0.668458,0.305367,0.519384,0.169888,-0.399506
0.273435,-0.0161224,0.551679,-0.0104633,0.786626
0.342116,-0.051907,-0.707532,-0.226595,0.570045
-0.0665641,-0.338456,-0.426632,0.804518,-0.224106
0.280185,0.0764987,-0.749116,-0.590699,-0.082963
0.646929,-0.357206,0.514855,0.35437,-0.249213
0.0456474,0.770076,-0.572848,-0.202982,-0.189108
0.105083,0.502226,-0.74174,0.43021,0.0582518
0.621798,-0.0718197,0.410605,-0.49566,0.439204
0.107669,0.204828,0.266566,0.892774,0.276458
-0.155422,0.246664,0.918193,0.217688,0.157582
-0.615386,0.231948,0.0236243,0.429166,-0.62147
-0.50912,-0.0988102,-0.487782,0.253991,0.651879
-0.325748,0.829792,0.440608,-0.0648426,-0.075496
-0.306494,-0.690384,-0.122408,0.612451,0.200609
-0.0489902,0.748168,0.278436,0.183214,0.574151
0.405148,-0.229613,-0.364258,0.471279,-0.654286
0.40655,0.279971,-0.0423683,-0.350214,0.796353
-0.254147,-0.00642698,0.876354,0.369494,-0.179122
0.808418,-0.302888,-0.391762,0.245677,-0.205108
0.106805,0.79265,0.535787,-0.147288,0.226988
0.0195538,-0.635886,-0.361416,-0.640569,0.235353
-0.816795,-0.125432,-0.401201,0.297202,-0.262583
0.608416,0.0424013,0.583427,0.521626,-0.128775
-0.341948,0.302154,0.741418,-0.296652,-0.391753
0.487004,0.638789,0.151729,-0.4509,0.361112
-0.574248,0.784045,-0.157995,0.00544065,-0.171176
0.215595,-0.679165,-0.412376,-0.540981,-0.172314
-0.187879,-0.540047,-0.171798,-0.472328,0.647877
0.793495,-0.412589,0.271864,-0.297543,-0.194742
-0.0573454,-0.261627,-0.527552,0.248201,-0.765779
-0.987961,0.113541,-0.0887836,0.0276731,0.0361082
0.189736,0.806868,0.0974204,-0.312572,0.453813
-0.114534,-0.574171,-0.744375,0.185686,0.264595
0.139668,0.679894,0.631252,-0.322369,-0.117843
-0.698116,0.596928,-0.0242295,-0.383018,0.0865241
0.311791,-0.226943,-0.914445,-0.0199217,0.137451
0.212495,-0.286971,-0.331849,-0.814449,0.31891
-0.215932,-0.00569038,-0.540813,0.457236,0.670278
-0.0329531,0.689907,-0.163096,-0.62012,-0.331948
-0.316882,-0.664833,-0.247687,0.293894,-0.554329
-0.29966,0.40118,-0.570235,-0.270057,-0.591819
0.521714,0.155722,-0.482908,-0.292566,0.618132
-0.544145,0.0532084,0.247085,0.0415125,0.79978
-0.446599,-0.526776,-0.471671,0.347624,0.424246
0.309112,-0.0311617,-0.158698,-0.764762,-0.539157
0.216879,-0.298826,-0.337672,0.834464,0.231223
0.408247,0.720194,-0.0214308,0.384626,-0.401619
0.305637,-0.685941,-0.218873,-0.31444,-0.538889
0.572266,-0.594998,-0.120094,0.163147,0.52515
-0.443908,0.781266,0.112259,0.41412,-0.0873546
0.0249802,0.217268,-0.374423,-0.0770172,0.895433
0.307999,0.512297,-0.740646,-0.296943,-0.0626318
-0.0642089,0.626916,-0.00507268,-0.0999667,-0.771602
0.216743,-0.129739,0.870709,-0.325384,0.267625
-0.137138,-0.116473,-0.587039,0.784419,-0.0920078
0.229056,0.489092,0.647224,0.492031,0.215291
0.538499,-0.0107558,0.00898531,-0.65078,0.534474
-0.702717,-0.265864,-0.580651,-0.273242,0.153329
-0.182501,-0.866401,-0.234815,-0.091258,0.390634
-0.0781095,0.0742555,0.833254,0.51533,-0.166806
-0.307332,-0.461296,-0.714075,-0.262515,0.339624
0.00186482,-0.136716,0.839784,0.259458,-0.45883
0.492293,-0.404193,0.185042,0.323937,0.673419
-0.586125,-0.70809,0.290191,-0.00826094,-0.264651
0.0261024,0.190445,-0.968739,-5.37081e-05,-0.174451
-0.436339,-0.236242,-0.747216,-0.443739,0.0253519
-0.348401,-0.0342657,0.659387,0.584662,0.322288
-0.0859571,0.0085155,0.313827,-0.676853,-0.659639
0.378156,0.840704,0.0599892,0.265433,-0.278551
-0.61957,0.351806,-0.00480638,0.424987,-0.556776
-0.0978502,0.846171,0.276747,-0.383552,-0.2246
-0.785359,0.00400421,-0.568927,0.0909694,0.227174
-0.0763476,0.71002,0.103954,-0.692571,-0.010038
0.0815744,-0.501495,-0.102955,-0.273658,-0.810373
0.401326,-0.422608,0.725231,-0.353589,0.106981
-0.729713,0.0125377,-0.31807,-0.499121,0.34296
-0.744971,-0.612075,0.245034,-0.0732433,0.0911922
0.3109,-0.884709,0.214405,0.0694803,-0.260494
0.559896,0.416583,0.268913,-0.185937,-0.633539
0.680775,-0.110224,-0.71474,-0.122419,-0.0370026
-0.268352,-0.360141,-0.337819,0.519527,0.645304
-0.235107,0.512829,-0.303443,-0.651246,0.4032
-0.759252,0.435939,-0.00199375,0.476178,-0.0588537
0.28832,-0.659469,-0.0832817,-0.619608,-0.29937
0.135231,0.712765,0.624192,0.287428,-0.010771
-0.103712,-0.315042,0.460577,-0.789398,-0.228456
0.037673,-0.65011,-0.269946,-0.195266,0.68121
0.600951,-0.365178,-0.149211,0.585192,0.376632
0.449175,0.680111,0.200949,0.231247,0.491203
-0.591277,0.0246638,-0.383168,-0.300647,0.644582
-0.0366959,-0.0923982,-0.599812,0.480384,0.632365
0.099002,0.647056,0.210052,-0.673047,0.273162
-0.688262,-0.525044,-0.412352,0.168998,0.224803
-0.254601,0.369178,-0.372474,0.589315,-0.558173
0.0585815,-0.30722,0.503282,-0.481933,-0.645768
0.0516416,0.012251,-0.300223,0.646305,0.69891
0.379378,0.766257,0.276943,0.378118,0.223447
-0.344185,0.649463,0.11511,0.643549,-0.182259
-0.117327,0.126033,-0.973154,0.0689266,-0.127525
0.332306,-0.73105,-0.28236,0.443918,-0.277107
-0.435088,0.846973,-0.194967,-0.225571,0.0689804
0.765482,-0.0883042,-0.589316,-0.231622,0.0896338
-0.26028,0.604835,-0.505757,0.193712,-0.52209
-0.240717,0.494561,-0.0315617,-0.809296,0.212831
0.226219,-0.275399,-0.617358,-0.677443,-0.180434
0.772457,0.0114918,0.179207,0.466517,-0.39047
0.530799,-0.0316474,-0.805532,-0.184834,-0.191105
-0.164647,-0.276217,0.611046,0.454104,-0.559954
0.474314,0.425019,0.462156,0.226085,0.573403
-0.923555,0.191295,-0.280726,0.134845,0.118505
-0.201431,0.659904,-0.312529,-0.645783,0.0800044
-0.0803365,0.32406,0.458361,-0.799875,0.197121
0.679924,0.563382,0.153656,-0.259798,0.351734
-0.466151,-0.613627,-0.52294,-0.181494,0.311657
-0.71597,0.103692,-0.591375,-0.344933,-0.0839954
-0.627748,0.0374725,0.383161,-0.340192,-0.58389
-0.806712,-0.437687,0.134342,-0.339971,-0.152912
-0.455628,0.0960579,-0.279246,0.091438,0.835264
-0.260951,0.22656,-0.693607,0.358587,0.518949
0.604917,-0.625074,0.257722,0.177247,0.379341
0.571209,0.569321,-0.0757034,0.174712,-0.559452
0.0116966,-0.0737878,0.828049,-0.206526,-0.51862
-0.261549,0.351183,0.829622,-0.284467,0.185445
-0.108244,0.089045,-0.619897,0.377278,0.673827
0.266654,-0.319232,0.513038,0.751647,-0.000488338
0.31844,-0.113825,0.121388,0.59238,0.720932
-0.0640156,0.709691,-0.361402,-0.320431,-0.506997
-0.632173,-0.478673,-0.112887,0.597308,0.0122113
0.808847,-0.367006,-0.0956143,-0.0647443,0.444232
-0.0546827,-0.147889,0.617278,0.248334,0.730383
-0.263505,-0.621456,-0.201254,0.284708,-0.650403
0.123704,-0.458364,-0.647027,-0.211232,0.55955
-0.224215,-0.458015,-0.501906,0.131163,0.686408
0.596813,-0.024255,-0.700119,-0.363476,0.139598
-0.0369019,0.251127,-0.25859,-0.430863,-0.826802
0.31541,-0.147942,-0.878209,-0.278513,0.169861
-0.560743,0.404465,-0.291727,0.581953,0.312167
0.471153,0.393517,-0.462837,0.431466,-0.475079
0.914793,-0.0142099,-0.0364064,0.402828,0.0190636
-0.709815,0.374533,0.271574,0.362972,-0.390029
-0.226653,-0.26925,0.216029,-0.0166852,0.91098
-0.105353,-0.0476087,-0.97512,-0.00654911,0.184046
-0.609138,0.393496,0.403363,0.511308,0.220031
-0.891431,0.0558799,0.0984411,0.06564,-0.431532
0.280484,-0.174794,0.104279,0.594591,-0.726593
-0.352298,0.362416,0.572436,0.498859,-0.407998
0.117679,0.424358,-0.846851,-0.287504,0.0993823
0.62364,-0.0336287,0.311895,-0.711329,0.0472195
0.128016,0.267725,0.648536,0.659186,-0.240349
-0.410156,0.258058,-0.763816,0.422277,-0.061807
-0.0234544,0.101801,-0.123297,-0.57281,0.802834
-0.188218,0.333269,-0.166408,-0.326293,-0.849908
0.0592454,0.0598305,-0.405276,0.262383,-0.873738
-0.43936,0.833261,0.0898522,0.24534,-0.216692
-0.11842,0.329273,0.146223,-0.487008,0.786203
-0.333743,-0.147765,0.348439,-0.861921,0.0623073
-0.802218,-0.295735,-0.0311771,0.432012,0.28319
-0.201431,0.103,-0.629719,-0.686709,0.283025
0.80768,0.360215,-0.135963,0.354473,0.269371
-0.48018,0.27277,-0.0118231,0.761348,0.339476
-0.652365,0.00527725,-0.72132,0.0847223,-0.218675
-0.454308,-0.690184,-0.188971,-0.464089,-0.262192
-0.346619,-0.431311,0.127151,-0.0105431,0.82391
-0.72975,0.198207,-0.290479,-0.491135,0.324139
0.383227,-0.585402,-0.255606,-0.506203,-0.433148
0.174621,-0.325162,0.00754284,-0.605717,-0.703808
0.278168,-0.464147,0.34414,-0.0451822,-0.765755
-0.446489,-0.510844,-0.128116,0.408129,-0.598148
0.841455,0.300982,-0.264973,-0.349449,0.101211
-0.0974063,0.638693,0.209524,0.0283671,-0.734655
0.541384,-0.254243,0.208446,-0.736176,-0.235321
-0.0681814,-0.0150964,0.316201,0.941074,0.0885332
0.256777,0.026638,0.114961,0.435648,-0.854594
-0.241077,-0.409559,-0.685051,0.130084,0.534132
0.545779,-0.442009,0.326227,0.131218,0.620867
0.371391,0.820064,-0.394611,-0.137592,-0.122288
-0.204081,0.909715,0.336206,-0.00285822,-0.135896
0.656585,-0.0577133,0.42418,-0.0972815,0.610169
-0.141307,0.117343,0.728339,0.658002,-0.0360605
-0.500469,0.417617,0.155221,-0.590162,0.450842
-0.767593,-0.480072,0.325073,0.275421,0.0481723
0.428795,0.222102,-0.370431,-0.445426,0.65605
0.37185,-0.757892,-0.521277,-0.120294,-0.0131581
0.634764,-0.670567,-0.323234,0.163569,0.122952
-0.161265,-0.66099,0.154209,-0.693348,-0.177589
-0.331249,-0.471811,0.531067,0.567424,-0.246666
0.52115,0.295927,-0.0124232,-0.442479,-0.666819
-0.335404,-0.668027,-0.273544,-0.593158,0.115624
-0.753764,0.0580844,-0.308866,0.399771,-0.414677
0.026061,0.389056,-0.188036,0.815997,0.382833
0.132381,-0.624843,-0.105643,-0.414941,0.63927
-0.442592,0.87231,-0.196557,-0.0523003,-0.0318692
-0.1282,-0.0355152,0.43414,-0.822651,-0.341726
-0.149358,0.344962,0.420718,0.57611,0.589649
0.235104,0.280561,0.57604,-0.553167,-0.481096
0.14152,0.552699,-0.350397,-0.259002,0.697975
-0.592046,-0.268863,-0.515439,-0.129313,0.544956
-0.245191,0.34593,0.518907,-0.132075,0.729858
0.688987,0.188349,-0.18864,-0.668161,0.107208
0.425491,0.128822,-0.511215,-0.146834,0.718282
-0.173359,0.570394,0.455945,0.502556,-0.432232
0.19711,0.171728,-0.944448,-0.197777,-0.0295519
0.078009,-0.736973,0.00557585,0.662651,0.111144
0.4255,-0.728248,-0.473226,0.256465,-0.00345197
-0.106217,0.42703,-0.0761616,-0.343093,-0.826238
0.201461,0.667767,-0.690278,0.09684,0.172558
-0.632624,0.562847,0.113824,-0.0801253,-0.51493
0.221755,-0.394745,0.859127,0.00785908,0.235155
0.0629696,-0.148918,-0.790027,-0.579533,-0.111665
0.348002,-0.80758,0.230562,-0.00215771,-0.415494
-0.318519,-0.416445,0.840615,-0.0380614,-0.127772
-0.718262,0.636638,0.059285,0.276276,0.00996172
-0.128807,-0.683732,0.552006,0.277125,-0.367578
-0.0290482,0.711924,0.437901,-0.505771,-0.212236
-0.405456,0.312975,0.6314,-0.561658,-0.145573
0.225444,0.381732,-0.664097,-0.60175,0.0478567
0.306977,-0.289996,0.331858,-0.843074,0.0241892
-0.65054,-0.0205303,0.157897,0.706309,0.229845
0.263168,-0.796045,0.188832,0.470962,-0.200203
0.455656,0.301009,0.0265233,0.682143,0.486005
-0.3668,-0.889762,-0.256777,0.000584657,-0.0805201
0.444062,0.26207,0.0419396,0.728357,-0.447632
-0.476741,0.44672,0.220637,-0.098274,-0.716421
0.173289,-0.717838,0.150659,-0.655921,0.0721106
0.246969,0.668605,0.494275,0.464659,0.166445
0.54985,-0.197019,-0.135334,0.683788,0.421405
0.163131,0.712048,0.495647,0.247621,0.397818
-0.0473559,0.79511,0.363881,0.035581,0.478769
-0.23431,-0.302531,0.417064,-0.124903,0.815115
-0.109561,0.890151,0.192443,0.354588,-0.179156
-0.134814,-0.61739,-0.0987682,-0.48172,0.597457
0.191103,0.28973,-0.893646,-0.28331,-0.0370566
0.432394,-0.51844,0.470846,0.403124,0.395218
-0.233605,-0.0976758,0.627941,0.321369,-0.663508
0.525955,0.243588,-0.0998708,0.529137,-0.61406
0.624466,-0.0189661,-0.0170022,0.387721,-0.678106
0.391515,0.76076,0.0941766,-0.403424,0.313466
0.24685,0.184602,0.100839,-0.646472,0.689771
0.321855,-0.476016,0.818962,0.0534436,0.00102465
0.314934,-0.864367,-0.0839042,-0.386205,-0.0201047
-0.142356,-0.781225,-0.516171,-0.299672,0.123445
0.96559,-0.100438,-0.155958,0.123842,0.126299
0.226774,0.580303,0.0692199,0.767185,0.138826
-0.0578563,-0.302264,-0.35976,-0.868697,0.14954
0.00856633,0.549533,-0.253816,-0.42553,0.673654
-0.338818,0.880637,-0.243252,-0.19995,-0.0887772
0.209973,-0.290045,-0.701005,0.145423,-0.597904
0.143319,-0.385874,-0.777583,-0.378291,0.28941
-0.668395,0.620913,-0.302078,0.272096,-0.0716661
-0.141862,0.357064,-0.300248,0.493021,0.718375
-0.358016,-0.148123,-0.634852,-0.19587,0.640526
-0.128788,0.925331,-0.259976,0.188725,0.14957
0.637645,-0.167201,-0.112504,-0.444478,0.595985
0.747183,0.0966033,-0.489318,-0.338437,-0.274553
-0.259312,0.146117,0.12274,0.922056,0.212858
0.742583,-0.586701,-0.172377,0.172764,-0.214842
-0.282814,0.597609,-0.0959444,0.514805,-0.53683
0.668563,-0.537624,-0.241139,-0.359567,0.271303
-0.804636,-0.130133,-0.29239,-0.104565,0.488156
-0.189546,0.630519,-0.0618027,-0.557421,-0.503211
0.116219,0.770938,0.572544,-0.0354935,-0.249317
-0.123424,0.121687,0.171133,-0.214567,0.946933
0.00920525,-0.117978,-0.83736,-0.289683,0.447634
-0.373517,0.922503,-0.0419078,-0.0631919,-0.0603036
-0.118694,0.374872,0.402984,0.239532,-0.79024
-0.220954,0.8595,0.414733,-0.199632,-0.0565777
-0.138925,0.0354438,0.32906,0.918756,-0.17091
-0.904337,-0.152452,0.349554,-0.00844105,-0.193254
0.664841,0.0368852,-0.666586,-0.103493,-0.317608
-0.260331,0.420732,-0.501697,0.691249,0.162188
-0.121125,0.217551,0.80879,-0.433319,0.311767
-0.397167,-0.416671,0.714793,0.161953,-0.361813
-0.597926,0.415072,0.337654,-0.456502,0.380161
0.0882913,-0.507161,0.258256,0.788661,-0.217169
-0.371117,-0.315674,0.579735,-0.411694,-0.508785
-0.471555,-0.308369,0.793725,0.172919,0.159077
-0.203374,0.456283,0.13349,0.850253,0.0870369
0.128946,0.283394,0.401302,0.828419,0.242314
-0.272509,-0.355858,-0.571189,-0.00631575,0.68654
0.936528,0.236158,0.00113899,0.254569,0.00855093
0.786328,-0.0132021,0.594919,-0.0125103,-0.170967
-0.313849,-0.738148,0.594754,0.0430711,-0.0561131
-0.592482,0.0219989,0.128969,-0.346124,0.715175
-0.24204,0.448758,-0.427406,0.462857,-0.583431
-0.855337,0.185652,-0.0975086,0.363796,-0.297492
0.184548,-0.280706,-0.00706202,-0.20755,-0.918989
-0.185471,-0.181589,-0.368983,-0.466291,-0.759884
0.533809,-0.214083,-0.475057,-0.664047,0.050962
0.403728,-0.0464955,-0.495768,0.239849,0.729823
0.436719,0.39613,-0.035709,0.65304,0.474111
0.263333,0.473358,-0.17101,-0.729015,0.378317
0.326205,0.935118,0.102313,-0.0822009,-0.0235764
0.386193,0.0639458,0.831935,0.373109,-0.12978
-0.113017,-0.499793,0.374914,0.645696,-0.425736
0.00986112,-0.796981,-0.31558,-0.158902,-0.49064
-0.514554,-0.311114,-0.472327,0.592589,-0.251139
-0.0746157,0.234615,0.756723,0.172182,0.584011
-0.0328369,-0.632099,-0.711496,0.242089,0.194672
0.44776,0.0961451,0.740301,0.493538,0.0477397
0.0857463,0.582688,-0.201138,-0.733773,0.276729
-0.548083,-0.697577,-0.0623179,-0.363821,-0.279253
-0.597408,-0.317061,0.160058,-0.460524,0.552411
-0.575376,0.288786,-0.536739,0.274297,0.47153
-0.684844,0.489238,-0.231134,-0.350301,0.345659
-0.470762,-0.0380689,-0.13564,-0.801526,0.345324
0.709588,0.0669393,-0.383439,-0.578524,0.100006
0.435273,-0.555545,-0.334106,0.379142,-0.495253
-0.598812,0.326094,-0.523552,0.489929,-0.143718
-0.348845,-0.81217,-0.298431,-0.0600962,0.358367
-0.195085,0.158673,0.740744,-0.52585,-0.334851
-0.764084,-0.0767074,-0.337414,-0.459594,-0.288154
-0.384975,0.406536,-0.303791,0.692758,-0.336183
-0.882064,0.157403,0.13471,0.199366,-0.374332
0.175218,-0.574059,-0.383784,-0.698699,-0.0320209
0.484416,-0.543808,0.503663,0.226742,-0.405867
-0.0803798,0.132272,0.512994,0.828887,0.156049
-0.150763,0.125412,-0.350857,-0.402935,-0.821884
0.274882,-0.30112,0.378176,0.680117,0.478013
-0.281083,0.450606,-0.346214,0.77041,-0.0562441
0.629651,-0.343709,-0.363493,-0.404892,0.435874
0.290937,0.062523,-0.567557,-0.584112,-0.496797
-0.684567,-0.126648,0.50201,0.14692,-0.490707
0.356647,0.579879,-0.260351,-0.125166,0.671145
0.899949,0.356661,0.240928,0.061105,0.027456
-0.473642,0.498958,0.355118,0.0123681,-0.630098
-0.0396413,-0.6995,-0.578814,-0.396984,-0.146655
-0.0147799,-0.120415,0.0204525,-0.553945,-0.822123
-0.621012,0.0767915,-0.133152,0.192399,0.741207
-0.374496,0.693625,0.117221,0.163825,-0.580908
-0.217605,-0.303633,0.885916,0.0865542,0.261644
-0.376472,-0.43187,0.754979,0.303025,-0.105742
-0.100168,-0.546901,-0.2051,0.344611,0.729917
-0.608269,-0.515814,0.188412,-0.401097,0.410501
-0.612584,0.333074,0.516256,0.39409,-0.305684
-0.556672,0.061999,-0.483605,0.427475,-0.518002
-0.250987,-0.263069,0.586712,0.0494663,-0.721255
-0.299311,-0.40232,0.479253,-0.176595,-0.699244
-0.426616,-0.58526,-0.33911,0.0686973,0.598548
-0.313219,-0.655865,0.42751,0.019542,-0.537793
-0.388494,0.463783,0.154809,-0.176025,-0.762626
-0.126314,-0.440436,-0.0295571,0.398212,-0.792484
-0.479272,-0.438447,0.460336,0.35862,-0.489062
0.0759225,-0.619883,-0.0211259,0.553827,0.547464
0.130663,-0.624608,-0.0821498,0.763713,0.0473756
0.251024,-0.308284,-0.768049,0.395501,-0.303711
0.77433,0.488841,-0.350545,-0.114348,0.162294
0.216335,0.892319,0.0817805,-0.35967,0.129024
-0.546919,0.396716,0.481005,-0.556887,-0.00509552
0.21743,0.462313,0.126744,-0.560077,-0.639701
0.471575,0.191892,0.124806,-0.182704,0.833453
-0.350177,-0.532642,0.313206,0.452319,-0.539003
-0.491218,0.211305,0.757226,0.285002,-0.245085
-0.889,-0.0292432,-0.254218,0.351148,-0.156556
0.590949,0.289044,0.69571,-0.230663,-0.180707
0.555091,0.252636,-0.291808,0.584224,0.449456
0.0516714,0.134016,-0.697614,-0.300575,-0.637429
0.174766,-0.341856,-0.893964,0.231009,-0.000416919
0.364865,0.331862,-0.796656,0.198135,-0.28858
-0.103974,-0.114047,-0.0828536,0.650603,-0.73755
-0.405228,0.0665462,-0.34416,-0.419166,-0.734036
0.0163499,-0.654969,-0.0140066,0.484817,0.581192
0.060795,0.394355,-0.361399,0.796355,-0.276856
-0.403033,0.269847,0.642018,-0.561643,0.188415
0.275706,0.142709,-0.842229,0.436095,-0.0828628
-0.438635,0.490252,-0.692973,0.0670941,0.2849
-0.0629702,-0.290549,-0.840494,0.146985,0.433242
-0.177089,-0.477353,-0.296785,0.171353,-0.791876
-0.0353508,0.801,0.0768328,-0.417303,-0.422738
-0.0137252,0.0224331,-0.622749,-0.342662,-0.702592
-0.0812902,0.849549,0.516589,0.00405289,0.0359152
-0.438272,0.37395,-0.572009,-0.469652,-0.347985
-0.817932,-0.464241,-0.0775923,-0.330378,-0.0193311
0.437419,-0.0363393,0.545235,0.492584,0.516065
0.394063,-0.0910799,-0.864179,-0.198744,-0.221938
-0.108783,-0.152072,-0.65905,0.714271,-0.139199
-0.875087,0.022023,0.474172,0.0362834,-0.0931869
0.404302,-0.264359,-0.104197,-0.706726,-0.510002
0.558439,0.393527,-0.282837,0.229852,0.632175
0.106578,0.760478,0.0796488,0.535945,-0.339139
-0.63646,-0.310175,0.363391,-0.60323,0.0534281
0.323392,0.2243,-0.30051,-0.183375,-0.847688
0.5376,0.496926,0.43051,0.424867,0.319327
0.734852,-0.454409,0.281784,-0.344843,-0.224807
-0.225757,-0.451506,0.393443,0.638634,0.42545
-0.708802,0.291169,0.251791,-0.297322,-0.510065
-0.07901,-0.360199,-0.318076,0.636581,0.595812
0.376963,-0.677513,-0.0707519,-0.241958,-0.578388
0.0881313,0.294855,0.341045,-0.861137,0.213032
0.199773,-0.146846,-0.495371,0.786921,-0.274101
-0.728084,0.493406,-0.341774,0.230467,-0.237536
-0.521291,0.0397783,0.375271,-0.438903,-0.626159
-0.554168,0.11332,0.53435,0.600266,-0.182087
-0.0218165,0.1944,-0.538071,0.81181,0.103646
0.722936,-0.288363,-0.242325,0.363854,0.450105
-0.036244,0.0188471,0.0801438,-0.892172,-0.444583
-0.674134,0.28789,0.608982,-0.166091,0.255545
0.756419,0.553482,0.313325,-0.0717684,-0.140448
0.587367,-0.406415,0.436735,-0.543942,-0.0840107
0.330316,0.0966876,-0.418425,0.634752,-0.550057
0.831281,-0.436735,0.0765719,0.188081,-0.278359
0.496942,0.220216,-0.66868,0.479517,-0.168394
0.505605,-0.0333635,0.192242,0.810582,-0.228697
-0.589544,0.607984,0.402446,-0.336883,-0.070378
0.292793,0.438325,0.334505,0.327844,0.708807
-0.912267,-0.183804,-0.130569,-0.339586,-0.0212042
0.0117562,0.613827,-0.0351429,-0.527873,0.58889
-0.148433,0.708487,0.220164,-0.550813,-0.354717
0.0576897,0.167412,0.860538,-0.442429,0.179508
0.140648,-0.631533,0.604291,-0.314107,-0.34665
-0.0281905,-0.72251,-0.216464,0.644523,0.126303
-0.00771541,-0.252068,-0.305899,-0.580119,-0.710499
0.481099,-0.60561,-0.0522259,0.588611,0.234377
-0.0235551,0.320006,-0.410937,0.850522,0.073363
-0.052947,-0.111171,-0.900023,0.174769,-0.379653
-0.0108669,-0.523928,-0.773318,-0.203227,-0.290973
0.0389738,-0.728861,-0.564272,-0.040181,-0.378391
-0.164572,0.447002,-0.554577,-0.638845,0.241411
0.698873,0.335456,0.377952,0.444431,-0.238577
0.0268842,0.0749085,-0.845216,0.257484,-0.459475
-0.0343884,-0.392345,-0.588315,-0.518847,-0.478607
0.111489,0.114231,-0.986445,0.0168974,0.000162106
-0.297638,0.192217,0.285191,0.870478,-0.184438
0.507047,0.518252,-0.0340932,0.604537,0.327211
-0.488892,-0.157506,-0.424001,0.543175,-0.51195
-0.662343,0.115133,-0.720382,-0.0809894,-0.156575
-0.120703,0.799232,-0.567762,0.0896576,0.131816
0.418381,-0.136576,0.0184032,-0.358596,-0.822949
-0.386361,-0.325631,0.518957,0.687681,0.00244982
-0.123002,-0.243222,0.705942,-0.372333,0.539411
-0.252671,0.171098,-0.301174,0.230715,-0.874447
0.0410062,0.402101,-0.766993,-0.125284,-0.477415
0.32754,0.346521,-0.335363,0.114394,0.804838
0.59214,-0.339013,-0.378466,0.551068,0.298314
-0.693551,0.0594077,-0.296618,0.263897,-0.597783
-0.213967,0.729717,0.282242,-0.575023,-0.109137
-0.537513,-0.728468,-0.394948,0.0389813,-0.163675
0.490171,0.174635,0.710534,-0.442877,-0.166228
0.778463,0.462658,0.0933264,-0.404718,-0.0651422
-0.435866,-0.103211,0.8128,0.036989,-0.36951
-0.151374,0.495691,0.739054,0.353944,-0.248508
-0.48328,0.293578,-0.679171,-0.42132,-0.205912
-0.727563,-0.137524,-0.325574,-0.12,-0.574285
0.648333,0.635376,-0.0534993,0.34217,-0.238194
0.185508,-0.498552,-0.0684933,0.380321,0.754262
-0.602763,0.125036,0.725649,0.124262,-0.283751
0.614834,0.475989,-0.55192,-0.193055,-0.227548
0.447962,0.0596544,0.712914,-0.0781661,0.530098
-0.0762653,-0.319919,-0.899685,-0.0247594,-0.281783
0.867715,-0.286026,-0.30228,0.0142804,-0.271857
0.199345,-0.825818,-0.338689,0.175556,0.364543
-0.0148634,0.747641,-0.235872,-0.511056,-0.352573
0.335909,-0.303842,-0.858332,0.18574,0.141472
0.129862,-0.0563405,0.47648,-0.821424,-0.280245
-0.732566,-0.0324781,0.649146,0.158211,0.123346
-0.409468,-0.548416,0.542559,-0.0731684,-0.480306
0.0220181,0.358425,-0.864423,-0.31601,-0.150799
-0.475318,-0.48475,0.498565,0.351655,-0.404372
0.723511,-0.384505,-0.441459,-0.33125,-0.162597
-0.403675,-0.170928,0.416776,-0.708749,0.363098
0.058687,-0.0416891,0.69163,0.331727,0.63688
0.400063,-0.509555,0.601157,0.125588,-0.452969
-0.447965,0.0886177,0.255014,-0.343172,-0.779375
0.234952,-0.00890801,0.472785,0.760233,0.379039
0.0440357,-0.315499,0.661627,0.0764209,-0.672964
0.104642,0.433721,0.396458,-0.802814,0.000281136
-0.149885,-0.103361,0.783192,0.535971,-0.254471
-0.253317,-0.0869008,0.402023,0.365207,-0.797349
-0.11228,-0.256311,-0.233514,0.70171,-0.612328
0.182983,-0.466584,-0.732613,-0.452511,-0.0912649
-0.850127,0.0661311,-0.279478,0.128778,-0.427286
-0.36697,-0.488078,0.13436,0.652017,-0.428311
0.315764,-0.141277,0.215776,0.910795,0.0684145
0.183546,0.00585919,0.576548,-0.14207,-0.784621
0.125611,-0.767532,-0.119163,0.614962,-0.0352706
-0.299117,-0.861859,-0.358345,-0.0104669,-0.205659
0.211953,0.345231,-0.69284,-0.498342,-0.327628
0.185751,0.2204,0.939734,-0.0782419,-0.159382
0.211809,0.332065,0.68422,-0.432445,-0.433932
-0.0697206,0.0630573,0.214468,0.966355,-0.0909427
0.651667,0.646548,-0.140275,0.36874,0.0604194
0.634041,-0.0928545,-0.044509,0.746079,0.168209
0.727974,0.18371,0.384852,-0.504612,0.187363
-0.0937574,0.0147324,0.903525,0.0144603,0.413937
-0.127199,-0.000377554,-0.0364616,0.733535,0.664142
-0.464535,-0.173623,-0.842692,0.177396,0.113904
-0.0349624,-0.498053,0.302748,0.429685,0.689296
-0.324696,-0.166384,0.559822,0.739538,-0.0988047
-0.454739,0.545934,-0.308762,-0.19241,-0.60343
-0.072239,-0.183203,0.254697,0.638001,0.698802
0.801859,-0.229315,-0.083842,-0.538426,-0.0956958
0.715259,-0.331416,0.061725,-0.609909,0.0341809
-0.0387679,0.654621,-0.644794,0.10066,0.380072
-0.640436,0.379189,-0.433683,0.286122,-0.41836
0.643585,0.596704,-0.451508,0.0868432,-0.125702
-0.610244,-0.25527,-0.543756,-0.431507,0.279746
-0.215634,-0.252293,-0.848257,-0.0627884,0.407141
-0.243968,0.0318664,-0.0176626,-0.204439,0.947729
0.195223,-0.480936,0.147803,0.768415,0.344749
-0.594997,-0.557397,0.566356,0.0692009,-0.0861669
0.64794,-0.587952,-0.11031,0.334573,-0.327434
0.286018,0.652319,0.387109,0.234786,0.536586
0.140269,0.20139,0.302768,0.400763,0.827457
-0.124277,0.0299661,-0.36912,0.758018,-0.523413
-0.777509,0.0689986,0.0380127,-0.621384,-0.0503501
-0.478229,-0.109453,-0.11186,-0.860215,-0.0931618
-0.668943,-0.669382,-0.0390888,-0.238443,-0.213725
0.285838,0.649891,-0.392526,-0.576464,0.107936
0.235295,-0.17481,0.89799,0.261454,0.198054
0.415082,0.328394,0.768107,0.309574,-0.184189
-0.740157,0.374906,-0.0692675,-0.413466,-0.370938
-0.560305,0.223397,-0.0654226,0.175738,0.774633
0.149115,0.688607,-0.669725,0.134749,0.188272
-0.0239887,0.847772,0.325671,0.294765,0.295103
0.715819,0.223435,0.170521,0.583701,0.2607
-0.512362,-0.00442421,-0.466013,0.0722177,-0.718401
-0.309033,-0.307735,0.894254,-0.0878269,-0.0597782
-0.276909,0.558097,0.537565,0.52035,-0.228249
0.242916,0.351368,0.5489,-0.216486,-0.685612
-0.0196855,0.111075,-0.689873,-0.114887,-0.703284
-0.155425,0.459002,-0.362826,-0.631001,-0.48368
-0.0190541,-0.854051,-0.403782,-0.133255,-0.298056
0.102389,-0.0644623,-0.194508,0.83853,-0.49552
-0.0828073,-0.601574,-0.532783,0.212647,0.547516
0.629891,-0.197262,-0.604445,-0.318141,0.309622
-0.346595,-0.129418,0.304561,0.69108,-0.539158
0.20556,0.223207,0.0444532,0.605271,-0.735127
-0.651158,-0.317123,0.265294,-0.51867,-0.369528
0.0867624,-0.224311,-0.441268,0.458452,-0.732845
0.0605011,0.20428,0.279456,-0.149332,-0.924153
0.470423,0.360807,-0.390729,-0.212709,-0.668667
-0.410014,-0.412482,-0.258288,-0.767993,0.0812514
-0.159605,0.514957,-0.337984,0.428703,-0.640757
-0.26846,0.704101,0.56476,0.224941,0.253405
0.349846,-0.403495,-0.318181,0.15422,0.770336
0.789651,-0.240772,-0.504226,-0.250058,-0.0168797
0.076854,-0.0692794,0.27946,0.596734,-0.745447
-0.308302,0.783193,-0.217467,0.207556,0.448007
0.502027,-0.431884,-0.253435,-0.624623,0.327368
0.60846,-0.236823,-0.583388,-0.43459,0.215932
0.575106,-0.180511,0.507323,-0.584535,0.189515
-0.344025,0.543274,-0.726816,0.0130865,0.23884
-0.404353,-0.562087,0.0888566,-0.0981894,-0.709756
0.679579,0.19017,0.678611,-0.205008,0.0275004
0.230714,0.407896,-0.442825,0.761555,-0.0859598
0.224983,0.554621,-0.762249,0.0352848,0.245493
-0.783267,-0.0695867,-0.12721,0.403697,-0.451342
0.34774,0.601373,-0.162073,0.421434,0.558974
0.774925,-0.445763,0.0863288,-0.396142,0.190467
-0.266627,0.575664,-0.581387,-0.497806,0.118145
-0.494018,0.187166,-0.00315541,-0.0984671,0.840751
-0.478236,-0.12391,-0.483847,0.135837,-0.709866
-0.59552,0.265111,0.745544,0.0704327,0.133749
0.215872,-0.124172,-0.748932,-0.174585,0.588021
-0.608381,-0.263978,0.660029,-0.259035,0.250627
0.410093,0.355953,0.708293,0.102471,-0.440578
0.0798542,-0.168576,0.64679,-0.360102,-0.643883
-0.531811,0.573801,-0.479413,-0.0758757,-0.39054
-0.586375,0.360848,0.158914,-0.499942,-0.499362
0.309707,0.559249,0.158352,-0.0839977,-0.747563
-0.441002,0.0695969,0.0542534,0.814425,-0.373497
-0.875896,0.315686,0.172347,0.302633,-0.0968309
0.664892,0.491054,-0.554377,0.0353532,-0.101314
0.269841,-0.484381,0.524825,0.631455,-0.120721
-0.644382,-0.554331,0.353621,0.367583,0.138765
0.453568,0.833809,0.192884,-0.243054,0.0353249
-0.0881101,-0.421187,-0.373069,0.811687,0.121196
0.185449,-0.0603993,0.598103,0.0864032,0.772433
0.0913204,-0.118428,-0.310446,0.481083,0.807332
-0.514194,-0.257748,0.268644,-0.733417,-0.238329
0.512066,0.558451,0.0710341,0.610597,0.22066
0.351519,0.121244,-0.101493,-0.764264,0.516553
0.0873028,-0.0180141,0.978508,-0.0722844,0.165775
0.543323,0.372587,-0.54598,-0.0406373,-0.515681
-0.422165,-0.342201,0.276306,-0.790607,-0.0518827
0.117406,-0.187222,0.223454,-0.928529,-0.197965
0.137297,0.684666,0.0643275,-0.111809,0.701823
0.310575,0.57261,0.235419,-0.66408,0.285347
-0.80579,-0.424372,-0.0316075,-0.399586,-0.105974
0.363541,-0.26178,-0.184178,0.872491,-0.0457202
0.1712,0.808798,-0.235973,-0.495851,-0.108577
-0.172165,0.358849,0.527495,-0.0205038,0.752248
0.680762,0.649022,-0.00362436,0.336039,-0.057776
-0.339503,0.144036,-0.700684,-0.148073,0.594555
0.171853,-0.550033,-0.727459,-0.034745,-0.371361
0.733037,0.350952,0.498189,0.119307,-0.281025
0.154489,0.734061,-0.556065,0.333876,0.138451
-0.125007,-0.077601,0.138848,-0.395055,-0.895661
-0.683071,0.51891,0.486211,-0.0747368,0.148388
-0.414925,0.471351,0.216288,-0.53472,-0.522387
0.496231,-0.38899,-0.645165,0.434393,-0.0167101
-0.256752,0.0575406,0.164365,0.941256,0.137657
0.0567284,-0.317658,0.411578,0.610712,-0.59374
0.645493,-0.0432822,-0.683036,-0.230264,-0.246939
-0.537437,-0.26353,0.540418,0.456795,-0.373721
0.1706,-0.559949,-0.410455,0.677509,-0.170156
-0.373355,0.440703,-0.0471801,0.775245,-0.249315
0.0733683,0.406831,-0.686991,-0.592491,-0.0616467
-0.286808,0.220282,-0.223008,-0.887291,-0.174358
-0.411405,-0.605084,-0.250306,0.336988,0.538901
-0.623497,-0.542607,-0.0111814,0.401108,0.396834
-0.700685,0.266089,-0.533962,-0.157676,0.358208
0.0760412,-0.474186,0.186281,-0.631349,0.578753
0.122711,0.506596,-0.527399,0.508261,-0.437945
0.177951,0.722831,0.178195,0.352288,-0.539874
0.0111712,0.435675,-0.218863,0.130166,0.864065
0.22799,0.688619,0.353976,-0.122939,-0.578724
0.409596,-0.175552,0.164945,-0.879238,-0.00170197
0.114177,-0.00369929,0.15696,-0.243423,0.949102
0.0578952,-0.702421,0.354687,-0.501205,-0.354989
-0.314892,0.0710547,-0.585615,-0.741938,0.0192239
-0.0470547,0.945108,0.0664388,0.320205,0.0128373
-0.0512069,-0.0860077,0.553372,-0.556324,0.609491
-0.127988,-0.259774,-0.570952,0.172761,0.747207
-0.828947,-0.149802,0.269002,0.0912584,0.456992
-0.36948,0.120666,-0.522606,0.73039,0.201253
-0.0431935,-0.473261,-0.821504,-0.0343895,-0.311728
0.0600801,0.744703,-0.356619,-0.346478,0.440102
0.772844,0.305875,-0.516804,0.0496525,0.202364
0.17017,-0.571649,-0.13482,0.712162,-0.337783
0.827832,-0.382243,-0.102215,0.201299,0.346129
0.0519151,-0.59865,0.0165959,0.0389976,-0.796526
-0.0278239,-0.7652,0.414491,0.105368,-0.479856
-0.0427038,-0.550506,0.396391,-0.558438,-0.476588
-0.0662418,-0.235729,-0.235539,0.220942,0.912642
-0.288764,0.311224,-0.48429,-0.259268,0.720295
0.5288,-0.363245,0.457751,0.480429,0.385847
-0.16651,0.323792,-0.173736,-0.193161,-0.895405
-0.669454,0.471224,-0.359696,-0.442531,0.0636347
-0.788985,-0.425638,-0.0201372,0.390656,0.209716
-0.110391,0.399209,0.396122,0.795383,0.195633
0.242487,0.62745,0.727707,-0.111528,0.0688242
-0.362238,-0.168814,-0.850982,-0.300459,0.162159
0.308788,0.866983,0.152985,0.344289,0.103608
0.401388,-0.0369787,0.363153,0.839074,-0.0601865
0.493201,-0.798367,-0.0914021,-0.256704,-0.207825
-0.35857,0.108646,-0.0709622,0.102497,0.919177
0.04242,-0.878906,0.396294,-0.264068,-0.010079
-0.181843,-0.190681,-0.577276,-0.749378,-0.195194
-0.45893,0.617994,0.0453343,-0.607789,0.184838
0.226574,0.3693,-0.255569,0.855733,0.136529
0.152905,0.804082,-0.167948,-0.412022,0.361856
-0.387028,0.381944,-0.105885,-0.281142,0.785043
-0.196804,-0.280092,-0.640556,0.17483,0.662432
-0.56943,-0.41456,0.130601,-0.338359,0.610999
-0.0200499,-0.463376,-0.710061,-0.496261,0.179795
0.338383,0.752874,-0.152148,0.483929,0.249803
-0.445221,0.0823234,0.829071,0.289241,0.173047
0.0911485,0.826449,0.52154,0.0691222,-0.179771
-0.0728933,-0.206181,0.188873,0.604875,-0.743317
-0.241771,0.475454,0.598694,-0.242824,0.544861
-0.18202,0.72821,0.419603,0.473898,-0.185942
-0.550047,0.524459,-0.394643,-0.187715,-0.480711
-0.110457,-0.34687,-0.33191,-0.210911,-0.843382
0.074163,-0.915048,-0.335851,-0.0822668,-0.191002
0.374969,-0.0395832,0.217751,0.858473,0.267139
0.353023,-0.905658,0.103368,-0.18402,-0.0653512
0.367553,0.66669,-0.0239907,-0.57933,0.28195
-0.568166,0.0278235,0.467367,0.0690631,0.674661
-0.0706565,-0.361185,-0.531967,-0.391089,-0.655893
-0.154483,-0.000121484,0.152108,-0.838456,0.499317
0.488267,-0.603344,-0.564287,-0.154227,0.23308
-0.499541,0.045041,-0.626329,0.263399,-0.538041
0.0389454,0.697914,0.576193,0.0304642,-0.423656
-0.467673,-0.226286,0.727258,0.186019,0.409507
-0.423827,-0.58384,-0.00306036,0.593974,-0.353218
0.014367,-0.221806,0.401505,-0.359884,-0.812295
0.253376,0.770973,0.515855,-0.273712,0.0159818
-0.354007,0.127557,0.0305842,0.924944,0.053927
0.0488211,0.0949728,0.188887,0.390701,0.894901
-0.732911,0.554095,0.2487,0.27044,-0.14969
-0.0933933,0.658308,0.53677,-0.410127,-0.319947
-0.213155,0.366256,0.031637,-0.762942,-0.487451
-0.777333,0.148489,0.278122,0.544739,0.0174381
-0.130668,-0.126243,0.00148275,-0.963302,-0.2024
-0.620057,0.164415,-0.357464,-0.433785,0.523438
0.207967,-0.560228,0.0816234,0.602316,0.524061
0.0455493,-0.496116,-0.605654,-0.529198,0.325573
-0.0239688,0.97591,-0.0582687,0.0250592,-0.209232
0.459197,-0.0735173,0.18089,-0.829006,0.258596
-0.363059,0.229757,0.856694,0.283403,0.0616188
0.400332,-0.198674,0.467268,0.727293,0.216641
0.318092,0.634648,-0.312498,-0.170295,0.606443
-0.666215,0.1349,-0.0720305,-0.620974,0.380088
0.210404,-0.825786,0.419174,0.0912496,0.294798
-0.185207,0.33144,-0.0754972,-0.351272,0.851376
-0.167708,0.522407,-0.573773,-0.288158,0.536492
0.694842,-0.223126,0.103882,0.20107,-0.643298
-0.128302,-0.788307,0.566894,0.0791251,-0.178995
-0.48579,-0.31762,-0.718027,0.288418,0.251545
-0.402809,-0.779478,-0.145131,-0.434213,0.139563
0.706485,-0.442419,-0.263946,0.468379,-0.128842
0.335717,-0.621708,0.00525123,-0.658423,0.264384
-0.91198,0.138434,-0.0521328,-0.385005,-0.0409993
0.411725,0.277836,0.448601,-0.509976,0.543388
-0.566117,-0.706193,0.137878,0.309783,0.260277
-0.0372307,0.0817115,0.500204,-0.402958,-0.760151
0.499612,0.251918,-0.534852,-0.244516,0.584805
0.561657,0.35474,-0.186533,0.709246,-0.151881
0.211437,0.430166,-0.24204,0.00480203,0.841801
0.487338,0.640861,0.149844,0.0278868,0.574255
-0.216165,-0.901692,-0.0687003,0.248575,-0.269395
-0.180301,-0.605081,-0.131296,0.332204,0.685294
-0.335512,-0.0251287,-0.865472,-0.283475,0.237135
0.395504,-0.405891,-0.389628,-0.654201,-0.311873
0.75291,0.0116109,-0.094193,-0.110839,0.639401
-0.00129762,0.576877,0.703729,-0.394382,-0.125589
0.371695,0.893346,-0.154495,0.0192856,-0.204998
-0.0594816,0.577759,0.227291,-0.779581,-0.0588806
0.227311,0.0425354,-0.776605,0.583359,0.0759499
-0.0265883,0.066163,0.393861,-0.660297,0.63727
-0.873555,-0.314955,-0.359188,-0.0645817,0.0464347
0.0326564,-0.436422,0.403227,-0.431921,-0.678961
-0.555538,0.470973,0.542654,0.129311,-0.401294
0.452963,0.376164,-0.740113,0.316875,-0.0586372
-0.299667,-0.58394,0.684297,0.219045,0.225163
-0.313532,0.502626,-0.355121,-0.401843,-0.597976
0.0123429,0.799861,-0.23638,0.451414,0.312732
-0.256612,-0.577204,-0.365481,-0.222774,-0.649246
0.0738246,-0.267148,0.667448,0.516604,0.461496
0.892506,-0.337081,0.0160945,-0.0136633,0.297598
-0.160629,0.191237,-0.798121,0.548997,-0.0352268
0.0887024,0.598563,-0.542296,0.548589,-0.192688
0.926007,0.00561111,0.0856417,0.37075,-0.04763
-0.115762,0.385368,0.873328,-0.05389,0.272026
-0.776871,-0.616631,-0.0892109,0.0623705,0.054065
0.841361,0.391396,0.316927,0.194516,-0.0754405
0.449528,0.761339,-0.0707518,-0.298141,-0.354753
-0.286521,0.596559,0.163169,-0.0480905,0.729938
0.569218,-0.213371,0.249212,0.223109,0.717506
0.566386,0.0587293,-0.237672,0.206393,0.760122
0.557849,0.0183636,-0.552448,0.451583,0.42667
0.393126,-0.298125,0.0635486,0.273923,0.821866
-0.328149,-0.801493,0.0379705,0.496709,-0.0509852
-0.718386,0.0326604,-0.453224,-0.0838879,-0.519152
-0.244615,0.307983,0.755078,0.520122,0.0541183
0.693039,0.499897,-0.0017972,0.0771955,0.512758
0.110138,0.599147,-0.44712,0.128445,0.641183
0.0833796,0.496851,-0.56236,0.502916,0.41969
0.12427,0.89375,-0.131781,0.401224,0.0861092
0.463473,0.0185848,-0.117487,-0.384342,0.788665
-0.753894,0.585719,-0.0222211,0.238114,0.176659
-0.235964,-0.460641,-0.677931,0.523099,0.0640234
0.222823,-0.419662,-0.420869,-0.245848,0.72982
0.194281,-0.428817,-0.127351,0.393974,0.780889
-0.148685,-0.123323,0.506838,-0.826411,-0.145449
0.204005,-0.0159021,-0.319805,0.115297,-0.918635
0.320308,-0.299647,-0.260438,0.706537,-0.487318
0.442292,0.0258305,0.399633,-0.624896,0.502655
-0.210831,-0.390789,0.4764,0.0839351,0.755317
0.281368,0.804125,0.0378023,0.327542,0.402206
-0.248862,0.231894,0.815354,-0.0973815,-0.459378
0.26272,-0.0194252,0.152143,-0.736703,-0.604925
0.453588,0.5824,0.275012,0.614656,0.0317223
0.303956,-0.928625,0.112396,0.124033,0.129729
0.346814,-0.288463,0.593869,0.0381299,-0.665489
-0.543699,-0.69426,0.251709,0.296195,0.267464
-0.544584,0.149517,0.0365378,-0.65251,-0.50007
0.246548,-0.222811,0.14666,0.187132,0.913027
-0.574037,-0.470912,0.054718,-0.302186,0.597286
0.522859,0.113956,-0.246862,-0.231812,0.774319
-0.164055,0.252337,-0.868045,-0.00511705,0.391675
-0.185083,-0.143569,0.61164,-0.633984,0.410163
0.594742,0.226575,-0.00899508,0.0176801,-0.770132
0.246154,0.376895,-0.809331,0.349492,0.153647
-0.399621,0.201328,-0.707524,-0.0693827,0.546423
-0.0452516,-0.444268,0.644521,-0.280194,0.556778
-0.734343,-0.22186,-0.631749,-0.0947899,0.0437654
-0.515933,0.365627,-0.378686,0.173786,0.651007
0.303282,0.153011,-0.458668,0.530285,-0.62708
0.459868,-0.456048,0.640666,-0.0650437,0.410565
-0.378503,-0.646543,0.605231,-0.00387787,0.2616
0.0415975,0.950948,-0.02486,0.0378502,0.298472
0.701981,0.0287116,-0.659296,0.238299,-0.115586
0.647025,-0.4083,0.530267,0.339789,-0.135423
0.147379,0.546627,-0.196923,-0.315454,-0.735669
0.17081,0.861296,0.16468,0.181497,-0.410381
0.437237,-0.394609,-0.129162,0.028096,0.799988
-0.182256,0.513584,-0.772618,0.327331,-0.0257238
0.751601,0.145155,0.12047,-0.156111,0.612648
-0.555778,-0.0950499,0.245552,0.542633,-0.572762
-0.142476,0.374435,-0.0479885,-0.412546,0.816843
0.178678,0.115525,-0.967494,0.0848656,-0.105405
0.60984,0.352905,-0.390755,-0.582491,-0.10626
-0.0167046,-0.668548,-0.546285,0.499131,0.0818072
-0.271057,-0.179633,0.342792,-0.510903,0.718344
-0.112067,-0.742081,-0.593255,0.0552914,-0.281778
-0.538072,0.635055,0.157998,-0.375578,-0.378939
-0.0279912,0.878037,-0.231271,-0.127739,0.399344
0.0328554,0.719991,-0.65529,0.121686,0.200303
-0.633749,0.00604813,0.179709,0.730658,0.184564
-0.550208,-0.816565,0.0550224,0.0671693,-0.145707
0.0177013,-0.531782,0.437505,0.68406,-0.238378
0.839482,-0.250516,-0.225915,0.0612657,0.419335
-0.874338,-0.0591765,-0.224634,-0.111833,0.414502
0.502565,-0.710064,-0.491622,-0.0260275,0.0207268
-0.737904,-0.154353,-0.328124,-0.103996,-0.560667
-0.677865,0.340917,-0.350299,-0.20648,-0.50884
0.237067,-0.143495,-0.115476,-0.431392,0.852409
-0.608295,0.17768,0.450748,0.629652,0.0286786
-0.220571,0.200863,0.377626,0.871181,-0.110416
0.0220927,-0.399915,0.0743595,0.62022,0.668021
0.242962,0.239778,-0.0026268,0.838778,0.425981
-0.249404,-0.652718,0.142661,0.538125,0.452991
0.248903,0.0242431,0.218764,-0.262394,-0.907248
-0.332747,0.170498,0.441984,-0.791622,-0.194125
-0.412066,-0.0515282,0.0108484,0.909031,0.0522111
0.795666,0.00378724,-0.460888,-0.0284957,0.388868
0.585811,-0.12108,-0.506782,-0.507067,-0.358614
-0.618603,-0.356889,-0.333487,0.0393392,-0.616089
0.6479,-0.410718,0.391138,-0.153181,0.486716
0.429385,0.739254,0.311766,-0.263697,-0.319069
0.819562,0.0695789,-0.410953,-0.391647,0.029364
0.823175,0.385266,0.317529,0.10723,0.248746
-0.619041,0.194603,0.231525,0.503532,-0.523607
0.463725,0.713721,-0.342882,0.0596969,0.395484
0.075645,0.0416542,0.266703,-0.12883,0.951482
0.625099,0.125152,-0.520571,-0.497444,0.274593
0.0260381,-0.075914,-0.83988,0.419563,-0.331591
0.350845,-0.790945,0.438035,-0.0891363,-0.228161
-0.292055,0.129652,-0.877976,0.13731,-0.333299
0.0452582,0.892811,-0.361791,0.158059,-0.21042
0.769111,0.538263,0.318468,0.0825158,-0.102323
0.0431257,0.864015,-0.142213,0.475494,-0.00716034
0.638556,-0.192139,0.709844,0.0730016,-0.218873
-0.359833,-0.565227,-0.0481001,0.062416,-0.738571
0.482548,0.025904,0.397849,0.500627,0.598161
-0.512492,0.360225,0.0606995,-0.044084,0.777239
-0.316966,-0.840998,0.244003,0.0174408,0.363702
0.287019,-0.206566,0.035379,-0.846891,0.395701
-0.620842,0.369128,0.596368,0.217605,-0.278678
-0.237138,-0.445619,0.116558,0.570923,0.636291
-0.327592,-0.145336,0.872651,-0.240309,0.229655
0.591123,0.480448,0.051873,0.317917,-0.563714
-0.0964787,0.523295,-0.262151,0.246883,0.764927
-0.642199,-0.162686,-0.630442,-0.273697,0.295425
-0.357363,0.313517,0.478516,-0.277473,0.686308
0.0151153,0.539661,0.249861,0.782118,0.17952
-0.914291,0.303569,0.242022,-0.0848865,-0.0949866
-0.0644751,0.210597,0.516063,-0.639277,-0.52781
-0.0913001,-0.890347,0.330164,0.173108,0.246416
0.38726,-0.186426,-0.171417,-0.504761,-0.727956
0.232268,-0.20159,-0.568442,0.429452,-0.629483
-0.483583,0.765293,0.211767,0.221285,-0.298781
-0.88326,-0.0500894,-0.343031,-0.13291,-0.283089
-0.578461,0.0638916,0.757505,-0.134765,0.261736
-0.311292,0.46964,0.296801,-0.7256,0.268149
0.187799,-0.149833,-0.803867,-0.42494,0.339448
-0.0762293,0.595917,0.101208,-0.480438,-0.633767
-0.47063,0.644231,0.0116504,0.450269,-0.397882
0.463162,0.401134,0.465002,-0.249927,-0.58675
-0.474989,0.0514405,0.0775947,0.870042,0.0864731
-0.74691,-0.165841,0.337551,0.499459,0.219533
0.396384,-0.10206,0.709093,-0.515241,-0.249315
0.402574,-0.427105,-0.465055,0.250624,-0.618176
-0.0209761,-0.72342,0.434846,-0.0332573,0.534306
0.575439,-0.385084,-0.12405,0.331075,-0.629513
0.222305,0.260542,-0.0649057,-0.923802,-0.15717
0.568476,-0.0519416,-0.645494,-0.51195,0.0176742
0.33109,0.204593,-0.114956,0.767116,-0.498992
0.370715,0.686801,-0.37749,-0.208249,0.450848
0.0337858,-0.0301762,-0.833529,-0.54665,0.0751925
0.325144,0.638888,-0.258803,-0.611758,-0.205365
-0.566128,-0.313153,0.0612603,-0.274213,0.711
0.211559,-0.180774,0.246233,-0.150359,0.915529
-0.121114,0.529121,0.607896,0.491409,0.302568
0.493091,-0.33782,-0.370731,-0.422521,0.569547
-0.385684,0.145982,0.0331329,-0.701158,-0.582904
-0.693686,-0.297832,0.438285,-0.191519,0.448871
-0.690689,0.528045,0.403785,-0.286557,0.00179901
-0.599436,0.463259,-0.435408,-0.0480712,-0.483189
0.0854014,-0.84228,0.056641,0.0949871,0.522662
-0.621563,0.0142957,0.358206,0.616972,-0.321461
0.168214,0.580564,-0.303645,-0.732059,0.0866969
0.20902,-0.370253,0.649902,-0.0525979,0.628188
-0.111218,-0.438682,-0.334077,-0.437933,-0.701101
0.0376852,0.247311,0.178322,-0.800303,-0.514011
-0.655578,0.256927,-0.46393,-0.517053,-0.150696
-0.0726139,0.504137,0.314285,0.316044,-0.736348
0.14142,0.182622,0.831081,0.351851,-0.367543
-0.635481,-0.136914,-0.17381,-0.424464,-0.606475
0.191997,-0.16055,-0.0331313,0.238718,0.938674
-0.477843,-0.583741,-0.25749,0.553491,-0.240072
0.04674,0.660521,-0.391462,-0.474605,-0.430618
-0.659781,-0.166751,-0.338763,0.41163,0.504171
-0.146462,-0.632017,-0.165726,0.664257,0.330864
0.406072,0.0823057,-0.538113,0.370412,0.633765
-0.397017,-0.580657,0.0234572,0.557908,-0.441347
-0.59054,0.120547,-0.00486792,0.798714,0.0254584
0.122341,0.281236,-0.314493,0.180713,-0.880361
-0.75498,-0.171539,0.555056,-0.292966,-0.0892011
0.109096,-0.484266,0.706206,-0.0422983,0.506499
0.189324,-0.264539,0.00931347,0.595234,0.734441
-0.15469,0.076401,-0.66043,-0.729832,0.0223246
0.280624,0.0199227,-0.566468,0.767909,-0.105437
-0.125466,0.52588,-0.235914,0.804461,-0.0784866
-0.176482,0.0678972,-0.119146,-0.519735,0.82423
0.505362,0.64764,-0.309949,0.424538,-0.221432
0.544153,-0.358458,0.397938,-0.369628,-0.532033
0.622344,0.103659,-0.367092,0.277883,0.625003
0.493855,-0.265732,-0.640067,0.348985,-0.395298
-0.968394,0.196793,-0.0512726,-0.138452,0.0288175
0.0310532,-0.792112,0.0779299,-0.292797,-0.526958
-0.541671,-0.726158,0.0904374,-0.371286,-0.192107
0.0829519,0.646467,0.00877156,-0.488764,-0.578719
0.672742,0.695219,0.0562681,0.168882,0.180052
-0.250409,0.269186,-0.0810713,0.817034,0.438537
-0.31776,-0.700506,0.419442,-0.482527,-0.0144793
0.61182,-0.526734,0.0651452,-0.582848,-0.00356312
0.361543,-0.615169,-0.0495846,0.211386,-0.666982
0.20077,-0.280601,-0.0956601,-0.0443178,-0.931911
-0.412553,-0.10315,-0.596731,-0.664422,0.152897
0.139311,0.430343,0.865512,-0.210124,-0.00439379
-0.476203,-0.501629,0.415868,-0.471222,0.353428
-0.12446,-0.884832,-0.0319347,-0.343093,0.286119
0.00233091,0.869896,0.032888,-0.159544,-0.466161
-0.613493,-0.161712,-0.0697217,-0.770435,-0.0472376
-0.498356,-0.583892,-0.296938,0.0475279,0.565274
-0.0669162,0.754745,0.286435,0.313976,-0.494976
-0.476598,-0.521784,0.0971869,0.696909,0.0468328
-0.598136,0.198267,-0.010146,-0.295717,0.717856
-0.41948,-0.868424,0.186337,-0.0720936,-0.173855
-0.0485355,-0.183626,-0.136794,-0.958771,-0.157853
-0.184949,0.0182312,-0.00684043,-0.842031,0.504763
-0.404659,0.0365777,0.316009,-0.434547,0.739546
-0.619894,-0.372538,0.197963,0.122634,0.652856
-0.201837,-0.0915506,0.106834,0.0306715,-0.968618
0.657154,0.061046,0.676098,0.172086,-0.275134
-0.736332,0.50043,-0.414711,-0.182539,0.0483398
0.161631,-0.132315,-0.0383714,-0.956919,0.201472
0.788972,-0.49544,-0.0747954,0.285411,-0.216016
0.704887,-0.342721,-0.377531,0.469069,0.152361
-0.222321,-0.391162,-0.180978,0.602116,-0.631803
-0.317058,-0.18182,0.272628,0.67335,-0.585943
0.334238,0.390282,0.0211954,-0.755402,0.403495
-0.692053,-0.187792,-0.108944,-0.592595,0.352103
0.5888,-0.0917186,0.227374,-0.552383,-0.535847
-0.0361126,-0.550485,0.17862,0.0339546,0.813624
-0.220851,-0.547901,0.267105,-0.669342,-0.361791
-0.675636,0.0920707,0.322753,-0.00753175,-0.655789
-0.323012,0.133403,0.0785904,-0.0998713,0.929626
-0.363474,-0.636057,-0.453165,-0.204863,-0.467553
-0.534149,-0.470363,0.176744,0.413187,0.540476
-0.777612,-0.563827,-0.0595942,0.0809229,0.255941
-0.0981162,0.64596,-0.0376126,-0.463067,0.598519
0.22018,-0.235859,-0.512231,-0.21784,0.767127
-0.512987,0.289493,-0.641522,-0.406529,0.273283
0.324653,0.780863,0.442273,-0.0228945,0.299376
-0.34902,-0.0697374,0.34972,0.490751,-0.716352
-0.512349,0.119443,0.580621,0.584596,-0.218663
-0.0636152,0.885264,-0.0205138,0.385225,-0.248771
0.315175,0.776946,-0.160626,0.209018,-0.477772
-0.650954,-0.0940488,0.0484988,-0.367692,0.655507
-0.197818,0.703186,0.617319,0.111433,0.272509
-0.641488,0.00904912,0.440995,-0.550419,0.300831
0.522482,-0.0158637,0.118732,-0.133382,0.83667
-0.348459,0.245241,0.689646,0.177566,-0.558114
-0.187824,0.493684,-0.177578,0.692633,0.457984
-0.0723444,0.783419,-0.0630203,-0.0870507,-0.604257
-0.200073,0.0916341,0.25547,-0.624572,-0.704544
-0.316149,0.518421,0.241134,-0.704388,0.276232
0.16237,-0.731285,-0.120938,0.56027,-0.329752
0.552495,-0.251301,-0.24103,0.732578,0.193555
0.198753,-0.846664,-0.313135,-0.358646,0.123241
-0.350387,0.0816603,-0.75365,0.141499,-0.52775
-0.115995,-0.576061,-0.41851,-0.35349,0.595056
0.863632,-0.396195,-0.17388,-0.00549894,-0.256749
0.567165,-0.342828,-0.362953,-0.417109,-0.503042
-0.611295,-0.299763,-0.267073,0.0882699,0.676297
0.210263,-0.771503,-0.0612159,-0.102721,-0.588581
-0.083609,-0.577267,0.26307,0.473595,0.602658
0.552936,-0.575206,0.11001,0.0247434,-0.593219
-0.590217,0.108889,0.725274,-0.324515,0.0959668
-0.17469,-0.322837,-0.745956,0.387388,-0.398022
0.838404,0.297337,-0.238947,-0.131606,-0.366865
0.637092,-0.00585822,-0.0421326,0.675838,-0.367846
0.510667,-0.28656,0.773683,0.00189083,-0.238448
0.0664342,0.756533,-0.0123398,0.635205,-0.127509
0.315904,0.715573,-0.32818,0.340518,-0.404895
0.0266943,-0.590691,-0.496914,0.144547,-0.621878
-0.797324,-0.153097,-0.0130549,0.580546,0.0577417
0.703808,-0.129334,-0.00273183,-0.685368,-0.123758
0.304963,-0.534909,0.685585,0.201963,-0.335765
-0.159952,-0.104554,-0.502547,0.339967,0.771843
0.125869,-0.201563,-0.699223,0.62144,-0.258227
-0.773591,0.161141,-0.252525,0.319252,0.4576
-0.0247787,-0.257745,-0.141111,-0.856679,-0.423437
0.082246,0.618732,0.559333,-0.241159,-0.490978
-0.291494,0.77201,0.134148,-0.552552,0.00537643
0.0257328,0.0207483,-0.546447,-0.590101,0.594292
-0.52455,0.500572,-0.0428877,0.169114,-0.66869
-0.0101929,0.227874,-0.869463,-0.0131617,-0.439583
-0.347505,-0.0841656,0.801934,-0.308775,-0.363393
0.873435,-0.129209,-0.420315,-0.0761377,0.195297
0.399016,-0.600533,0.223876,-0.562426,0.332871
0.228017,-0.241459,-0.547288,0.0898534,-0.763412
0.253707,0.726115,0.561779,-0.292265,-0.0851651
0.395617,-0.260153,0.781853,0.402357,0.0639934
-0.43997,0.557301,-0.173518,0.639608,0.242667
0.0438202,0.1347,-0.868645,0.472761,-0.0410257
-0.124448,0.182799,-0.530761,0.470438,0.67104
0.853919,-0.225228,0.0622028,0.338844,0.312572
-0.641531,-0.000777919,-0.676878,-0.148572,0.331485
0.00910088,-0.0632194,0.818162,0.555773,0.129646
0.392918,0.733816,0.515354,-0.107326,0.171919
0.0881,0.737872,0.312345,0.179401,0.56405
-0.34261,-0.0676353,0.271612,0.848581,0.293621
0.437451,-0.229052,0.858028,0.100024,-0.0862601
0.43709,-0.338144,-0.0172708,0.798976,-0.238083
0.00450863,-0.645527,0.00745611,-0.635514,0.422199
0.533663,-0.350328,-0.326716,-0.431126,-0.548413
0.843633,0.0737317,-0.142765,-0.512604,0.00500801
-0.0196777,0.275539,-0.892157,-0.0181943,0.358261
-0.254081,0.640217,-0.502867,0.273213,0.447234
-0.41987,-0.0553831,0.89841,-0.0137203,0.115121
0.0394032,0.340707,-0.0408614,0.313914,0.884998
-0.0910539,0.478578,-0.646788,0.161342,0.562472
-0.548182,-0.605241,-0.175658,0.229531,-0.50535
0.246678,-0.361391,-0.497074,-0.634185,-0.400103
0.572426,-0.100719,0.294624,0.745114,-0.141381
-0.876905,-0.125013,0.2733,0.141353,-0.342197
0.863015,-0.0241687,0.250647,0.146306,0.416732
-0.273549,0.167283,-0.567164,-0.332589,0.680731
-0.787436,-0.0572504,-0.00351411,-0.171448,0.591277
0.224034,0.428618,-0.260822,0.829733,0.101085
0.107384,-0.609839,0.238415,-0.736077,0.139803
-0.109147,0.205053,-0.542,0.482386,0.645462
-0.49706,0.29285,-0.241773,0.531002,-0.57434
0.782298,0.12507,-0.285094,0.0907267,-0.530685
0.733928,0.518713,0.0179168,-0.422324,0.123301
0.910339,0.14762,0.0404979,0.0511096,-0.380179
0.473661,-0.167986,-0.728333,-0.425442,-0.19403
-0.668331,-0.104023,0.389946,-0.357389,0.514451
0.360833,0.410796,-0.165004,-0.590133,0.567141
-0.0218636,-0.0127261,0.88149,-0.342783,-0.321096
-0.44148,-0.057574,-0.236314,-0.819886,0.273288
0.711281,0.125113,0.215143,-0.252454,-0.609412
0.632418,0.30535,0.11398,-0.214046,0.667067
0.128209,0.50047,-0.509611,0.682496,0.0833629
0.84559,0.124816,0.3217,-0.402809,0.0657087
0.0520412,-0.581711,0.29529,0.733586,-0.179148
-0.112112,-0.450565,-0.287826,-0.765625,0.33878
0.187419,-0.861566,0.304919,-0.184411,-0.301415
-0.681678,0.0654749,-0.0607433,0.437726,0.581268
0.0977645,-0.309165,-0.328883,0.335462,-0.821347
0.736828,-0.179678,0.308245,0.571447,-0.0650308
0.881309,0.175677,0.242536,-0.287894,-0.227076
-0.72312,0.226148,-0.351178,0.388913,0.389676
0.297089,-0.27709,0.761682,0.499341,-0.0723092
-0.104423,0.696799,0.013257,0.280891,-0.651032
-0.732471,-0.351633,-0.184968,-0.243909,0.497867
0.598476,-0.34617,0.145181,0.448119,0.549287
-0.676911,0.428163,0.559567,-0.21078,0.00533451
-0.74333,0.607309,0.109083,0.259144,0.0204046
0.321444,-0.23749,0.506277,-0.662685,-0.377646
0.377658,-0.0587161,-0.576613,0.46079,-0.552046
0.567855,0.474693,0.456159,-0.434459,-0.234806
0.105336,0.656082,-0.558994,-0.0653243,0.488553
-0.0123324,0.290362,-0.186749,-0.890937,0.292333
0.379818,0.801064,0.367315,0.232175,0.149406
-0.44207,0.116587,-0.757615,0.174233,-0.432789
-0.262406,0.839575,0.355963,0.292229,0.111822
-0.195424,0.633096,0.169817,0.729003,0.0103148
-0.79184,0.372957,0.418958,0.093109,-0.220129
-0.138372,0.760623,-0.328251,-0.542392,-0.0160137
-0.585297,0.616446,0.0328172,0.379413,-0.366899
0.373703,0.276473,0.42143,0.53901,0.561597
-0.123095,-0.606022,0.189715,-0.342873,-0.679933
-0.13341,-0.170776,0.877641,0.35918,-0.233417
-0.406997,-0.39832,0.449218,-0.513075,-0.45812
0.673977,-0.117038,0.252366,-0.429435,0.536343
0.597966,0.152023,0.0827126,0.281052,-0.729781
0.18584,0.345984,-0.242552,-0.839847,0.287822
0.637424,0.37292,-0.607168,-0.21503,0.199749
0.131734,-0.848608,-0.475126,-0.179888,-0.046232
-0.46322,0.419891,0.15605,-0.15733,-0.750153
-0.563507,0.669952,-0.4303,-0.218881,0.048533
0.277942,-0.412918,0.156517,-0.549297,-0.651025
0.0540387,0.27513,-0.93864,0.132389,-0.16461
-0.365261,0.493067,0.134167,0.755945,0.186402
0.738486,0.0670342,-0.325989,-0.484234,0.329031
0.186956,-0.437242,0.130762,-0.39298,-0.777142
-0.586389,-0.0997483,0.342406,-0.625059,0.373307
0.262905,-0.587245,-0.489601,0.556558,0.191301
0.524502,0.151286,-0.342029,0.595734,0.483687
-0.210571,0.838015,0.250091,-0.24391,0.366167
0.509602,-0.767906,-0.0843623,0.000128261,0.379522
0.233758,0.295577,-0.770622,0.260328,0.442217
-0.707104,0.316269,-0.185604,0.323551,-0.515137
-0.304951,0.209363,0.648459,0.48519,0.453036
0.553403,-0.447786,-0.111459,0.0460349,0.692885
-0.537408,-0.0291259,-0.331625,-0.037724,-0.773201
-0.363935,-0.0446291,0.0324129,0.757888,0.536522
0.246476,0.715821,0.265002,-0.048042,0.594827
-0.866629,-0.142526,-0.1971,-0.169688,0.406378
0.894236,0.209346,0.327381,-0.0709266,-0.210447
-0.529546,0.308675,-0.411676,-0.29346,-0.608387
0.237811,-0.359857,0.11318,0.422189,-0.790786
0.195694,-0.168617,0.778916,-0.405812,0.400034
0.0961327,-0.287668,0.853138,-0.415813,0.0736986
0.498434,0.0825473,-0.221755,-0.705349,0.437334
-0.617754,-0.760062,-0.0985366,0.102472,0.135892
0.249866,0.420138,-0.047489,-0.640738,0.591392
-0.447597,0.572785,-0.141001,0.432761,-0.512199
-0.098072,-0.196063,-0.0485474,-0.180064,0.957933
-0.726383,-0.135759,-0.00923429,0.653911,-0.159944
0.261604,0.556726,-0.205435,0.655948,0.384696
0.470916,0.188654,-0.0919616,0.174684,-0.840444
0.423792,0.173635,-0.00216836,-0.812748,-0.355124
0.217525,-0.837353,0.301769,0.153932,-0.376178
-0.433811,-0.184656,0.0345791,0.524103,-0.710406
0.132979,0.0768454,0.0575842,0.902723,-0.395204
0.0793052,0.187858,0.961626,-0.171904,-0.0432797
-0.0201886,0.288309,-0.812457,-0.0133841,0.508373
0.101585,-0.294114,-0.0783696,-0.802042,-0.503809
-0.0101245,-0.648782,-0.463813,-0.202955,-0.570336
-0.395035,0.162919,-0.230304,-0.637053,-0.598353
-0.193254,0.917558,-0.0340244,0.293072,0.179975
0.0456566,-0.0879418,-0.372164,-0.745724,0.542329
0.26223,0.822548,0.0623903,-0.333388,0.375954
0.212673,-0.400876,-0.216233,0.494482,-0.709648
-0.239036,-0.264797,0.531518,0.169798,-0.749375
-0.226571,-0.824827,-0.0238485,0.165587,0.490623
0.332712,-0.349073,0.466483,-0.740791,-0.00625695
0.178217,0.147367,-0.287764,-0.608883,-0.703222
-0.421651,-0.118749,0.693654,0.3504,0.45261
0.764871,0.154237,0.562023,0.208341,0.181945
-0.878626,-0.131103,0.306439,-0.285107,-0.181647
-0.0370659,-0.103603,-0.986196,-0.101236,0.0708422
0.371746,-0.109852,-0.33862,0.652503,0.555177
-0.20722,0.639036,0.237504,-0.676127,0.194083
0.392117,-0.433097,-0.234439,0.296713,0.718094
0.540981,-0.0923522,-0.68539,0.166318,0.445919
0.0417362,-0.551021,0.666298,-0.190434,-0.46333
-0.323998,0.489835,0.125836,0.154765,-0.784254
-0.296073,0.169468,0.867156,-0.133542,0.337774
0.0784517,0.144768,0.259234,-0.820665,-0.482789
-0.570753,0.508887,0.566546,0.0143001,0.309468
0.249428,-0.780177,0.479745,-0.223626,0.22142
0.387115,0.00473977,-0.499644,-0.691037,-0.353344
0.553457,-0.348384,-0.519302,0.461843,-0.300663
-0.269306,-0.115553,-0.390861,0.112083,0.865336
-0.0328677,0.605831,-0.134987,-0.0994017,-0.778448
0.137889,-0.119209,-0.308387,-0.527098,0.772629
-0.0410383,-0.133552,-0.805658,-0.154183,-0.556799
0.187367,0.125251,0.67841,0.694653,-0.0638526
0.121126,0.370303,0.698188,0.444488,0.402454
-0.448521,0.697436,-0.538806,0.150736,0.0576482
-0.0915445,-0.371521,0.32892,-0.372556,0.780509
0.251729,0.350144,-0.0307243,-0.658495,-0.615885
-0.163418,-0.482989,-0.14085,0.196603,0.825253
0.4088,0.290654,-0.776078,-0.0906867,0.36904
0.258845,0.296812,0.348956,-0.727296,0.439605
0.132281,-0.358259,0.171298,0.610039,0.670467
0.232424,-0.111435,-0.480252,0.780461,-0.309907
-0.140702,0.620274,0.186242,0.364767,-0.655866
0.822818,0.226417,-0.515058,0.0210742,-0.072112
0.413525,-0.643295,0.192287,0.066941,-0.613857
0.513481,-0.693409,-0.0570454,0.47704,-0.167125
-0.470719,0.565261,-0.242288,0.417396,-0.475051
-0.00670896,0.00527717,-0.320224,-0.534769,0.779217
0.939949,0.257675,-0.046685,0.0840546,0.199138
0.71731,0.653714,0.240412,-0.0333209,0.014914
-0.519641,0.562664,0.0614152,0.27863,0.5741
-0.220737,-0.661357,-0.664721,0.262362,0.0604359
-0.293434,0.761169,-0.185484,0.156417,0.524695
0.179547,-0.931339,-0.0800808,-0.138824,0.275158
-0.361814,0.038395,0.0906907,-0.469306,-0.798583
-0.662091,-0.363642,0.162266,0.581639,0.257816
-0.586615,0.187137,0.713722,-0.308638,0.110313
-0.271576,0.198503,-0.779981,-0.514261,-0.120126
0.360167,-0.179823,0.231186,-0.654645,-0.596475
-0.291553,0.617473,0.401409,0.59265,0.149511
0.277187,0.0674627,0.833025,-0.470055,0.0706347
0.541568,0.0107008,0.627867,-0.441596,-0.341299
-0.313427,-0.0706768,-0.510596,0.621218,-0.503334
0.555393,0.620113,-0.391007,-0.233548,0.317735
-0.338757,-0.0431488,-0.530462,0.718153,0.29644
0.817667,0.274273,-0.0636982,-0.138571,0.482886
-0.357224,0.689904,0.424882,0.446435,-0.115052
-0.614132,-0.2228,0.656482,-0.038637,0.374082
-0.175845,-0.0467884,0.185094,0.156707,-0.954816
-0.17513,0.588799,-0.0419828,0.0973505,0.781131
0.304079,-0.238383,0.413121,0.446802,-0.693009
-0.103832,0.133439,0.435221,0.862085,0.202514
0.449626,-0.0168723,-0.0938404,0.809834,0.363059
0.353653,-0.505439,0.144739,-0.772341,0.0114505
-0.344177,0.163042,-0.47384,0.275207,0.746167
-0.0213985,-0.497387,-0.229812,-0.45416,0.699148
-0.729154,-0.320315,0.0625922,-0.112127,0.592897
-0.443899,0.491079,0.478589,-0.5031,-0.282406
-0.70282,-0.541146,-0.355099,0.285912,-0.0617871
-0.131762,0.551744,-0.462101,-0.596625,-0.326662
-0.1316,0.915312,-0.1004,-0.156699,-0.332577
-0.573239,0.4449,0.332672,0.536881,0.274674
-0.548122,-0.197816,0.184832,-0.687801,0.387009
-0.564082,-0.0644269,-0.360815,-0.717454,-0.163487
0.371859,-0.632962,0.506785,0.454458,0.00289419
0.222274,0.660716,0.532288,-0.393937,-0.270139
0.774432,0.216742,-0.136348,-0.300181,0.497208
-0.28697,-0.161224,-0.898765,-0.142157,0.247002
0.32626,0.346702,-0.760009,-0.170359,-0.408324
0.240086,0.428835,-0.796514,0.130758,0.322968
-0.192202,0.675932,-0.0864671,0.704085,-0.0494154
0.00461589,0.980438,-0.164292,-0.084756,-0.0400583
-0.386648,0.391703,0.301745,-0.570105,-0.533734
-0.403457,0.598313,-0.333954,-0.573202,-0.190319
-0.71081,-0.308991,0.360561,-0.455498,0.251001
0.30211,-0.762113,0.23372,-0.40242,-0.3276
0.893463,0.028405,0.322912,-0.238645,0.196411
-0.579932,-0.386516,-0.519893,0.487492,0.0620857
0.468583,0.733819,0.173306,-0.0961456,-0.449369
-0.157869,-0.456292,-0.791487,0.129981,0.355181
0.0831023,0.827805,-0.155541,-0.471325,-0.248647
0.381584,0.327093,0.497027,-0.408279,-0.576036
-0.481697,-0.230532,0.427403,0.120504,0.719952
-0.0591672,-0.542666,-0.486727,0.410082,-0.547279
-0.441241,-0.0798306,0.71375,0.313754,0.439293
-0.00972883,-0.594392,0.178884,-0.603565,-0.499475
0.465243,-0.16023,-0.680832,0.526476,-0.146142
0.364424,0.405749,0.00389446,-0.812857,0.203961
0.546469,-0.174543,0.30976,0.600162,0.464374
-0.160591,0.49038,0.393716,-0.75984,0.0136662
-0.139924,-0.944913,-0.123922,0.27169,0.00106828
-0.450376,-0.0827033,0.233525,0.824536,0.241324
0.266552,-0.430965,0.76497,0.342717,-0.207311
-0.100346,-0.143552,-0.0935326,-0.418801,-0.887109
-0.234374,-0.359454,-0.515699,-0.679451,-0.303474
-0.255477,-0.283459,-0.695502,0.312881,0.521699
0.838488,0.172853,0.166087,-0.351889,-0.338614
0.186325,-0.226582,-0.405522,0.781168,0.369826
-0.534716,-0.608693,-0.310586,0.129393,-0.479166
-0.292559,0.557418,-0.319937,0.548693,0.44834
-0.38342,0.0176115,0.554859,-0.702111,0.226886
-0.25815,0.433228,0.719422,0.327435,0.353225
0.140514,0.149532,-0.774388,0.552027,-0.23292
-0.0393973,-0.891425,0.0390888,-0.189895,-0.410746
-0.127738,0.600848,-0.00842462,-0.695161,0.369322
-0.166111,-0.674107,-0.0772294,0.39177,0.59708
-0.123965,0.198532,0.370039,0.613492,0.656196
0.623479,-0.473374,-0.40293,0.112382,0.461445
-0.241855,0.495997,-0.365787,-0.0336302,0.749097
-0.63815,0.511721,-0.545695,0.090313,-0.151806
0.438471,-0.402049,0.0717564,-0.625175,-0.500827
-0.070726,-0.265684,-0.215553,-0.45057,0.821567
-0.647955,-0.521302,-0.522941,0.0979128,0.153324
0.0202525,-0.640125,-0.10262,-0.0124136,-0.761081
-0.0695435,0.919038,-0.382844,-0.0322913,-0.0486998
0.608028,-0.143285,-0.00764518,0.75672,-0.198214
-0.396481,0.0367628,-0.518389,0.714528,0.249905
0.479549,0.275164,0.0460803,-0.464764,0.690874
0.323174,0.025561,0.750259,-0.42606,-0.390529
-0.0959535,-0.740899,-0.172411,-0.307585,0.566808
0.517045,-0.0980053,0.531975,-0.646795,-0.134363
-0.376118,0.0461826,-0.667456,0.246558,-0.591701
0.663938,-0.329905,0.508086,0.433908,-0.0758044
-0.0955701,-0.265577,-0.437785,0.529444,0.665949
0.261697,-0.697763,-0.230083,-0.624404,0.0412472
0.819676,0.0465482,0.53017,-0.113098,0.170681
-0.38041,-0.126165,-0.0666418,-0.143738,0.903936
-0.287055,-0.314613,-0.441688,0.739711,-0.27657
-0.452395,0.622994,-0.156687,-0.272762,-0.55634
0.448304,0.553496,0.577084,-0.31166,0.24844
-0.250705,0.513736,0.307903,0.284736,0.705901
-0.518141,0.0860983,-0.473532,0.541993,0.457596
0.337283,0.163628,-0.817414,-0.267932,0.342967
0.291463,0.141696,0.558257,-0.53287,-0.54679
0.150433,0.632635,0.263541,0.215583,0.681461
0.738256,0.521516,-0.379222,-0.0192475,-0.196304
-0.580552,0.174776,-0.120518,0.0939495,0.780466
0.620669,0.713724,-0.21039,0.0106729,0.233705
-0.397278,0.147005,0.434914,0.766144,0.200677
0.263108,0.38038,0.347353,0.295341,0.759093
0.145468,0.152523,0.0665284,0.397582,0.890232
-0.088954,0.818286,-0.364606,-0.292748,0.320474
-0.383701,0.222868,-0.541402,0.287315,-0.653047
-0.450433,-0.133452,0.628059,0.61173,0.0842048
0.52321,0.444596,-0.218514,-0.621852,-0.307038
-0.00228862,0.0626789,0.413328,0.7565,0.504867
0.182577,-0.71003,-0.420117,0.531233,0.0300363
0.0453863,-0.216755,-0.217506,0.092663,0.945891
-0.480255,0.664803,0.429703,-0.298732,0.223318
0.722398,0.223309,0.313474,-0.209349,0.534921
0.158014,-0.307035,-0.802082,-0.339227,0.352482
-0.136429,0.728577,0.485881,0.302564,-0.349223
-0.587992,0.172758,-0.30453,0.686532,0.24779
-0.674666,0.72118,0.136127,-0.0775762,0.00197682
0.667051,0.0675098,0.0153857,-0.30617,0.674655
0.480339,-0.497496,-0.112479,0.688323,0.185739
0.19319,-0.089367,-0.186668,-0.897679,-0.339986
0.216742,0.49106,-0.509063,0.611476,0.279543
0.374414,0.744998,0.307058,0.365329,-0.279096
0.544586,0.205337,-0.127584,-0.799891,0.0700713
0.504335,-0.18743,0.144239,-0.346466,0.755725
0.0276319,0.741182,0.0063777,0.459003,-0.485189
0.884288,0.324522,-0.173377,0.28266,-0.0457644
0.423156,-0.705067,-0.522725,0.0914289,0.210427
0.805948,0.127307,0.277884,-0.469981,-0.194209
0.427162,0.449396,0.381337,0.0667578,0.682781
-0.616575,-0.58259,-0.454074,-0.140087,-0.232789
-0.565504,0.412347,0.645417,-0.197283,0.234399
0.233635,0.491796,0.477003,0.521454,-0.446941
-0.392186,0.141511,-0.807865,0.384562,0.156333
-0.202737,-0.70259,0.0903696,-0.291844,0.610535
0.434377,-0.11767,0.248106,-0.20763,0.830902
0.187498,-0.0242087,0.196385,-0.639693,-0.717771
-0.573977,0.403103,-0.449309,0.247223,0.493612
0.255966,-0.782121,-0.288513,-0.00342878,-0.488486
0.769474,0.618828,0.0384906,-0.122666,0.091165
-0.902178,0.102831,0.161646,-0.167957,0.345235
0.3137,0.400778,-0.682389,0.455099,-0.262988
-0.700052,0.0997675,-0.482846,0.455273,-0.248577
-0.686094,-0.158807,-0.571751,-0.149592,-0.396682
0.381093,0.218895,-0.287557,0.773149,-0.356101
-0.680112,-0.510668,-0.386297,-0.0939869,-0.349875
0.265959,-0.149775,-0.00707328,-0.401585,-0.862984
-0.362589,0.668985,0.606726,-0.0919583,-0.205186
-0.430704,-0.737997,0.0938467,-0.404569,-0.313968
-0.357191,0.0279184,0.485096,-0.738985,0.303966
-0.701747,0.326356,0.557603,0.0242852,0.30287
0.154117,0.423355,-0.492559,0.126074,0.734494
0.372732,0.279919,0.163957,-0.130435,-0.858817
-0.653941,0.146849,-0.225295,-0.389788,0.591884
-0.3702,0.714554,-0.44073,0.355724,0.174659
-0.0907524,-0.309797,-0.414428,-0.753702,-0.395502
-0.261943,-0.257521,0.0287597,-0.820611,0.433032
-0.247433,-0.134194,-0.242125,-0.263167,0.891001
0.0255616,0.0365959,-0.35119,0.570062,0.73963
0.402259,-0.68156,0.472978,-0.0427951,-0.38459
-0.174884,-0.102073,-0.0200495,0.39798,-0.893778
-0.170128,0.116286,-0.348336,-0.913087,-0.015751
0.0707329,-0.234167,0.860419,-0.437495,0.0894526
0.311992,0.0447805,-0.557914,0.124229,0.756195
0.833713,-0.428454,0.0830126,0.141603,0.307854
0.532128,0.621497,-0.477033,0.314293,0.0848393
0.219271,-0.816453,-0.253913,-0.429237,0.196807
-0.640992,-0.0337016,0.245953,0.637252,-0.349578
-0.579395,-0.447574,-0.215928,-0.643601,-0.0370893
-0.0249766,-0.458398,0.0321756,-0.0649108,-0.884929
0.107095,-0.252712,-0.940135,0.0547863,0.196928
-0.278106,0.346153,0.535354,0.25646,0.671292
-0.544264,-0.726633,0.166558,-0.311984,0.219714
-0.049888,-0.537319,-0.23867,-0.586642,-0.552889
0.298787,0.361811,-0.028962,-0.175751,0.864436
0.547305,-0.689127,-0.379074,-0.100982,0.265725
-0.111582,-0.63448,0.556455,-0.473439,0.226379
0.209853,-0.308818,0.435283,0.794974,-0.195397
-0.058143,-0.295197,0.931488,0.19948,0.0147114
0.345193,-0.691228,0.482342,-0.349425,-0.21837
-0.291594,0.393628,0.802952,-0.252075,0.228606
-0.10084,0.355367,0.11202,-0.409096,0.826645
-0.2339,0.0135756,-0.728109,0.561783,0.311874
-0.703391,-0.180913,-0.0406376,-0.67894,-0.0784441
-0.00943835,0.31084,-0.821477,-0.481607,-0.0118505
0.532024,0.335234,0.678145,0.374529,-0.0702047
-0.527361,-0.44299,-0.165211,0.654,-0.268053
-0.0336545,-0.154032,0.406573,-0.487423,-0.756033
-0.387819,0.209637,-0.16056,0.880527,-0.0740439
-0.466178,0.22275,0.569088,-0.497886,-0.398708
-0.241476,0.747419,-0.0691822,0.124616,0.603516
0.0491559,0.202885,0.176452,0.960377,0.00978551
-0.00236544,0.329873,-0.0659504,-0.736109,0.586015
0.26027,-0.679868,0.571986,0.0970238,-0.365177
-0.488472,0.101748,-0.825824,-0.0933277,0.246911
0.266793,0.786555,0.063295,-0.437952,0.336049
-0.514082,-0.0591541,0.13218,-0.429142,-0.729599
0.535597,-0.257796,-0.42973,0.0528806,0.676833
-0.858658,0.0320889,-0.177864,-0.474925,0.0801514
0.75114,-0.581824,-0.102189,0.092004,-0.28023
-0.517339,-0.808425,-0.164917,-0.0512904,0.220901
-0.199717,-0.786197,0.53045,0.223781,0.0948156
-0.13876,0.597294,-0.651166,-0.439199,0.0932155
-0.833388,0.490922,0.143906,-0.203512,0.0382337
-0.390503,0.20883,-0.609918,0.0208228,0.656001
0.200889,-0.398422,-0.383333,-0.807489,0.0124808
0.779871,0.418362,-0.448541,-0.0969758,0.0836172
-0.742171,-0.0233872,0.253988,-0.414158,-0.457888
0.63174,0.531619,-0.548301,0.025277,-0.123833
-0.435886,0.833017,-0.17902,0.290111,0.0161742
0.177536,0.408137,-0.775737,0.38387,-0.227968
0.760442,-0.271895,0.193932,-0.236992,0.500859
0.611651,-0.754418,-0.0151594,-0.0226368,0.239698
-0.412407,-0.631134,-0.167855,-0.571545,-0.27506
-0.530952,0.504286,0.337494,0.489454,-0.330347
0.245263,0.842864,-0.314699,0.19151,0.306178
-0.284337,0.0286021,0.633112,-0.239078,0.677595
-0.547125,0.741229,0.340611,-0.0970023,-0.160982
-0.435869,0.411639,-0.0390722,0.47771,0.640422
0.257552,0.875139,-0.214685,0.0227861,0.351411
0.2466,0.403756,-0.72432,0.00541931,-0.499184
-0.207597,0.555009,-0.499255,0.470834,0.417544
0.650881,0.738124,0.159017,0.0819192,0.0179465
0.121183,-0.128136,-0.0292199,-0.366132,-0.912513
-0.654659,0.365403,0.125393,-0.215166,0.614985
-0.725998,-0.00605145,0.212247,-0.0471616,0.654956
-0.170315,-0.499253,0.45069,-0.530612,-0.486128
0.0237583,-0.464938,-0.834185,-0.272368,0.105035
0.185445,-0.800588,0.261771,0.335198,-0.377798
0.478521,-0.60531,-0.0499651,0.632096,0.0461769
-0.57919,-0.056345,0.225876,-0.59313,0.51004
0.728195,0.0858581,0.419557,-0.305465,0.439291
-0.062049,0.603265,-0.235255,0.16045,-0.742163
0.513104,0.728215,0.231235,-0.0413135,-0.387963
-0.775308,0.235069,0.00701307,-0.360919,0.46172
0.0304047,-0.137017,-0.337513,-0.925981,0.102236
0.0684053,0.895875,-0.224688,0.364794,0.101175
-0.285359,-0.352736,0.367649,-0.805622,-0.0982172
0.461218,-0.0563643,-0.55466,-0.681051,-0.116861
-0.208814,0.194579,-0.269992,0.570484,0.721781
0.0888534,0.405911,0.853664,-0.303164,-0.063874
-0.271684,0.0139072,-0.950298,0.0480276,-0.137002
0.391679,-0.0542677,0.616639,0.441147,0.518423
0.142718,-0.0679602,-0.791465,0.556035,-0.196454
0.0169034,-0.358485,0.286535,0.88437,0.102986
-0.865875,0.109796,0.369673,0.218604,-0.23902
0.47348,0.213478,-0.234386,-0.803625,-0.176409
-0.441277,-0.236049,0.740816,-0.178217,-0.413331
0.17361,-0.25549,-0.643856,-0.0270495,-0.699258
-0.235863,-0.0545739,-0.709624,0.27995,0.600124
0.582225,-0.0766233,0.629376,-0.50041,0.0954864
0.563672,-0.308304,0.39973,-0.340804,-0.555044
0.330923,0.254435,0.632461,0.154744,0.63241
-0.368171,0.755451,-0.437421,-0.045695,-0.319231
0.385567,-0.755971,0.2557,0.205109,-0.415354
-0.701577,-0.287606,0.106643,0.439815,0.468997
-0.548446,-0.236489,-0.226862,0.602205,-0.477904
-0.0920976,0.719238,0.271672,-0.573623,-0.266436
0.255572,-0.330439,0.527216,-0.632286,-0.388015
-0.856615,0.299387,0.242901,0.152558,0.304848
0.0257622,0.471459,0.545542,-0.261214,0.639212
-0.239946,-0.561197,-0.0815199,0.787738,0.0731654
-0.780898,-0.24414,-0.440077,-0.0861371,0.354912
-0.0705035,-0.312796,0.00551637,0.677316,-0.659754
0.485656,0.546399,-0.310126,-0.6046,0.0673184
0.123705,0.70047,-0.287995,0.642065,-0.0165454
-0.462932,-0.595338,-0.124549,0.441132,0.471168
-0.253693,0.00343227,-0.340256,0.499078,0.754734
-0.0640886,0.936176,0.150484,0.281589,-0.127508
-0.0861308,-0.957236,0.213108,0.126556,0.114205
0.822086,-0.174533,-0.143499,-0.0575767,-0.518851
0.309083,-0.840858,0.0104625,-0.341053,-0.287356
-0.693946,-0.246359,-0.434775,-0.0142798,-0.520891
-0.464518,0.603973,0.312074,-0.294262,-0.483153
0.0206587,-0.202316,0.0828557,0.762199,0.608598
-0.239213,0.212848,0.665886,-0.670561,0.0607999
-0.958041,0.149991,-0.192317,0.103023,0.104237
0.456162,-0.525421,0.226784,0.654614,0.197315
-0.793097,0.00335416,-0.485238,-0.034836,-0.365593
-0.745269,-0.157206,0.437539,-0.476482,0.04511
-0.843785,-0.22581,0.16175,0.0884122,-0.44948
0.249424,-0.503524,-0.568676,0.599867,-0.0345531
-0.423906,-0.0269272,0.578278,-0.473608,0.51262
0.503038,-0.628484,0.546546,0.217579,0.0753758
0.710383,-0.311543,-0.424365,-0.163725,-0.434872
0.217243,0.448818,-0.445625,0.465454,-0.579929
0.328608,-0.617442,0.116445,-0.497845,-0.496871
0.254038,0.603252,-0.463606,-0.596094,-0.0492375
0.224941,-0.574673,-0.455114,-0.189384,0.613695
-0.648382,-0.321062,0.0317115,-0.618523,-0.3013
0.173318,-0.694555,0.475257,0.346268,-0.373735
0.0578474,-0.378958,0.138939,0.722376,0.560255
0.199757,0.575194,0.106205,0.34705,0.704029
-0.0747509,-0.256101,0.35395,-0.689787,-0.57129
-0.300443,0.505621,0.672428,-0.187552,0.40572
0.7514,0.315694,-0.236058,0.498609,0.171662
-0.295154,0.628287,0.297827,0.10725,-0.646638
0.575333,0.324186,-0.416717,0.324807,-0.536596
0.432316,-0.726387,-0.493911,0.168792,-0.120339
-0.812535,-0.0903901,0.209426,-0.525343,0.100664
-0.264076,0.488913,-0.560255,-0.28782,-0.541766
-0.188997,-0.395685,0.728874,-0.0211736,0.526029
-0.217515,-0.440473,-0.842855,-0.198858,-0.0972599
-0.527558,-0.522902,0.484568,0.378667,0.268233
0.0511848,0.0144192,-0.0257731,-0.980538,-0.194527
-0.0477282,-0.563052,0.58013,0.472672,0.351078
0.72371,-0.196361,0.320131,0.112394,0.569423
-0.908011,-0.0929463,0.257421,-0.140638,0.285348
0.0756595,0.471119,-0.40536,0.353024,0.697795
0.667826,-0.00828414,0.234821,0.0658186,0.704
-0.155798,-0.337139,0.713444,-0.464056,-0.372534
0.335312,-0.398154,0.195844,-0.13415,0.81912
0.64897,0.522683,0.341024,-0.0372873,-0.434718
-0.650029,0.427029,0.0426445,-0.23248,0.580919
-0.166981,0.104683,-0.570593,0.340958,0.721186
0.207793,-0.361557,-0.294367,-0.483964,0.711252
-0.140674,0.378946,0.10602,0.423373,0.802916
-0.0598005,-0.0367439,-0.225007,0.0170581,-0.972305
-0.00663645,0.800272,0.59652,-0.0200837,-0.0579859
-0.400755,-0.0183044,0.254207,-0.185786,0.860434
0.0901003,-0.729819,0.474009,0.468814,-0.108598
-0.209638,0.194934,0.153253,-0.898136,-0.300063
0.0412008,0.832345,-0.203958,0.285572,0.429186
0.320688,-0.417159,0.630121,-0.571302,0.0288479
0.640461,0.246753,-0.274527,0.666923,-0.0882456
-0.191081,0.790208,-0.0842254,0.271905,-0.50685
-0.350899,-0.0808121,-0.25904,-0.837299,0.319449
-0.0539974,0.0625456,0.124002,-0.962677,0.230292
0.236525,-0.408005,-0.626236,-0.488931,-0.378622
-0.130555,-0.712235,0.534848,0.185401,0.396357
-0.696602,0.668838,-0.019732,-0.148681,0.217321
-0.288805,-0.74404,0.109731,0.484865,-0.338747
0.773308,0.229538,-0.185441,0.00640202,0.562734
-0.400613,0.480027,-0.195489,-0.751651,-0.0870209
0.276157,0.0503029,-0.455846,0.481392,-0.693752
0.452743,0.412922,-0.345541,0.33859,0.626807
-0.442939,0.429967,-0.633515,-0.453569,0.104336
0.59915,0.468344,0.348355,-0.0998619,-0.538251
-0.60412,0.100898,0.71086,-0.150933,-0.312223
-0.380544,-0.111698,0.132827,0.690864,-0.58944
0.246863,0.656023,0.628819,-0.337349,0.0440707
-0.00347338,-0.327734,0.803081,0.117923,0.483381
-0.106302,0.399942,-0.901187,-0.0727332,0.0975175
-0.0114335,0.890245,0.174692,-0.205176,0.362903
0.61623,0.281719,-0.408938,-0.609596,-0.0326285
0.385872,-0.195607,0.40631,0.131259,0.795745
-0.249973,-0.585629,0.722996,-0.109572,0.245334
-0.500035,-0.414886,0.637491,-0.307841,0.27078
0.0707653,-0.611108,0.0657102,-0.552431,0.557236
-0.542483,0.0631434,0.220303,-0.663499,-0.457801
-0.638218,-0.0895232,-0.490832,0.0380579,-0.584301
0.519856,-0.387561,-0.270502,-0.207614,0.680903
0.431646,-0.270695,0.233955,0.81757,-0.13478
0.535077,0.253225,-0.0515983,0.520564,-0.611769
-0.277428,0.371323,0.0398332,0.884477,0.0451366
0.850911,0.245911,0.12113,0.365169,-0.254418
-0.625489,-0.395229,-0.198402,-0.540428,-0.348758
-0.135561,-0.632388,0.593933,-0.0590777,0.473952
0.492243,0.0111881,0.302093,-0.258004,0.774829
0.59171,-0.744193,-0.00336799,0.211474,0.218427
-0.051106,-0.456327,-0.635801,0.619564,0.0117481
0.155552,-0.369198,0.275485,-0.0432817,-0.874887
-0.252812,0.270457,-0.685846,-0.618789,-0.099489
0.472164,-0.722626,0.171076,-0.311683,0.356029
0.403285,0.692526,-0.560502,-0.189979,-0.0737932
-0.586913,-0.308348,-0.542035,0.319074,-0.408741
-0.593229,-0.514335,-0.395642,-0.221292,-0.417442
0.654909,-0.271442,-0.589955,-0.201603,-0.325628
0.713349,0.340712,-0.175866,0.0872623,0.58279
-0.35824,0.599724,0.714889,0.0522465,0.0294452
-0.220076,-0.392953,0.675168,-0.542199,-0.218204
0.298431,0.340447,-0.131801,0.735427,0.491204
-0.558477,-0.796511,-0.127955,0.00556654,0.19588
0.301638,0.573622,0.1283,0.737433,0.132449
0.0691811,0.59257,0.347625,-0.176666,-0.702286
-0.417483,0.284842,0.231755,0.265009,-0.788245
-0.200115,0.318693,-0.00391798,0.927265,0.0201372
0.423703,0.602068,-0.349964,0.503497,0.280776
0.337084,0.476853,0.655494,0.423808,-0.222556
0.493318,0.0115221,0.507079,0.245721,-0.66544
-0.132125,0.48629,-0.377355,0.661,-0.405483
0.67565,0.403828,0.131954,-0.390476,0.459021
0.534951,0.678653,-0.349562,-0.247882,-0.265316
0.166012,0.31337,-0.596943,0.672254,-0.258354
-0.572299,-0.191505,-0.764462,-0.20374,-0.0965788
-0.32872,-0.379502,0.3707,0.772774,0.116557
-0.083818,0.28194,0.768831,-0.564823,0.0223461
-0.304121,-0.645672,0.325708,-0.10539,0.610666
-0.0549245,-0.591019,-0.652747,0.202679,0.423275
0.00699712,0.31854,0.550498,-0.385968,0.669448
0.444998,0.0895671,-0.743219,0.471277,0.133671
-0.356565,-0.150961,-0.395578,0.245271,0.794829
0.23463,0.401935,-0.170868,-0.632034,0.597767
0.817414,-0.158927,0.467633,0.28019,0.0998868
-0.780298,-0.217874,0.395353,0.430785,-0.00452646
0.350151,-0.583845,-0.103767,-0.59448,-0.412788
-0.639541,-0.201629,0.0201254,0.589274,-0.449187
0.241393,-0.74166,0.433344,-0.342347,-0.296704
-0.880232,0.0121355,0.204523,-0.253497,-0.346468
-0.439817,0.456842,0.275197,0.20805,0.690721
0.545669,0.0498388,0.377131,-0.288778,-0.687912
0.162742,0.392636,-0.794951,0.317412,-0.298229
-0.64973,-0.0753107,0.531376,-0.332413,-0.423864
0.0670655,0.0570801,-0.84161,0.517452,0.109122
-0.337917,-0.617428,-0.344038,-0.535633,0.315898
-0.698411,0.514425,0.183315,0.420259,0.187273
-0.122852,-0.321667,0.275486,0.0549697,0.895199
0.772743,0.401977,0.0629848,-0.395823,-0.282185
0.202874,0.175226,0.625902,0.677986,0.279243
-0.0416658,0.0233834,0.435072,-0.816618,-0.377852
-0.0859228,-0.670186,-0.549726,-0.146141,-0.470856
0.568483,-0.572139,-0.574223,0.141634,0.0277707
-0.495058,-0.290525,-0.320509,0.111569,-0.743892
0.422056,0.734917,-0.092459,0.277274,0.442635
-0.847199,0.0993929,-0.472017,-0.0618907,-0.209681
-0.674912,0.301754,-0.188065,-0.250378,-0.594153
-0.702609,-0.270434,-0.377872,-0.0392002,0.537081
-0.264901,0.0861552,-0.148311,0.838763,0.445156
-0.61053,-0.431405,0.56522,0.0130613,-0.347925
0.322896,0.00171409,0.0727386,0.840891,0.426924
-0.315161,-0.316111,0.278466,0.0408658,0.84754
-0.29714,-0.131755,-0.943631,-0.028257,-0.0308338
0.118611,0.0745053,-0.194341,-0.882107,0.405067
0.579553,-0.0953565,-0.257188,-0.731699,0.233029
-0.151449,0.0634504,-0.693437,0.487878,0.504011
0.520468,0.770259,0.0286588,0.229525,-0.293557
-0.150902,-0.599229,-0.677749,-0.187153,0.354436
0.571515,0.431576,-0.230034,0.621057,-0.220697
-0.339868,0.186635,-0.597759,0.623628,0.326205
-0.59034,-0.289072,-0.584322,-0.301832,0.373672
0.215076,0.499624,0.431638,-0.663813,0.27551
0.672778,0.26406,-0.441588,0.513269,0.136046
-0.340845,-0.205897,-0.504528,0.705189,0.300716
-0.847114,-0.209541,-0.227563,-0.388412,-0.190017
-0.302763,0.299583,0.196815,-0.882617,0.020467
-0.66951,-0.410908,0.0279069,-0.619667,-0.00786086
0.409322,0.419059,0.225747,0.353271,-0.695872
0.727229,-0.345603,0.338877,0.117658,-0.467835
0.33995,-0.33396,0.830201,-0.0876576,0.27134
-0.62867,-0.124249,-0.538339,-0.0908344,-0.538413
0.379167,0.508264,0.214985,-0.666308,-0.329354
0.76611,-0.303826,0.2919,0.31578,-0.365813
-0.0730611,-0.202129,-0.180689,0.927758,-0.242501
0.289804,0.916959,-0.0973069,0.140411,0.212435
0.0624992,-0.238486,-0.16094,-0.877396,-0.379975
0.357176,-0.598718,0.69009,-0.190781,0.0153523
0.715507,0.207021,0.114681,0.564751,-0.337752
0.381295,0.695501,-0.0420858,0.204807,-0.574063
-0.743363,-0.27452,-0.0431191,-0.212715,0.570193
0.610801,0.546493,0.309921,0.382402,-0.291894
0.399387,-0.555413,-0.595521,-0.418,0.0331793
0.260565,0.615443,-0.16637,0.574436,0.44541
0.305568,0.724651,-0.182486,-0.414116,-0.419786
0.307624,0.755628,0.465471,0.294174,-0.174169
-0.194965,0.019198,0.810742,0.474266,-0.280207
0.182111,-0.528919,-0.424128,-0.691009,-0.175564
0.623371,0.283637,0.0146759,0.0763086,0.723756
0.00108521,-0.631259,-0.00365168,-0.140539,0.762957
0.3807,0.535003,-0.45055,-0.556596,-0.232111
0.127595,0.729584,0.532536,-0.407676,-0.0649612
-0.392923,0.0574218,-0.0578358,-0.238298,0.883873
0.315199,0.589061,-0.529231,0.172912,0.49189
-0.027682,-0.246796,0.303734,-0.917937,0.00698957
0.311943,-0.717276,0.11816,0.609042,-0.0423484
-0.729295,0.407806,0.472664,0.266629,0.0861916
-0.616376,0.302931,0.183275,-0.618172,0.335839
-0.887638,0.241312,0.179401,0.347187,-0.00284423
-0.318598,-0.3856,-0.243962,0.583938,0.592196
-0.42356,0.302202,-0.769328,0.365687,-0.053457
0.463912,-0.339903,-0.426891,0.651733,-0.246029
-0.448939,-0.0329561,-0.596744,-0.120636,0.654018
-0.150215,0.649222,0.445022,0.237665,0.553123
0.25033,0.188309,0.795312,0.26131,0.44947
-0.0616181,-0.832621,-0.524043,0.176389,0.0285669
0.731152,-0.0709438,0.0825016,-0.446724,0.503772
-0.386979,-0.205301,0.73161,-0.261071,0.451564
0.186588,0.121734,0.407093,0.210353,-0.862555
-0.568089,0.465952,-0.275132,-0.00352875,0.621618
0.662557,-0.358151,0.00236584,-0.648004,0.114345
0.571584,0.563373,0.279617,-0.486297,0.205178
0.910235,-0.298488,-0.238297,0.116998,0.0955813
-0.271688,0.46731,-0.387389,-0.490291,-0.55972
0.0253971,-0.393134,0.469224,0.143584,-0.776285
0.369338,0.22554,-0.11477,0.615034,0.647247
0.420607,0.218619,-0.0635969,0.829438,-0.291584
-0.198795,0.950337,-0.0981807,-0.215248,-0.0561512
-0.601916,0.769031,0.209635,-0.0341397,-0.00991397
0.745485,0.611634,-0.0472635,0.221619,0.124643
0.353682,0.104704,-0.901305,0.109376,0.201863
0.155908,0.558849,-0.121784,0.728605,-0.344571
-0.0875091,0.713099,0.273722,-0.548674,-0.324759
-0.0373113,-0.263732,0.578712,-0.763849,-0.109035
-0.375386,-0.413631,0.182738,-0.084631,0.804791
0.525677,0.770927,0.242991,-0.175228,0.199504
-0.0392944,0.56217,-0.402634,-0.648518,0.31104
0.464772,-0.0896516,0.572289,-0.668803,0.0501019
-0.599992,0.00245341,-0.291916,-0.218794,0.710936
0.601605,-0.179269,-0.522901,-0.574433,-0.0535325
-0.97039,0.16696,0.102045,0.119278,0.0531732
0.156955,-0.34345,0.134556,0.126521,0.907193
-0.452937,-0.132289,0.371624,-0.363061,-0.711575
0.350473,-0.154159,0.29583,0.863925,0.149506
-0.232218,-0.870359,-0.135642,-0.193689,-0.359108
-0.184123,-0.0664879,0.250318,-0.920435,-0.234479
0.0918188,0.668788,0.634266,-0.183214,0.332752
0.643698,-0.51194,-0.523108,-0.0614699,0.21382
0.052117,-0.113962,0.778975,0.00154078,0.612591
-0.403845,-0.573325,0.103883,0.624342,0.325108
-0.669854,0.171833,-0.00274108,0.121799,0.710926
0.953005,0.13088,-0.099101,0.0481003,0.245235
0.0295213,-0.378114,0.333038,-0.844232,-0.179729
0.241944,-0.318368,-0.260966,0.764644,0.430913
-0.493833,0.12916,0.667722,-0.372177,0.396684
-0.459117,0.281525,0.100231,-0.353905,-0.758934
0.786747,-0.423826,0.0103539,0.299194,0.330341
-0.252766,0.239934,-0.768898,0.528125,-0.0801332
-0.12579,0.286373,-0.854431,-0.135664,-0.394262
-0.447821,0.369802,-0.225423,-0.593326,0.511224
-0.12659,-0.0523582,-0.162387,-0.766076,0.603231
0.677152,-0.223805,-0.273029,-0.4855,-0.424015
-0.274919,0.0883531,-0.670457,0.624028,-0.28233
-0.412858,0.237575,0.405381,0.323417,0.710135
0.549075,0.437009,0.449292,0.392439,0.387067
-0.461393,0.0468822,-0.846692,0.229638,0.104007
-0.0367425,0.05906,-0.300148,0.939247,0.140908
0.509625,-0.0101426,0.355748,-0.75929,0.186721
-0.0129605,0.161065,-0.358355,0.900281,-0.189787
0.373237,0.562705,-0.352631,0.596103,0.25704
-0.0668663,-0.151685,-0.461064,-0.825963,0.282358
0.421257,-0.404846,0.0130005,-0.0121167,-0.810434
0.669007,0.534672,0.31207,-0.363616,0.199805
0.806128,-0.241947,-0.147115,0.0628742,0.51443
-0.502987,0.504853,0.381716,0.587823,-0.0343342
0.246015,0.595755,0.264793,0.118095,-0.708082
0.314712,0.100972,-0.88981,0.203382,0.245829
0.419316,0.504733,0.243455,-0.633193,-0.334538
-0.555113,0.256503,-0.75796,0.220857,-0.0661114
0.71861,0.222489,-0.0513649,-0.645659,-0.100152
0.436032,-0.0129861,0.690174,-0.0954806,0.567265
-0.830607,0.0123445,0.415204,0.2915,-0.220779
-0.0537238,-0.531879,0.0112957,0.718364,0.442201
-0.710861,0.507723,0.424532,0.231463,0.0717272
0.325497,-0.370227,-0.0669115,0.680547,0.538418
0.0837124,0.527597,-0.639451,-0.188966,0.518915
-0.863873,0.0553284,-0.0924984,0.170639,0.459527
0.291662,0.601405,0.742051,0.0527236,-0.0487656
0.0449761,-0.356764,0.817661,-0.205399,-0.400859
-0.723044,-0.0879974,-0.644526,-0.121132,0.200743
0.0130905,0.883143,-0.27231,-0.381788,0.0145462
-0.706127,0.603855,0.0218809,-0.231364,0.287795
-0.0798592,-0.03727,0.619219,0.743897,-0.231133
-0.350919,0.363167,-0.639732,0.576939,0.0449128
0.300759,-0.643233,0.459853,0.35533,-0.399803
0.418169,0.0179731,0.0758952,-0.319412,0.84702
0.0476696,0.319456,0.384395,-0.857962,-0.11288
-0.10048,-0.328117,0.468074,-0.709347,-0.402523
0.296938,0.288772,-0.747512,-0.160131,0.493867
0.611281,0.757387,0.0308348,-0.0464182,0.219376
-0.0600024,0.224643,-0.0791671,0.600083,-0.758389
-0.482118,0.517898,0.237637,-0.660117,-0.0749554
-0.955822,-0.0283952,0.172431,-0.229061,-0.0465739
-0.636794,-0.333242,0.468302,0.418326,0.295762
0.212555,0.435175,-0.0998561,-0.567573,0.658042
-0.537638,-0.552171,0.342066,-0.279462,0.456783
-0.228433,-0.468415,0.451607,0.00682382,0.725806
-0.667004,-0.352753,-0.0381246,0.45765,-0.470456
0.513638,0.3102,0.675778,-0.415249,0.113374
-0.00199178,0.182273,-0.545973,0.815182,-0.00830703
-0.729835,-0.552101,-0.340665,-0.125682,0.169503
0.590565,0.230583,-0.660087,-0.120681,0.381436
-0.210732,-0.593378,0.26813,0.479693,-0.548462
-0.190806,0.0922208,0.476615,-0.39788,0.751989
-0.254992,-0.948154,-0.137428,-0.121641,-0.0446129
-0.655636,0.122932,0.390409,0.423633,0.47643
-0.483084,0.556008,0.386829,-0.476754,0.27696
0.514613,0.554322,-0.0691397,-0.624968,0.174844
-0.616937,-0.0115118,0.493618,-0.516073,-0.334188
-0.573747,0.606542,0.386864,-0.167334,0.350117
-0.717506,0.0736699,-0.0150482,-0.592382,0.358453
0.279245,0.250908,-0.390294,-0.678116,-0.494069
0.291969,-0.590816,-0.0742,-0.109504,-0.743311
-0.519279,0.707708,0.374428,0.0969142,-0.281364
0.0657844,-0.0375992,0.0346721,0.408158,0.91076
-0.320787,-0.445092,-0.731296,-0.106179,-0.391815
-0.18556,0.28093,0.475534,0.208512,0.785352
0.201324,-0.257904,0.842097,0.322558,0.281758
-0.928374,0.103623,-0.207937,0.206983,0.201502
0.543729,-0.0234771,0.447491,0.149725,0.693005
-0.511764,-0.667183,0.11392,0.368328,-0.379589
0.515046,0.608278,0.0313776,-0.272418,0.534298
0.507013,0.0576802,0.822533,0.255595,0.031185
0.323347,0.108721,0.856883,-0.33764,-0.173917
0.137886,0.395391,0.0614915,0.902195,-0.0819445
-0.719498,0.378292,-0.291202,-0.168231,-0.47525
-0.382648,-0.565783,0.367456,0.621358,-0.123124
-0.162936,-0.390016,-0.284221,-0.121131,0.85317
-0.0960728,0.314396,-0.22744,-0.651789,-0.64303
0.144375,0.195817,0.968328,0.0104382,0.0421205
-0.42403,-0.21805,0.241939,0.0480596,0.84305
-0.14673,0.914413,0.343111,-0.0695285,-0.137854
-0.0692881,-0.0939801,0.651508,0.233275,-0.712599
-0.643991,0.330246,-0.218027,0.652776,0.0100913
-0.0387493,-0.0851101,0.978394,0.0789883,-0.164041
-0.0821893,0.793596,-0.246101,-0.380264,-0.398492
-0.659511,-0.561835,-0.381701,0.294594,0.14305
0.816768,0.377687,-0.160544,-0.0795773,0.40056
0.792586,0.203522,0.32526,-0.150832,0.450619
0.0687894,0.507195,0.731147,-0.45061,0.0238606
-0.613104,0.327326,0.349936,-0.394406,0.491062
-0.841433,0.187047,-0.115612,-0.325976,0.369111
0.852352,0.0234088,0.0333381,-0.478864,-0.19898
-0.351975,-0.094632,-0.824673,-0.0827789,-0.423349
-0.594261,-0.333443,-0.706949,0.130406,0.14291
-0.0641239,-0.221002,0.966196,0.119872,0.019302
0.196354,-0.611461,0.452943,0.601577,-0.142689
-0.368476,0.385396,-0.338505,-0.307535,-0.711255
-0.138949,-0.506037,0.355703,-0.670452,-0.385239
-0.221669,-0.371924,0.810256,0.324155,-0.232263
0.358547,0.59929,0.0222157,0.0695879,-0.712157
-0.102048,0.482369,0.860801,-0.0499177,-0.120058
-0.407901,0.451105,-0.361598,0.597985,-0.376688
0.0181648,-0.454339,-0.496089,0.624131,-0.398358
-0.129357,0.0713342,0.92885,-0.308678,-0.152211
-0.775801,-0.456208,-0.00129169,-0.37059,0.228592
-0.279498,0.678862,0.496888,0.446502,0.114185
0.290786,0.603974,0.497851,0.377666,-0.398147
0.698628,-0.508384,-0.0513146,0.429307,-0.252943
-0.588596,0.796412,-0.0546225,-0.073279,0.102695
0.480339,0.351715,-0.642107,0.0515487,-0.478735
0.377642,0.853703,-0.166427,-0.177332,-0.267111
0.0749583,0.386126,-0.162422,-0.897637,0.114242
0.0113208,-0.160366,-0.551491,-0.818456,-0.0223725
0.352959,0.329338,-0.0829254,0.709659,0.504943
0.185626,-0.0421868,0.129172,0.21402,0.950143
0.619318,-0.200627,0.512019,-0.460166,-0.319032
-0.330689,0.407674,-0.0300539,0.71678,-0.453635
0.448019,0.725913,0.0405061,-0.502729,-0.134235
-0.746426,-0.0160206,-0.553615,0.367833,0.0198531
-0.188594,0.0127295,-0.897882,-0.0250827,0.395762
-0.307479,0.101226,0.553344,0.666643,-0.382181
-0.135714,-0.484274,0.795214,-0.251547,-0.233699
-0.428303,-0.803405,0.267545,-0.31114,-0.0383778
0.00223782,-0.49645,0.763085,-0.404915,0.0913303
0.772001,0.312903,-0.129732,0.141616,0.51793
0.607945,0.0656119,0.0418044,-0.677307,-0.402936
-0.854329,-0.0998424,0.509862,-0.0328472,0.00254156
0.273344,0.0174029,-0.635684,0.589498,0.415213
-0.81016,0.153055,-0.122931,0.48066,-0.277585
0.166938,0.135729,-0.00990281,0.438445,0.870465
-0.547738,0.76588,0.320555,-0.0587471,-0.0710781
-0.828543,0.0107503,0.278241,-0.465143,-0.136319
-0.306982,-0.185132,-0.289835,-0.102085,0.884198
0.548334,0.358626,-0.275779,0.654924,0.25469
-0.256939,-0.0726897,0.238329,0.74106,0.567489
0.407919,-0.127328,-0.577548,-0.694628,0.0311405
-0.202072,-0.129976,-0.34861,-0.844994,0.32564
-0.639515,-0.484428,0.463245,0.113367,0.358846
-0.0609146,-0.508301,-0.470603,0.546243,0.466198
0.245742,-0.386698,-0.0586208,-0.738022,-0.493754
-0.285466,0.463098,-0.751167,-0.246246,-0.283553
-0.286104,0.42666,-0.0170895,0.855883,0.0650157
0.712542,0.0121522,0.699915,-0.00161055,-0.0257144
0.633397,0.522191,0.177653,-0.123368,-0.533027
0.802394,-0.0958567,-0.513219,0.26278,0.120674
0.0732884,-0.696868,-0.365179,0.605305,-0.0949209
0.599793,-0.470127,0.214895,-0.349338,-0.497306
0.687298,0.00388671,-0.167237,0.504097,0.496576
-0.598979,0.269702,0.62006,0.0610747,0.428824
0.470987,-0.636486,0.41742,0.438537,0.0776012
0.117498,0.611249,0.303371,-0.692249,-0.205336
-0.704993,0.209863,0.131489,0.0799354,-0.661228
0.743933,0.548873,0.0401394,-0.00481462,-0.379552
-0.117065,0.700866,0.189258,-0.142351,-0.663772
-0.746512,0.58808,0.14639,0.265184,-0.0760052
-0.521308,-0.114013,-0.466594,0.587811,0.388327
-0.584724,0.73437,0.125449,-0.277213,-0.164676
-0.674045,0.0449479,-0.493083,-0.314501,0.448556
0.477857,0.355738,-0.167459,0.770376,-0.152294
-0.201417,-0.504905,-0.532141,-0.459326,0.45723
-0.490119,-0.190041,-0.0355669,-0.770208,0.363365
-0.129872,-0.759221,-0.42428,-0.440759,0.177113
-0.399819,-0.911177,0.0749354,0.0495679,-0.0365855
0.729364,-0.102537,0.249697,-0.623711,0.0793046
-0.287815,-0.158828,0.0423181,0.909994,0.251011
0.390722,-0.276257,0.38647,0.735268,-0.290604
-0.163727,0.0665257,0.380073,0.396898,-0.814984
-0.707347,-0.545905,0.380165,0.189568,0.149898
-0.151638,0.790177,0.500397,0.157051,-0.281708
0.172099,-0.643681,0.353801,-0.506254,-0.418627
0.0602845,0.559646,0.292043,0.72585,0.269434
-0.372034,-0.332305,0.732907,0.447886,0.11125
-0.525171,0.0886833,0.269725,-0.791917,0.122342
0.0623211,0.812981,-0.319947,0.300057,0.375394
-0.0407638,-0.484005,0.781962,0.2342,-0.313774
0.617752,0.280877,-0.0240744,-0.412231,0.607889
0.0728127,0.545931,0.474689,-0.627112,-0.283788
-0.158148,0.228365,0.391756,0.875482,-0.0460595
-0.657088,-0.369507,-0.513016,0.3856,-0.137847
0.170039,-0.485676,-0.325701,-0.759486,-0.229649
0.702128,-0.299747,-0.214453,-0.124985,-0.597944
0.416761,-0.458954,-0.192184,0.664166,0.375585
-0.248485,-0.324062,0.307322,-0.53461,-0.669718
0.37008,0.13812,-0.906439,-0.0816046,-0.105722
0.20772,0.410213,0.078626,0.840203,-0.281301
-0.125403,-0.303419,-0.745465,0.424088,0.395562
-0.141372,-0.800395,-0.0773426,-0.294068,0.494647
-0.212785,0.430868,0.145397,0.057358,-0.863718
-0.457426,0.101449,-0.307911,-0.455252,-0.692611
0.764368,-0.357803,-0.15044,0.0384813,-0.511664
-0.280326,0.116503,0.908578,0.290918,0.014265
-0.340068,0.656176,0.442256,-0.397898,-0.318605
0.541489,-0.681448,0.237667,-0.0319446,0.431206
-0.177096,-0.307662,-0.26907,0.0285177,-0.895973
0.209447,0.13436,-0.358605,-0.81443,0.379199
0.101665,-0.56032,-0.264955,-0.719314,0.293216
-0.0965636,0.20676,0.582748,0.569584,0.530871
-0.435135,0.519703,0.259061,-0.665059,0.17384
-0.316072,0.534392,0.212339,-0.333412,0.678392
0.247279,-0.429007,-0.720754,0.387473,0.287891
-0.0438726,-0.434847,0.0336258,0.794675,-0.421048
0.446745,-0.22401,0.0989204,0.350355,-0.787084
0.0425037,0.222819,0.632377,0.49189,-0.554908
0.495123,0.639249,0.0316005,0.418573,0.413103
0.0427605,-0.189839,-0.367652,0.311942,-0.854607
-0.841014,-0.164416,0.25874,0.431187,-0.12154
0.141335,-0.806607,0.0561279,-0.151272,0.54864
-0.242853,-0.220508,0.108205,0.699184,0.627081
-0.187685,0.744358,-0.139602,-0.200696,-0.589168
-0.558088,0.0518754,-0.458892,-0.0500438,-0.691277
0.152538,-0.481813,0.391528,-0.715132,0.283985
-0.554619,-0.686227,-0.37726,0.189701,-0.212326
-0.49907,0.369118,-0.628107,-0.358002,-0.304063
0.422079,0.0291453,-0.543537,-0.717815,-0.0978118
-0.41524,-0.159824,-0.562358,0.649157,0.249266
-0.595288,-0.651684,0.459208,-0.0843217,-0.0678819
-0.00232996,0.818877,-0.204849,0.535003,0.035389
0.0566685,-0.456185,0.574801,0.154074,0.658509
0.580853,0.555525,-0.488438,0.0162796,-0.340878
-0.0879174,-0.660996,0.566163,-0.313857,-0.371586
-0.148601,0.480581,0.423064,0.740608,-0.149149
-0.79514,0.269182,0.483991,0.0564661,-0.235105
-0.126327,-0.589717,0.108851,-0.787161,0.0392719
-0.327046,-0.123641,-0.532785,0.695555,0.33173
0.493482,-0.602227,-0.349541,-0.195613,-0.483274
-0.53672,0.382883,0.237158,-0.185621,-0.688855
-0.914591,-0.0536172,-0.177951,-0.29038,0.206981
0.445333,-0.118009,0.214504,0.250461,0.827015
-0.579619,-0.345723,0.689549,0.0554586,-0.2518
0.167392,-0.445138,0.178999,-0.838133,-0.19905
0.734492,0.165639,-0.575198,0.244619,0.20899
0.343777,-0.0818102,0.664961,0.0708483,0.653418
-0.113644,-0.325604,0.835672,0.215267,-0.37132
0.162911,-0.0403472,0.404255,-0.745908,0.500735
0.353434,0.378495,0.230672,-0.820335,-0.0254334
-0.240455,-0.272755,-0.567854,-0.0269335,0.736845
0.552976,-0.104992,0.0141594,0.708432,0.424145
-0.0310374,-0.901831,-0.296652,0.214276,0.229562
-0.632188,0.642768,0.214165,-0.370311,-0.0743123
-0.13847,-0.68785,0.535438,-0.46586,-0.0623634
-0.545358,0.180334,0.376182,-0.690228,0.227601
0.685088,-0.192008,-0.36845,-0.474717,-0.364521
-0.074225,0.789512,0.269707,-0.406078,0.362095
-0.255432,0.582359,0.421983,0.0737871,-0.642748
-0.627235,0.193144,-0.140402,-0.671324,0.306344
0.0162619,-0.385101,-0.822515,-0.324268,-0.262939
-0.324005,0.102154,-0.203162,-0.178541,-0.9016
0.658488,-0.376904,0.251282,-0.452293,-0.396821
-0.0403585,-0.564745,0.786019,-0.133565,-0.206137
0.00818526,-0.0488846,-0.385314,0.921469,0.0134762
-0.155595,-0.31131,0.177629,0.819344,-0.417875
0.217744,-0.140172,-0.120105,0.0876213,0.95457
0.457921,0.498607,-0.569661,0.398822,0.234597
-0.550046,-0.0203851,-0.172589,-0.323323,0.74957
0.121936,0.262022,-0.521748,-0.801066,-0.0482212
0.0409012,-0.472788,0.444761,-0.0230696,-0.758307
0.129689,-0.71243,-0.190833,-0.5496,0.367434
-0.209896,0.882213,-0.0650749,0.0208742,-0.415744
-0.16152,-0.0715555,-0.734455,-0.378728,0.536902
-0.0567146,0.361134,-0.876617,-0.14319,0.27838
-0.268313,0.5546,0.700165,-0.308951,0.185084
-0.686158,-0.633778,0.11234,-0.0126489,0.339191
-0.618516,-0.469799,0.525731,0.140063,-0.314744
0.451011,-0.850348,-0.228053,0.149912,-0.00754888
-0.385872,-0.547378,-0.176744,0.632119,-0.342505
0.404955,0.183316,-0.101525,-0.757804,-0.466347
-0.530938,0.225895,-0.697455,0.244922,0.34711
-0.553605,-0.406642,-0.706597,-0.0438134,0.170615
-0.402524,-0.371829,0.038814,0.817653,-0.165579
0.432724,-0.271644,0.0656595,-0.851518,0.0927398
0.283263,-0.65198,0.357874,-0.276553,-0.542342
0.645273,0.512311,0.302676,-0.477025,-0.0171402
0.282763,-0.133345,0.835646,0.276963,0.357808
0.475146,0.282974,0.715584,0.0829358,0.420019
-0.0192859,0.158732,0.0913371,-0.846423,-0.502469
-0.311665,-0.186368,-0.32725,0.568103,0.663557
0.667397,-0.214099,0.673633,0.220203,-0.0573747
0.185832,-0.462529,0.823689,0.229749,-0.136863
-0.585602,-0.65174,0.479363,-0.0224019,-0.0657727
-0.0993527,-0.390752,-0.217922,-0.546758,0.700295
0.438344,0.0603099,0.686522,-0.186845,0.546966
0.460604,-0.38751,0.584389,-0.245437,-0.485033
0.0202165,-0.61519,0.402265,0.663716,-0.136585
0.696917,0.17192,-0.253524,-0.331972,-0.55782
-0.398977,0.598469,0.69225,0.0280776,-0.0860378
0.531609,-0.43092,0.155966,-0.527533,-0.478589
-0.30712,-0.765205,-0.423097,0.0723076,-0.365999
-0.954585,0.0105544,-0.195161,-0.212587,-0.0754638
-0.31925,0.688142,0.000313433,-0.176469,-0.629709
-0.285599,0.621123,0.621292,-0.0875698,0.369997
0.0831661,-0.0659017,0.370747,-0.318419,0.866778
0.491419,0.231673,0.475681,-0.665066,-0.191904
-0.223543,-0.593366,0.410493,0.0431194,-0.651861
-0.755797,-0.236646,-0.235775,0.0406771,0.564375
-0.0997638,0.627738,-0.277401,0.274201,-0.666031
-0.54663,0.693605,-0.328056,0.32883,0.0273825
0.278492,0.495527,-0.397354,0.586349,0.418047
-0.0283849,-0.131127,0.140142,-0.890916,0.416597
-0.479598,-0.430763,-0.103075,0.751541,-0.0982816
-0.766457,-0.0420675,0.406597,-0.214847,-0.44599
-0.0814679,-0.110848,0.22642,0.631838,-0.728539
-0.00645666,-0.477179,0.174608,-0.288317,0.810565
-0.00473966,0.386075,0.39281,0.439397,0.707897
0.388051,0.0693178,-0.776425,0.358855,-0.344464
-0.168314,0.531712,0.0653135,0.325407,-0.758887
0.572272,-0.424337,0.0152841,-0.0695293,0.700098
-0.196922,0.652187,0.0119527,0.0694267,-0.728747
-0.593541,0.100184,0.480321,0.63981,-0.00883778
-0.387063,-0.080836,-0.479448,0.308228,-0.722303
-0.627104,0.213946,-0.648795,0.138965,0.350358
-0.127321,-0.722615,0.109799,-0.358281,0.57025
-0.517538,0.148445,-0.190993,0.0426455,-0.820649
0.301725,-0.635785,0.0310315,0.451156,-0.548096
0.774342,0.40319,0.0919729,0.164168,-0.449666
0.295933,-0.609726,0.523258,0.257261,-0.444801
0.637148,0.434747,0.469148,-0.307776,-0.304272
-0.264914,0.0592176,-0.426512,0.183382,0.842984
0.329891,-0.202578,-0.842048,0.311192,-0.213224
0.439081,0.328186,-0.262753,-0.0238282,-0.791349
-0.461747,-0.0885554,0.462598,-0.751848,-0.015942
0.151896,-0.420146,-0.686501,-0.396483,-0.414095
-0.38869,-0.123007,-0.846708,-0.119182,-0.326655
0.297028,-0.613046,-0.149864,-0.705232,0.117099
-0.87622,-0.276662,0.0548751,0.188356,0.340261
-0.366914,-0.354368,0.670367,0.070738,0.534221
0.42627,-0.800646,0.0890687,-0.0266402,0.410143
0.25292,-0.313526,-0.711766,-0.439721,0.368118
-0.59915,-0.301478,0.584788,-0.423257,-0.166485
-0.263536,-0.507906,-0.190656,-0.186208,0.77423
-0.376114,-0.217399,-0.207911,-0.489712,0.724911
-0.336502,-0.332261,0.216591,-0.746995,-0.414893
0.526996,0.308722,0.654967,-0.439607,-0.0773467
-0.440384,-0.095445,-0.439289,0.477588,-0.611777
-0.266956,-0.0316259,0.914502,0.265985,-0.142003
0.0819291,0.120474,-0.694369,0.681013,0.177515
-0.208662,0.0683206,0.204954,-0.91567,-0.266089
0.454446,-0.567381,-0.519165,0.447264,0.0287539
-0.244521,0.562212,0.548381,-0.549773,-0.143546
0.26229,0.130072,0.133497,0.307464,0.895525
-0.0222388,0.161176,-0.869642,0.285647,-0.366932
-0.370697,0.409298,-0.189464,-0.785507,0.194859
0.524803,-0.395996,0.4261,-0.459564,-0.419546
0.0333924,0.368606,-0.925242,0.0809722,-0.0692883
-0.416624,-0.340462,0.800469,0.259033,0.0443193
0.354296,-0.372822,0.571363,-0.328863,0.55261
0.10601,-0.716147,0.265766,-0.133015,-0.621188
-0.438685,0.370883,-0.781498,-0.152459,-0.186379
-0.156378,-0.255544,-0.922415,0.10344,-0.228715
-0.0986331,-0.21746,0.510634,0.822045,-0.0520538
-0.301578,0.432902,-0.444428,-0.322977,0.648097
-0.104989,-0.755522,0.498083,-0.397744,-0.120204
-0.0865287,0.807121,0.328229,0.184894,0.445304
-0.0975649,-0.739947,-0.574382,0.113226,0.320817
-0.17466,-0.77486,0.267502,-0.196971,0.507585
-0.380223,0.280896,0.765177,-0.0622629,0.435252
-0.00915543,0.125395,0.61003,-0.575675,-0.531728
-0.712546,-0.379456,0.406964,-0.408151,0.118565
0.600993,0.667623,0.243287,-0.164197,-0.329566
-0.0642653,-0.195567,-0.594807,0.683109,-0.370511
-0.403257,0.5887,0.679357,-0.160741,0.0809439
0.397076,0.537723,0.0504959,0.532124,0.518719
-0.290543,0.085823,0.206841,-0.616034,0.697835
0.11525,-0.698141,-0.133792,-0.675511,0.163979
-0.956865,-0.130177,0.253975,-0.0254999,-0.0429268
0.0364964,0.49249,-0.0669033,-0.843469,0.191677
0.204393,-0.917736,0.15652,-0.157198,0.262567
-0.191186,0.366542,-0.308297,-0.28385,-0.808508
-0.0364032,0.465113,-0.64872,0.342902,0.492386
0.827942,0.190763,0.498533,0.141496,0.0963001
0.626265,0.313889,-0.414109,0.500418,-0.295943
-0.2616,0.40958,0.282096,-0.820526,-0.0984845
0.406118,0.535129,0.537336,0.119141,-0.494055
-0.195249,0.522302,0.138995,0.803935,-0.159288
0.216406,-0.659106,-0.0802902,0.122896,-0.703443
0.359549,-0.171043,0.155416,0.902822,0.0254469
-0.3959,-0.613439,-0.12345,-0.100107,0.664831
0.0274078,0.0858127,-0.0761099,0.952472,-0.284971
0.431271,0.621517,-0.233069,-0.0123547,0.610725
0.467099,-0.652827,-0.0346162,0.229378,0.549331
-0.62286,0.596882,-0.0465136,0.146423,-0.481754
-0.269735,-0.452335,0.139354,0.747624,0.3811
-0.678466,0.300269,0.407401,0.401755,0.349678
-0.322118,0.275833,0.401604,0.645407,-0.491209
-0.781267,0.472571,0.381644,-0.0374038,0.133234
0.0447577,0.179999,0.794177,-0.521133,-0.251972
-0.92326,0.182377,-0.255473,-0.219007,-0.0106377
0.127579,-0.159207,-0.090571,-0.894936,0.385255
0.556879,-0.139839,-0.697625,0.381342,0.200063
0.196524,-0.0511376,0.0886041,-0.420241,0.880225
0.151948,0.661438,0.607058,-0.407716,0.067011
-0.706586,-0.214312,-0.323474,-0.591029,0.0207501
-0.219622,-0.290031,0.752194,0.519867,0.176655
0.00783134,-0.100931,-0.731004,0.560136,-0.38277
0.871669,0.164657,0.36146,-0.259873,0.117825
-0.450519,-0.00962491,-0.817342,-0.356769,0.00715246
-0.712303,0.527134,0.397362,-0.0251033,-0.237548
-0.129106,-0.801324,-0.22029,0.540299,0.00910954
0.0828709,-0.37904,-0.76342,0.117086,-0.50326
0.600355,0.0739384,0.623141,0.0455591,0.492089
-0.12699,0.314797,-0.514366,0.776006,0.132787
0.390588,-0.194563,0.510827,0.0844804,-0.734909
0.533767,-0.0654925,0.738354,-0.00425585,0.411971
-0.104147,0.182437,0.390669,-0.204816,0.872911
-0.385228,-0.0669699,0.666605,-0.578359,-0.267102
0.651509,0.0584459,-0.0210059,0.754722,0.0524821
0.00809194,-0.640422,0.236222,0.0371507,0.731641
-0.0301008,-0.277809,-0.36709,0.59044,0.662565
0.521177,0.193031,0.504606,0.627861,0.206911
0.173077,-0.261783,0.787934,0.504884,0.15705
-0.790721,-0.556758,0.091528,-0.0934661,-0.219242
-0.0197619,0.407901,-0.124349,0.902476,0.068396
0.161672,-0.00740387,0.318314,-0.298627,0.884369
-0.462065,-0.37563,0.465811,0.513393,-0.408922
-0.0266129,-0.292091,0.398408,-0.180422,-0.849917
-0.398066,0.383621,0.338645,-0.207423,-0.732689
-0.603842,0.695342,-0.289014,-0.131624,-0.223651
-0.303044,0.303348,0.033035,-0.594229,-0.679742
-0.393499,-0.191202,0.2441,-0.646429,-0.577057
-0.332491,-0.288128,0.114739,0.563783,0.687687
0.0883936,0.254034,-0.130481,0.903007,-0.310446
0.884538,0.287561,0.018057,0.355239,0.0968944
-0.236171,-0.145214,0.480269,0.332556,0.763829
-0.275445,0.237198,0.845362,0.255953,-0.297797
-0.251037,-0.71358,0.0841392,0.0936211,0.643921
0.927906,-0.34271,0.0557438,-0.125171,-0.0605351
-0.316473,-0.344032,0.521359,0.675389,-0.232126
0.533999,0.745561,-0.274642,-0.0835478,0.276498
-0.345857,0.536627,0.234861,0.712158,-0.185339
-0.24529,0.596442,0.505753,0.210725,0.531135
0.65479,-0.361283,-0.572537,-0.317491,-0.106421
-0.00776981,-0.638241,-0.676101,0.234486,-0.281259
0.463844,-0.177825,0.674714,-0.377458,-0.393199
-0.931994,-0.111978,0.123566,-0.256996,0.189264
0.49887,-0.601826,0.0165204,0.221065,-0.583394
-0.196763,-0.919441,-0.0625792,0.257248,-0.210697
0.24031,0.535886,0.245472,0.554579,-0.537448
0.576174,0.28173,-0.430715,0.603838,-0.196839
0.891594,-0.362671,-0.159109,-0.0585393,0.200818
0.556307,-0.00442862,-0.601305,-0.485104,-0.307323
-0.46605,-0.479034,0.0346411,0.685057,-0.286115
-0.122106,0.559478,-0.427303,-0.188492,-0.675365
0.0193157,0.00817402,0.268384,0.884665,0.37691
-0.00119769,-0.184628,-0.175804,0.208389,0.943326
0.474139,0.133511,0.574702,-0.407325,-0.51312
0.405295,-0.289872,0.530208,0.219582,-0.647688
0.407594,-0.109592,-0.290722,-0.858337,0.0458556
0.00181192,0.519213,0.371003,-0.109986,-0.761037
0.653475,-0.287718,-0.148316,0.48543,0.480438
-0.160876,0.531918,0.0815342,0.317986,-0.762034
-0.296661,-0.255389,-0.881486,-0.129279,0.232993
-0.191722,0.387586,0.81802,-0.0107459,0.38174
-0.517387,-0.0153182,0.687225,-0.353699,-0.363536
0.432858,-0.626135,-0.550005,0.345697,0.00523815
0.781574,0.575027,-0.0733178,0.172308,-0.148016
0.239718,0.310579,-0.118011,-0.820052,-0.403704
0.261209,0.470097,-0.286768,-0.57585,-0.544798
-0.442185,-0.105318,-0.779895,0.268732,-0.337439
-0.211175,0.774808,0.53462,0.179525,-0.191496
0.273169,0.376286,-0.588692,-0.634975,0.196549
0.712899,0.424407,-0.277987,-0.386195,-0.294174
0.22258,0.0858267,0.832646,0.185937,0.465315
-0.175995,0.667963,0.412513,0.377403,0.458946
0.0549851,-0.133443,0.291204,-0.217782,-0.921764
-0.883308,-0.0523435,-0.0984628,0.369176,-0.273146
0.234368,0.701362,-0.460361,-0.432951,0.229759
0.838543,0.534886,-0.0580214,0.0826,-0.0153047
0.384364,-0.497554,0.544272,0.14282,0.533255
-0.285012,-0.579121,0.408649,-0.532239,0.364937
0.923956,-0.123096,0.173344,0.24702,-0.205312
0.818079,0.020344,0.202629,0.236762,-0.485847
0.155677,0.140798,-0.372981,-0.724396,0.541517
-0.143027,-0.653964,-0.601539,-0.42197,0.112884
-0.219307,0.119579,-0.602785,-0.733808,0.190281
0.603397,0.581584,-0.428324,0.300509,-0.153748
0.639247,0.368562,-0.485999,-0.408021,-0.226465
-0.555807,-0.140826,0.226307,-0.317963,0.722747
-0.661397,0.680261,-0.275487,-0.145575,0.0624096
-0.558509,0.190416,0.787963,0.0208206,-0.182769
-0.345571,0.563707,0.702215,-0.219197,0.140047
-0.132412,-0.453843,-0.445941,-0.615803,-0.444406
-0.318899,0.532924,0.188845,-0.66179,-0.374494
0.0190865,0.0296258,-0.316567,-0.383357,-0.867358
0.688668,-0.126684,-0.644122,-0.285963,-0.111547
-0.140578,-0.291848,-0.0153845,0.112022,-0.938114
-0.289083,0.82562,0.340652,-0.247988,0.238909
0.465241,0.405789,0.518924,0.475614,-0.355087
-0.439149,-0.0912804,0.582119,0.415267,-0.53573
0.393483,0.0509922,0.848172,0.061793,0.338534
0.0699851,-0.062401,0.19645,-0.752031,-0.621142
-0.18183,-0.0366419,0.765322,-0.273455,-0.552747
0.477445,0.0330403,-0.4739,-0.702492,0.226625
-0.583235,0.21243,-0.643607,0.28054,0.349993
0.305924,-0.871509,0.322981,0.182996,0.0917397
-0.16517,-0.50375,0.397566,0.456167,-0.593058
0.0300768,0.459071,-0.337268,-0.651324,-0.49945
0.188181,0.00674923,-0.313817,0.926421,0.0875607
-0.270522,-0.620734,-0.563386,-0.245874,0.411143
-0.503006,0.502913,-0.635459,-0.295148,-0.0646739
-0.49367,0.48735,-0.471683,-0.0734583,0.537851
0.752441,-0.191423,0.367729,-0.182048,-0.482669
-0.347313,0.116132,-0.101981,0.789205,-0.483925
0.0528439,-0.250556,-0.420786,0.554202,-0.669497
-0.779051,0.357023,0.0476979,-0.509043,-0.067894
0.600744,-0.291262,0.398198,-0.479567,0.409306
0.261213,-0.466786,0.368649,-0.306773,-0.695107
0.0454747,-0.136855,0.832145,-0.150162,-0.512775
-0.218332,-0.478256,0.567523,-0.617113,-0.142695
-0.622776,-0.250646,0.0476465,-0.515087,-0.530978
-0.176671,0.32195,-0.0396852,0.127553,-0.919345
-0.30655,-0.72595,-0.184308,-0.100848,-0.577526
-0.32866,-0.560084,0.648384,0.255055,-0.300868
-0.174668,0.639158,0.341957,-0.427468,0.50933
0.269445,0.147055,-0.456907,0.793628,-0.257339
0.0382796,0.653472,-0.242197,-0.672375,-0.2415
0.286147,-0.293156,-0.732677,-0.526049,-0.134344
0.301512,-0.435599,-0.264013,0.468651,0.65692
-0.130719,-0.0531057,-0.290487,0.854352,-0.408959
0.0822415,-0.0453747,0.816832,-0.0522005,0.563587
0.0978142,0.0303221,0.848434,-0.516951,-0.0256858
-0.0155776,0.184709,-0.966018,-0.175702,0.0453745
-0.18846,-0.212315,0.0113763,-0.304672,-0.909193
-0.440007,-0.29089,-0.646552,0.402015,-0.376195
0.148649,0.330502,0.176256,0.0509869,-0.913458
0.450737,-0.427553,-0.311247,0.722436,0.0332482
0.313179,-0.156043,0.710063,-0.593246,0.145012
-0.378981,-0.687502,-0.388828,-0.12564,0.463411
0.703958,-0.393195,0.397089,-0.284393,0.330113
0.0725584,0.105186,0.551179,0.821286,-0.0695812
-0.467718,0.484847,0.583156,-0.1187,-0.443199
-0.101787,0.267601,0.455575,-0.728489,-0.422425
-0.56567,0.722902,-0.246798,-0.0293494,-0.304212
-0.15755,-0.179603,-0.196209,-0.815906,0.488937
0.597489,0.138461,-0.662564,0.152075,-0.399033
0.615433,-0.150177,0.665093,0.3599,0.165711
0.053171,0.915421,-0.0332051,-0.0357207,0.392899
-0.79531,-0.2627,-0.284181,0.464462,0.0520723
0.241143,0.284444,0.38004,0.578533,0.618101
-0.122513,-0.00857618,-0.847958,-0.0555332,0.512251
0.114561,0.0574996,-0.732985,-0.186623,-0.643418
-0.00778172,-0.768557,0.516769,0.293953,-0.23459
-0.570366,0.547941,0.514402,-0.320547,-0.0888816
0.527317,0.139367,-0.37262,0.744281,-0.102945
-0.455914,-0.118633,-0.230872,0.0577348,-0.848684
0.25659,-0.894778,-0.332172,0.155723,0.000114707
0.262412,0.0992613,0.311845,0.899463,0.130424
-0.637843,0.329339,-0.406217,0.490142,-0.28071
0.110761,0.681024,-0.17166,-0.704144,0.0108309
0.232481,-0.231668,0.526343,-0.752411,-0.221296
0.327896,0.712155,0.127145,-0.419984,-0.443766
-0.0068775,0.373319,-0.869216,0.292379,0.149333
0.315215,-0.205872,0.768346,-0.4794,-0.199646
0.0266454,-0.527161,-0.565384,0.37467,-0.508992
-0.656465,-0.111982,0.368504,-0.418627,-0.490676
-0.203219,0.818463,0.279894,-0.444744,-0.0991779
-0.365211,-0.23942,0.275981,-0.481495,0.709705
-0.188264,-0.239166,-0.299873,0.88209,-0.20254
-0.0199871,-0.463222,0.264804,-0.46904,-0.705167
-0.286405,-0.812603,0.403377,-0.256789,0.171853
-0.800829,0.337293,0.490593,-0.0121871,-0.0481743
0.666295,-0.0672925,-0.416538,-0.344579,-0.511887
0.227695,0.729041,0.362096,0.534297,0.0254781
0.197921,-0.565399,0.124643,-0.489657,0.62127
0.535696,-0.172143,-0.738358,-0.188642,0.323093
0.755884,0.55083,-0.341659,0.052043,0.096375
0.54681,0.208734,0.788065,0.142526,0.131653
0.19299,-0.64906,0.45786,-0.261566,-0.516633
0.801092,-0.268411,0.133383,-0.186128,0.481454
-0.637605,-0.236535,0.060571,-0.675012,-0.274054
-0.349736,-0.297959,0.110218,-0.721388,-0.506394
0.461129,0.635821,0.0441831,-0.608355,-0.115673
0.0613664,-0.83698,-0.0259265,0.412995,0.352235
-0.101239,-0.286215,-0.119918,0.438289,-0.838266
-0.378654,0.138038,-0.761617,-0.493124,-0.118202
-0.877353,0.346142,-0.159113,-0.212271,0.200092
0.380317,0.441905,0.707029,-0.229878,-0.326225
0.102304,0.338673,0.483331,-0.344256,0.721928
-0.330424,-0.655647,0.588013,0.236613,0.24093
-0.834149,-0.181056,0.079651,-0.0514105,-0.508932
0.228206,-0.419739,0.169154,0.820112,0.269157
0.286357,0.502471,-0.42764,-0.691005,0.0691097
-0.0517717,-0.687234,0.625868,-0.0114195,0.364989
0.0981041,0.743458,-0.0443186,-0.197252,-0.632027
0.561552,-0.0609769,0.264637,-0.164022,-0.766914
-0.450729,0.500684,-0.178343,-0.113714,0.705451
-0.669148,-0.400892,0.311696,0.451343,0.300441
-0.111272,0.885902,0.423788,0.108106,-0.10116
0.593865,-0.28606,-0.368445,0.556873,-0.350078
0.597508,-0.358966,-0.346315,-0.17167,0.605498
0.0418356,-0.839958,0.483676,0.222841,0.106491
0.142491,-0.464066,-0.87091,-0.0355873,0.0826353
-0.550856,-0.137592,-0.728837,0.382981,-0.0122141
-0.558941,-0.30967,-0.620589,0.034062,-0.455884
-0.839743,0.0357312,0.148028,-0.503053,0.138773
0.275889,-0.160384,0.263987,-0.523823,0.745504
-0.0934426,-0.806504,0.120697,-0.463178,-0.335033
-0.533864,0.245314,0.602443,0.52006,0.155304
-0.741424,-0.0902199,0.638037,0.146039,0.111241
-0.350305,-0.0567333,0.733027,0.12127,0.567396
0.371694,-0.482927,0.0635449,-0.0628231,0.786739
-0.247832,0.490493,-0.223777,0.0468137,0.804698
-0.493924,0.280118,0.645136,-0.507894,-0.0341571
0.404714,0.6137,0.0831417,-0.339521,0.581992
-0.532981,-0.51113,-0.378277,-0.542292,0.118741
0.264723,-0.121704,-0.449075,-0.642786,-0.549156
-0.298534,-0.684423,0.0347627,0.599644,0.278353
0.00173453,0.195099,0.311714,0.930878,-0.0263968
0.476093,0.374047,-0.10891,-0.641271,0.458468
0.177986,0.481798,-0.115922,-0.848162,0.034218
-0.0041073,-0.985283,0.0012289,-0.120236,0.121427
0.0315134,0.906067,-0.0452038,0.17406,0.382442
-0.445357,-0.0704474,0.498759,0.647057,-0.364258
-0.306608,0.0958242,0.477605,0.723667,-0.381098
0.635424,0.15459,0.382775,0.145572,-0.636392
0.883402,-0.305314,-0.264382,0.0838718,0.222895
0.451341,-0.0756507,0.822464,0.0159602,0.341598
0.207846,0.046482,-0.637565,-0.72782,0.138428
0.039827,0.0446606,0.309735,-0.0482325,-0.947223
0.639675,-0.475562,0.458583,-0.12828,0.369697
0.810791,0.311442,0.164399,-0.0962141,0.454929
-0.471865,-0.455176,-0.452269,-0.271379,0.543957
-0.634328,0.0354528,0.702563,-0.0698622,0.319898
-0.521071,-0.531861,-0.0220247,-0.529191,0.409278
-0.464574,-0.558676,0.0824446,0.539737,0.415306
-0.38246,0.592166,0.217131,-0.123432,-0.659903
-0.0522031,-0.752567,0.414759,0.384231,0.333716
0.259346,-0.932713,0.0284135,-0.192859,-0.16622
0.295708,0.758556,0.00431119,-0.443479,-0.376453
-0.413634,-0.376811,-0.720983,0.284698,-0.301247
-0.316877,0.54351,0.549636,-0.549996,0.0344615
0.30387,-0.330299,-0.0382503,0.847642,-0.277198
0.259208,0.5974,0.428047,-0.228477,-0.585218
0.00685046,-0.115086,-0.781381,0.265911,0.555644
0.344923,-0.766182,-0.0169318,0.234037,0.484781
0.565971,-0.155675,-0.448969,0.109286,0.66335
-0.224009,-0.789633,0.105055,-0.0329774,-0.561964
-0.717474,-0.167133,0.495811,-0.457133,0.00154953
0.710438,0.121983,0.149741,-0.183487,-0.653007
0.455029,-0.712777,0.159457,-0.511773,-0.0205185
0.712985,-0.340809,0.165674,-0.57732,0.132379
-0.479465,0.233824,0.296528,0.14564,0.778878
0.425644,0.718068,0.253796,0.393682,0.291186
-0.40171,0.198902,-0.355206,-0.691919,0.445405
-0.0887333,0.525383,0.657839,-0.381584,0.372123
-0.531807,-0.409726,-0.508736,-0.279296,0.460338
-0.00644106,-0.192509,0.736018,0.194957,-0.620328
0.641061,0.606796,-0.0378697,0.1399,0.450467
0.774867,0.302573,0.529926,-0.139716,0.0876166
-0.0854522,-0.319418,-0.270175,0.867282,0.256801
0.462488,0.359626,-0.196407,0.141458,-0.773106
-0.151941,-0.520241,-0.817825,0.123278,0.151462
0.496174,0.305165,0.753816,-0.228218,-0.214023
0.547468,-0.0833038,0.122081,-0.401159,0.718484
0.112253,0.685969,-0.382268,-0.517165,-0.314763
0.761741,-0.0223364,-0.353761,0.537477,0.100343
0.554295,-0.785939,0.135082,0.230132,-0.0621298
0.0119103,-0.222727,0.526894,0.0867141,-0.814044
-0.756129,-0.490282,-0.114885,-0.217184,-0.355729
-0.198458,0.712159,0.450401,0.166859,0.47117
-0.497452,0.556133,-0.406113,-0.126834,0.509242
-0.691795,-0.599738,-0.368071,0.0497533,-0.15224
-0.456744,-0.22177,0.802918,-0.299007,0.0790926
0.379654,-0.402261,-0.461483,-0.219214,-0.658774
0.0823589,-0.900827,0.245711,-0.004931,0.352049
0.939676,0.221601,-0.101584,-0.240741,0.0319794
0.21677,0.215325,0.0930087,0.311972,0.895331
0.259156,-0.0482554,-0.861757,0.0810236,-0.423978
0.432138,0.292942,0.260381,-0.430329,0.688185
-0.566208,-0.407577,-0.526726,-0.396316,0.285407
0.42527,-0.181397,0.0826191,0.467673,0.748875
0.0923405,0.0541867,0.785357,-0.547024,-0.277296
-0.190073,-0.0626233,-0.0986235,0.404039,0.889248
0.0583171,-0.725358,0.00763885,-0.269575,-0.631773
-0.310597,0.262566,0.436248,0.521005,0.611042
0.280771,-0.927514,-0.184552,0.158499,-0.00272325
0.758149,0.0899664,-0.60439,-0.072906,-0.216149
0.377079,-0.0874299,-0.773504,-0.0140589,-0.500532
-0.380583,0.897787,-0.124437,-0.167791,0.0532833
0.333806,0.403552,-0.686797,0.501657,0.054227
-0.679232,0.265335,0.648615,0.218473,0.0288092
-0.834116,-0.199158,0.119699,0.0298711,0.496836
-0.00379929,-0.255386,-0.280504,-0.85085,0.363108
-0.45674,-0.380853,-0.716515,0.141001,0.336643
0.425035,0.613165,-0.261084,-0.568386,-0.23345
0.425047,0.0853513,0.744998,0.502798,-0.0486743
0.0680676,-0.532433,0.446509,-0.47488,0.536453
-0.704222,-0.637878,0.0285896,0.271103,-0.145624
-0.230666,0.358013,-0.0186172,-0.288076,0.857277
-0.015658,-0.26303,-0.366845,-0.879653,-0.149001
-0.104097,-0.683679,0.388569,-0.594155,0.110991
-0.529536,0.106566,0.812285,0.123119,-0.181194
0.404107,0.269715,0.566099,-0.629658,-0.213278
-0.247303,0.223145,0.174791,-0.255294,0.890439
0.0414575,0.125175,-0.647326,-0.371155,0.652758
0.606692,0.148016,-0.00284157,0.370544,-0.688332
-0.0145126,0.124408,-0.388082,-0.303975,-0.863538
-0.159995,0.204336,-0.388361,0.590212,-0.661206
-0.335228,0.0810759,-0.234649,0.708015,-0.571892
-0.480192,-0.226048,-0.84716,0.0339457,0.0219088
-0.91426,-0.0135959,-0.139733,-0.129992,-0.353546
-0.519279,0.729032,-0.369162,-0.24425,0.0271746
0.866401,0.25535,0.353468,-0.206777,0.127636
-0.335096,0.891516,-0.262452,-0.132478,-0.0298968
-0.149619,-0.805954,-0.28414,0.370913,0.329062
0.493969,-0.579795,0.167833,-0.468991,-0.413347
-0.250533,0.493303,-0.648016,-0.146299,0.500533
0.187473,-0.0917255,-0.889017,0.113968,-0.39266
0.169929,-0.219579,-0.92816,-0.155897,0.189818
0.29625,0.385076,-0.270006,0.369214,-0.745286
0.201427,0.501533,0.208227,-0.809428,-0.106324
0.237734,-0.0163992,-0.853033,-0.436037,-0.159247
0.527416,0.0791749,-0.411928,-0.360986,0.643896
0.327224,0.497112,0.0338559,0.802279,-0.0251504
-0.009112,0.491169,-0.252893,-0.141388,-0.823807
-0.389499,0.795512,-0.10792,-0.130666,-0.432096
-0.457835,-0.587035,-0.122695,-0.318519,0.57401
0.827525,-0.278567,-0.40321,-0.154653,-0.230626
0.417699,-0.528548,0.340762,-0.367424,0.540773
0.0116479,-0.604704,-0.113799,0.774029,-0.148483
-0.0333074,-0.532079,0.79019,0.25958,0.150087
0.326541,0.478206,-0.794712,-0.0276904,0.189273
0.472599,0.512446,-0.315688,0.504348,-0.400916
-0.0809048,0.529258,-0.802613,-0.11161,-0.238244
-0.849778,-0.101186,-0.410451,0.0948911,0.297932
9.03547e-05,0.0816961,-0.162609,0.314084,-0.932264
0.103007,-0.164233,0.393978,-0.00672827,0.89911
-0.189562,0.283962,-0.630595,-0.615227,0.322884
0.518467,0.336347,-0.485748,-0.36802,-0.495542
-0.778155,0.444943,0.161334,-0.115653,-0.392461
-0.401591,-0.605707,-0.491835,-0.235189,-0.413963
0.056598,0.350589,-0.355236,0.813957,0.290265
0.099624,0.360833,-0.661722,-0.64733,-0.0897941
-0.0607505,0.446163,0.0801013,0.765407,0.451503
0.722347,-0.507518,0.203241,-0.400668,-0.135674
0.258375,0.327401,-0.785051,0.393945,-0.2373
-0.32733,-0.302553,0.32822,-0.35834,-0.749479
0.250439,0.729964,0.014589,-0.389228,-0.50228
0.326384,-0.03042,-0.19339,-0.810131,0.444172
-0.417753,0.24659,0.246883,0.266596,0.795961
0.792302,0.462301,0.330897,0.208912,-0.0826012
0.469314,0.190359,0.399687,-0.390947,-0.655195
-0.826067,0.201648,-0.478593,0.119799,0.182794
0.182783,-0.0221131,0.862786,0.35557,-0.312666
0.276554,0.842633,0.289729,-0.165134,0.325001
0.279097,-0.196231,-0.19507,-0.769112,0.500892
-0.102808,0.418469,-0.286825,-0.0409269,0.855029
0.614489,-0.557151,0.0311218,-0.00528245,-0.555786
-0.333502,0.79942,0.114636,0.127629,-0.465169
-0.676037,-0.272909,0.674483,-0.0635606,-0.0928859
0.340083,0.435289,0.291582,0.220908,0.750106
-0.532539,0.636769,0.423894,-0.0999017,0.348615
0.328117,0.245143,0.0573475,0.645991,-0.642668
-0.122442,0.579635,0.379836,-0.617145,-0.352954
0.161806,0.535832,0.244766,0.769883,0.188321
-0.687217,-0.309764,0.530177,0.106614,0.370708
-0.0308639,-0.871174,0.109957,0.470223,0.0868495
-0.127039,-0.224863,0.237459,0.543964,0.76083
-0.311036,0.347873,0.785004,-0.409207,0.00152501
0.230841,0.0260261,-0.832015,-0.0752912,0.497059
0.0514148,-0.80293,0.391415,-0.442634,0.0570789
0.334279,-0.776947,0.369912,-0.0809193,-0.376051
0.518859,0.350749,0.0370768,0.0676205,0.77438
0.446647,-0.592269,0.63867,0.203722,0.0367532
0.13176,0.720681,-0.25342,0.483142,-0.406772
0.267836,-0.126949,-0.37599,0.536086,-0.693753
-0.519168,0.284147,0.735369,-0.188512,0.269632
0.142305,-0.169896,0.0786159,0.246362,0.940197
-0.176985,-0.169009,0.439226,-0.759593,0.411907
0.830599,-0.00363922,0.360397,-0.329701,-0.26955
0.5013,-0.763595,-0.207982,-0.149317,-0.318071
-0.109995,-0.363663,-0.486914,-0.262763,0.742468
0.0133152,0.108979,0.820948,-0.531672,-0.186315
-0.72542,0.0928577,0.63497,0.188266,0.162903
0.161171,-0.146971,0.245083,-0.000662794,-0.942363
-0.218603,-0.937521,0.177995,-0.0959562,-0.180319
-0.177945,0.311599,0.395434,0.428636,-0.72576
0.674627,0.507094,-0.205119,-0.238093,0.434777
0.349542,0.581505,0.578498,-0.401096,-0.208529
-0.747515,0.387497,-0.0902983,-0.530041,-0.0412351
-0.363497,-0.452443,-0.0926489,-0.564587,-0.5783
-0.286069,-0.656688,0.612801,-0.143559,-0.300525
-0.231511,-0.80572,-0.364243,0.385344,-0.143633
0.240438,-0.548896,0.458218,0.607521,0.244828
-0.184801,-0.286953,-0.844164,-0.197263,-0.362916
0.536899,-0.43787,0.494684,0.521619,-0.0687799
-0.321132,0.45284,-0.601099,-0.236541,0.525492
-0.471177,0.096408,-0.566106,0.219301,-0.63354
0.0694054,-0.16794,0.350417,0.33661,0.855305
-0.593166,0.283492,0.162749,-0.711178,-0.192346
0.476178,0.174974,0.346287,0.657413,0.438557
-0.18951,-0.698094,-0.664223,-0.0829036,-0.168474
-0.603303,-0.303103,-0.329501,0.376882,-0.541828
-0.544962,0.516942,-0.107225,-0.082304,-0.648193
-0.395004,0.599287,0.690669,0.000458388,-0.0762719
0.0377471,0.0885174,-0.134612,-0.955918,0.24394
-0.991012,-0.0455404,-0.114975,-0.0123276,0.0114617
0.829785,-0.0885239,0.364457,0.373668,0.172385
0.454947,-0.684627,-0.217787,0.52598,0.0506711
0.099729,0.88204,-0.3157,-0.308437,0.133326
-0.282923,-0.398303,0.633795,-0.112234,-0.586396
0.0438687,-0.207383,0.147223,-0.267289,0.928552
0.323812,-0.41934,-0.150993,0.164243,-0.817726
-0.198936,-0.457838,0.270891,-0.713532,-0.408398
-0.339196,0.90976,-0.0307634,-0.163977,0.171082
0.325726,0.446351,0.768163,0.284905,0.150528
-0.170287,0.152681,0.762814,-0.549423,0.252757
0.139543,0.782268,-0.206799,0.397422,0.40986
0.0772161,-0.836737,0.168156,-0.486231,-0.171076
0.436721,0.54043,-0.414274,0.502272,0.307153
-0.674314,-0.201589,0.453362,0.526666,0.130266
-0.219181,0.180338,-0.302748,0.628176,0.658356
0.270749,0.705424,0.100611,0.6218,-0.175875
0.621121,0.692795,0.0686143,-0.235122,-0.265138
0.469247,-0.259646,0.243857,0.0401062,-0.808004
-0.239315,-0.392075,-0.0177612,-0.143144,-0.875249
-0.543356,0.158885,-0.0114606,0.79508,-0.219722
0.471372,-0.354945,-0.13681,0.013413,-0.791706
-0.157706,-0.301306,-0.500183,0.768881,-0.209159
-0.174483,-0.218464,-0.501741,0.428616,-0.696876
0.56231,-0.419035,-0.656842,-0.229478,-0.159661
-0.0317828,0.27341,0.866702,0.411728,-0.0166859
0.857145,-0.188255,-0.28735,0.0255394,-0.382218
0.453096,-0.35641,-0.31626,-0.46071,0.596112
-0.412162,-0.650048,-0.557187,0.167042,0.264036
0.421051,0.109087,-0.408106,0.786078,0.162831
0.0777327,0.242053,0.168851,0.876822,0.371798
0.796091,-0.242967,-0.291554,0.0146809,-0.469245
0.251599,0.261393,0.920409,0.0135522,0.15931
-0.132899,0.846765,0.137249,-0.010503,0.49442
-0.705946,-0.170331,-0.344232,0.571488,0.166915
0.0477268,-0.693612,0.52554,0.29058,-0.396753
-0.318622,0.763384,-0.301922,-0.457341,-0.122697
-0.165364,-0.184101,-0.40902,-0.790868,0.380739
0.109213,-0.38844,-0.792133,-0.22131,0.406662
-0.625707,0.33275,0.658215,0.163924,0.198394
-0.769147,-0.377652,-0.492269,0.102542,-0.122137
0.567805,-0.352813,0.500589,0.505248,-0.21686
-0.102962,0.394157,0.198086,-0.877089,-0.158738
-0.474584,-0.841423,0.2302,-0.0703089,0.0885608
0.743089,-0.536107,-0.201948,0.290329,0.190993
0.026736,-0.400615,-0.446426,0.790747,-0.126655
-0.221512,-0.216267,0.334537,0.269499,-0.848149
-0.460517,0.575454,-0.34161,0.26305,0.519031
0.603415,0.320647,0.393418,0.183866,0.587935
0.079435,-0.759065,0.464458,-0.117864,-0.431729
-0.745992,-0.0386546,-0.210291,-0.611046,-0.144259
0.135727,-0.496772,0.780135,-0.287441,-0.210812
-0.0384196,-0.433496,-0.33491,-0.484127,0.68325
-0.728717,0.0707355,-0.0327621,0.461671,-0.49787
-0.288016,0.840741,0.118426,-0.444035,-0.0357745
0.123908,-0.16078,-0.523135,-0.823605,0.0696311
0.178621,0.504164,0.797882,-0.271578,-0.0662617
-0.822542,0.199438,0.364863,-0.302119,0.240278
-0.0511838,-0.68043,-0.342313,0.15229,-0.628934
-0.724576,0.378477,0.0426269,-0.156099,0.552168
-0.790784,-0.157783,-0.0717357,-0.576199,-0.122569
-0.021329,-0.562851,-0.302327,-0.698882,-0.32046
-0.153942,0.245604,0.423456,0.384236,-0.769779
0.459937,0.0603089,-0.520085,0.637946,-0.328942
0.578523,-0.7005,-0.162434,-0.369711,0.131795
0.361473,0.0810545,0.64123,-0.378031,0.556924
-0.925254,-0.112414,-0.171808,0.294829,0.112738
-0.785943,-0.215136,0.529713,-0.138908,-0.194498
0.239094,0.189954,0.120195,0.59227,-0.734155
0.212815,-0.941837,0.164708,-0.16248,0.126588
0.0685006,0.81559,0.227442,0.321078,0.420589
-0.149351,-0.123703,-0.267084,-0.0648088,-0.941865
-0.833937,-0.235696,0.365517,0.145132,0.305205
0.797161,-0.0225273,-0.0242575,-0.602201,-0.0479174
-0.0237129,-0.125657,-0.717474,0.457052,0.510771
0.643586,0.262458,0.656738,-0.13141,0.261026
0.220921,0.445376,0.353426,0.315265,-0.727824
0.716236,0.365656,-0.41779,0.380806,0.183764
0.823259,0.396171,0.318257,0.250021,0.00817729
-0.68681,0.168395,-0.394993,0.542529,-0.224072
-0.692039,0.42411,0.327785,0.396459,-0.277259
0.880326,0.387021,-0.0138215,-0.265691,0.0413302
0.217734,0.306879,0.7153,0.196929,-0.553132
-0.808277,-0.355168,0.0537656,-0.0337964,0.466589
-0.388975,-0.0553375,0.0115357,0.914072,0.107382
0.585282,-0.157376,0.570191,-0.280945,0.477449
0.923795,0.259636,-0.127188,0.217796,-0.141431
-0.21794,0.100925,-0.302346,-0.874916,-0.291417
0.211981,0.688384,-0.127296,0.247743,0.635901
-0.0180561,0.915011,0.139271,0.306003,-0.217552
0.737374,-0.23254,-0.470223,-0.362382,-0.227458
0.453346,0.0852754,-0.319236,0.802933,-0.202729
-0.649459,-0.241214,-0.450876,-0.256476,0.500974
0.665798,0.690881,-0.192433,0.0182087,0.206594
-0.646436,0.121356,-0.600728,-0.238061,-0.387039
0.0569119,-0.371027,-0.367861,0.762851,-0.374351
-0.728053,-0.343613,-0.470613,-0.213723,-0.290527
0.00400085,0.545036,-0.587209,-0.595655,-0.0540562
-0.40718,0.0902932,0.144266,0.192728,-0.876075
0.395712,-0.249559,0.483132,0.732461,-0.108773
-0.14585,-0.27753,0.481062,-0.573101,-0.58345
-0.731071,-0.629689,-0.20341,-0.00778424,0.162525
-0.439093,-0.00481784,0.301394,0.68149,-0.500762
-0.0315461,-0.735712,0.134717,0.37896,0.543612
0.612928,-0.598785,0.286264,0.425492,-0.0735059
0.468927,0.65007,-0.195371,0.36432,0.436397
-0.280065,-0.762606,0.374317,0.395399,0.209829
0.317485,0.383756,-0.104559,0.746828,-0.426148
0.175333,0.80521,-0.0551199,-0.521674,0.206815
-0.232503,-0.251498,-0.479224,-0.0585402,-0.805643
0.255166,-0.305433,0.180435,0.80515,0.401474
-0.531943,-0.540633,0.581068,-0.0192572,-0.294515
-0.160919,-0.455972,-0.603046,0.626405,-0.0840769
-0.172856,-0.101522,0.72496,-0.0781498,-0.653787
0.209556,-0.317723,0.688635,0.488299,-0.380555
-0.520681,0.676109,-0.470177,-0.227735,-0.00939495
-0.840335,-0.410231,0.231566,-0.216869,-0.153888
0.0619361,0.753223,-0.0792154,-0.602217,0.242985
-0.127518,-0.253956,-0.80375,-0.522578,0.00731825
-0.51089,-0.269276,-0.316213,-0.113959,0.744582
0.245241,0.369483,-0.754858,0.0251886,-0.480256
-0.00863189,-0.417312,0.751169,-0.501203,0.117859
0.0382843,-0.894414,0.00028184,-0.172222,0.41028
-0.544404,-0.472872,-0.341829,0.171981,-0.57813
-0.0643928,-0.112918,-0.058277,0.957298,0.255209
-0.268111,0.802775,0.0111614,0.348615,0.403471
0.483128,-0.135964,-0.190554,0.219484,0.816731
-0.0117114,0.314951,0.787363,0.0401934,0.529867
-0.759655,-0.303555,-0.0250206,-0.532904,0.206175
-0.465346,-0.709015,-0.427034,-0.249041,-0.190746
0.294168,0.32012,-0.831411,0.198262,0.279225
0.634841,-0.590463,0.0199688,0.202086,0.455296
0.209731,-0.511571,-0.439987,0.310937,0.639256
0.238937,-0.378963,-0.226638,-0.658657,-0.564266
-0.0754656,0.349013,0.146208,-0.846389,-0.365174
0.54553,-0.0277841,0.734342,-0.348745,-0.201627
0.645323,-0.194326,-0.633602,-0.0554766,-0.377719
0.79147,-0.266427,-0.0933691,-0.506924,0.193383
0.446189,0.20694,-0.670731,0.0244549,0.553633
0.243407,-0.226334,-0.603646,0.447425,0.572812
-0.594859,-0.387627,0.439103,-0.298295,0.462599
-0.149587,0.046472,-0.0971629,0.320981,0.929899
0.205254,-0.250695,-0.406536,-0.805003,0.288714
-0.059721,0.120939,-0.805375,-0.124506,-0.561302
-0.180156,-0.116592,-0.561896,-0.0447012,-0.796737
-0.193925,-0.127897,0.441319,0.838252,-0.216338
0.153044,-0.0182377,-0.499819,-0.119506,-0.842754
0.333665,-0.358071,0.29178,0.603583,0.559563
-0.0154167,0.196562,0.689234,0.49992,0.487558
-0.56926,-0.233811,0.775059,0.00218499,-0.130952
-0.490126,-0.352816,-0.247813,0.0555529,-0.755284
-0.262571,0.164706,0.389007,-0.813902,-0.299745
-0.412318,0.531275,-0.629344,-0.325884,-0.210841
0.505725,-0.0880791,-0.726709,-0.456126,0.0017112
-0.603522,-0.119397,-0.173135,-0.763456,0.0881074
-0.430488,0.425223,-0.264143,-0.147394,0.734908
-0.425838,-0.774696,-0.359627,0.0989669,0.278987
-0.546265,0.170771,-0.230253,-0.611246,0.497649
0.755958,-0.297411,0.0300212,-0.112588,0.571025
0.283664,0.554629,0.521364,-0.563068,-0.155669
0.711693,-0.573838,0.371151,-0.155212,0.0675358
0.408379,0.457197,0.120441,-0.638334,-0.447919
-0.561353,-0.174477,-0.77743,-0.128105,-0.182963
0.750949,0.366001,-0.269419,0.196949,0.432951
0.0681665,0.261151,-0.602157,-0.683426,0.315132
-0.239782,-0.0130024,0.263707,0.452952,0.816156
0.0206662,0.348213,0.260552,-0.853724,-0.282153
-0.802115,-0.201391,0.374863,-0.0571285,0.41479
-0.861294,-0.298032,-0.25176,0.0525254,-0.32216
-0.325493,0.594582,-0.0698728,-0.429706,-0.5921
0.684783,-0.243374,-0.236984,-0.496802,0.414744
-0.371135,0.524276,-0.545903,0.0830436,0.531096
-0.0893813,0.749969,0.614119,0.147657,-0.16313
-0.167128,0.4134,-0.371232,-0.705734,0.406476
0.0894144,-0.0688214,-0.929373,0.177987,-0.301422
-0.903755,0.210213,0.335968,0.129228,-0.0905264
-0.435318,0.119965,0.598049,-0.66175,-0.0492372
0.0553671,0.551517,0.374233,0.553224,0.49536
0.619336,-0.293121,-0.489496,-0.360762,0.39872
0.200768,-0.17969,0.64381,0.255408,0.668574
0.42751,-0.348117,-0.0277629,-0.455244,-0.699312
-0.289205,-0.11247,-0.0432234,-0.91903,0.242768
-0.834119,0.153111,0.108584,-0.0526884,0.514912
-0.406517,-0.681396,0.48062,-0.275489,-0.245037
0.426504,-0.48235,-0.0920184,-0.739682,-0.164836
-0.329134,0.833582,-0.119352,0.41443,-0.0809961
-0.122345,-0.566757,0.618813,-0.5016,0.169382
-0.157347,-0.526882,-0.534124,0.14948,-0.626245
0.259264,-0.406102,-0.730706,0.310985,-0.371595
-0.794776,-0.281928,0.52784,0.0712055,-0.0754024
0.0891205,0.0173845,-0.224274,-0.950845,-0.201867
-0.376879,0.810796,0.196823,-0.0831182,0.391665
0.607278,-0.723609,-0.170977,-0.281054,-0.0397515
-0.00982128,0.0849378,0.597253,0.538122,-0.591161
-0.407016,-0.105765,-0.411998,-0.499638,-0.633983
-0.481325,-0.154233,0.285402,-0.758263,-0.297053
-0.245471,-0.238962,0.650804,-0.677086,-0.0290654
-0.0278369,-0.0109145,0.839765,-0.539889,0.056687
0.69215,-0.64689,0.0407415,0.311866,-0.0484373
-0.547074,-0.55433,-0.514612,0.256986,0.248809
0.487264,-0.259214,-0.541642,0.272423,0.574616
-0.282441,0.846054,0.267616,0.349914,-0.112368
-0.518017,0.141149,0.807485,0.241834,0.0136705
0.619648,0.147119,-0.750026,0.0861286,-0.161454
0.017315,0.873033,0.426401,-0.113744,0.202677
-0.118329,0.232152,0.168895,-0.943759,0.110704
0.696629,-0.111004,-0.256487,0.651023,0.109867
0.34813,0.0868528,-0.852976,-0.376243,0.0496733
-0.436425,0.523731,-0.256692,-0.242109,-0.64341
-0.493688,-0.140993,0.0758517,0.802343,0.298397
-0.447617,-0.459073,-0.510714,-0.216822,0.529199
0.258832,-0.863338,-0.370247,-0.0688542,0.215594
0.179974,-0.430317,0.159961,0.46169,-0.734885
-0.69383,0.0415622,0.138513,-0.010781,0.706248
0.444533,0.121394,0.589994,0.184258,-0.635065
-0.213167,-0.69777,0.405389,0.512723,0.193586
-0.027516,0.730492,0.341661,-0.557342,0.202807
0.205677,0.392297,-0.628101,0.444302,-0.457541
0.231559,-0.689402,0.668628,-0.112634,0.103161
-0.339977,-0.100557,0.444406,0.254309,0.781019
-0.659354,-0.466409,0.0952314,-0.459844,-0.361643
0.893091,0.209946,-0.118908,-0.170596,-0.340161
0.745269,-0.107925,-0.397426,0.256846,-0.457793
0.274063,0.41818,-0.80062,0.0800677,0.318252
-0.169823,-0.631564,0.550436,0.470848,0.222815
0.0126692,-0.560857,-0.0398069,0.758814,-0.32807
-0.301501,-0.354715,0.299986,0.387067,0.737128
0.441427,-0.747724,-0.0539561,0.0331831,-0.488572
-0.536604,0.322935,0.425071,0.18827,-0.627007
0.226449,0.622115,-0.318337,0.345691,0.583347
0.106438,0.217247,-0.81947,-0.464306,-0.235267
0.661288,0.298673,0.299398,0.450182,0.426523
-0.154494,-0.444773,-0.320901,-0.0798364,-0.818039
0.201941,-0.875293,0.399348,-0.101932,0.146257
-0.147686,-0.308743,-0.25742,0.180513,-0.886955
-0.661146,-0.167173,-0.179275,-0.074649,0.704417
0.177686,0.543608,0.430793,-0.333915,-0.615926
0.27504,-0.369028,0.618752,0.263288,-0.583122
-0.0181857,0.269438,0.725403,0.258253,-0.580405
-0.278256,0.165593,0.103823,-0.482611,-0.807682
-0.589864,0.353957,-0.230326,0.56387,0.397764
-0.573805,-0.749275,-0.255965,-0.177857,-0.104401
0.332332,-0.472253,0.583741,-0.366887,-0.434153
-0.49909,-0.528131,0.159914,0.587609,0.318383
0.497806,-0.360246,0.777815,-0.133658,-0.00936171
0.538155,-0.310468,-0.249061,-0.556955,-0.493303
-0.101649,-0.192504,0.6672,-0.698156,0.13543
0.438693,-0.278734,-0.816899,0.123198,-0.213009
-0.135382,-0.589759,-0.772834,-0.162727,-0.0818485
0.397138,0.881979,-0.211358,-0.132409,-0.0147956
0.621517,0.244313,0.669665,-0.164195,-0.286094
-0.0733976,0.250896,0.70924,0.6129,0.232671
-0.121951,0.480053,0.180457,0.0340236,0.84882
-0.24931,-0.177653,0.437898,-0.633677,0.559443
0.190298,0.294819,0.00567094,-0.915652,0.198714
0.285642,-0.451579,-0.307041,0.579904,0.535308
0.10409,0.20496,0.950556,0.114902,0.174945
0.765014,0.442613,0.274557,-0.312035,0.205901
-0.144731,0.126322,-0.535036,-0.707586,-0.417002
-0.2655,0.0948407,0.16292,-0.199298,-0.923676
0.934193,0.0362066,-0.035618,-0.319765,-0.144368
-0.240295,-0.355901,0.829881,0.322694,0.156196
-0.27121,-0.440039,0.666537,-0.239672,0.481978
-0.619466,-0.0534806,-0.753676,-0.172882,0.132298
-0.17735,-0.12668,-0.511272,0.627663,0.546342
0.11493,0.246775,-0.0266751,0.848793,0.452283
0.219261,-0.410526,-0.130437,0.632472,0.606129
-0.153846,0.208099,0.903832,-0.152812,0.306453
-0.260419,0.765026,0.0527273,0.309467,-0.499936
0.0641043,0.557579,-0.0615596,0.731318,-0.379207
-0.639539,-0.248929,0.145738,0.556991,0.445359
-0.773798,-0.412586,-0.328101,-0.137819,0.320167
-0.531295,0.242563,0.35895,0.676634,-0.272561
0.0605474,-0.866656,0.096231,-0.46827,-0.12075
-0.600413,0.58512,-0.529213,-0.102781,0.0921665
0.593429,0.458033,-0.207713,0.489013,-0.393774
0.182195,-0.266748,0.162087,0.0513372,0.929584
-0.325747,-0.800689,-0.224167,0.0148632,-0.448519
-0.503248,0.339996,0.373818,-0.676222,-0.183248
0.445997,-0.253639,0.514351,0.366213,-0.580679
0.0879378,0.267463,-0.828196,0.145349,0.463454
-0.553746,-0.586497,0.311929,-0.0488975,-0.501205
0.303871,0.568527,0.728012,-0.190137,0.142849
0.460362,0.0734386,-0.846618,0.0998645,-0.225762
0.014476,0.0724547,-0.465569,0.727827,-0.497653
0.0405906,-0.0073749,0.403258,-0.50494,-0.761961
-0.187985,0.165452,0.452612,0.6198,-0.589466
0.668874,0.0982862,-0.376781,-0.393258,-0.493512
0.371504,-0.296779,-0.667297,0.552447,0.156642
0.358738,-0.38055,-0.359129,0.770817,0.0628408
-0.46776,-0.346979,-0.494451,-0.318363,-0.559165
0.690134,0.495398,0.108915,-0.0699142,0.512565
-0.901842,-0.415721,-0.0853277,0.0744857,0.0141789
0.00945531,-0.364988,0.923917,0.118329,-0.00747874
0.495834,0.445012,0.488833,0.515206,0.226797
-0.086951,0.30002,-0.274994,0.454077,-0.791261
-0.710549,-0.307044,-0.146982,0.14778,0.60005
-0.802243,0.52278,0.156855,-0.216126,0.119497
-0.282522,0.772003,-0.17236,-0.459689,0.289426
0.103197,-0.962442,0.107052,0.0265112,0.230526
0.637728,0.0956735,0.426363,0.568873,-0.277242
0.113954,-0.247924,0.155442,0.0490399,0.947428
0.103637,-0.641553,-0.735935,-0.1233,0.129973
-0.225789,0.481705,-0.585717,0.453997,-0.410063
0.954187,-0.0521954,-0.0756013,0.286378,0.0358293
-0.235848,0.0630021,0.919282,-0.247955,-0.184432
0.475411,0.590814,0.173826,0.55556,0.297236
-0.650959,0.0147704,0.30953,0.273972,0.633978
-0.144589,-0.634206,-0.668245,-0.3486,-0.10202
0.713695,0.0718485,0.0598215,-0.669821,0.185609
-0.284333,-0.195366,-0.80367,-0.481577,0.0527591
-0.216723,-0.785777,-0.419207,0.133105,-0.375336
-0.460726,0.68033,-0.283477,-0.046148,0.491074
0.289211,-0.0752822,-0.398946,-0.605386,0.620751
-0.464289,0.773834,-0.0292015,0.40589,0.139747
0.230026,0.503123,-0.579923,0.582745,-0.138464
0.840002,0.257472,-0.166612,-0.327417,-0.299875
0.607204,-0.277649,-0.458451,0.0732073,-0.581989
-0.224482,-0.686564,-0.461586,-0.446959,0.260708
-0.187292,-0.0258747,0.565005,-0.398837,-0.695928
-0.518846,0.57338,-0.272399,0.307869,-0.482123
-0.0258916,0.166451,0.435816,-0.850241,0.240478
-0.314131,-0.350577,0.199862,-0.458039,0.726671
-0.107156,-0.160224,0.108678,0.782853,-0.58094
0.621868,0.399571,-0.206502,0.627487,0.139266
-0.354929,-0.818014,-0.118915,0.429691,-0.102045
-0.613048,0.0614101,0.0650264,0.641224,-0.451506
-0.542234,0.481648,0.0831546,-0.0592817,-0.677422
0.406304,0.229266,-0.208264,-0.365077,-0.779143
-0.00867168,-0.809595,-0.152963,-0.488157,-0.285697
-0.599571,-0.418418,0.345034,-0.417546,-0.41526
-0.538808,0.472317,0.150697,0.609172,-0.305087
0.888487,0.0927308,0.25017,-0.139412,-0.346783
0.226702,0.679455,0.486189,-0.424434,0.27051
-0.401262,-0.038175,0.778748,0.412615,0.239975
0.886335,0.217595,0.151451,-0.354283,0.137931
-0.471126,0.743452,-0.364839,0.184202,-0.241667
-0.0293854,0.681704,-0.0254304,-0.505064,-0.529869
-0.429445,-0.538442,0.189249,-0.383093,0.582814
0.46583,-0.206717,0.381876,-0.679028,-0.367677
-0.514838,-0.255665,0.690218,0.399916,0.184273
0.102577,-0.641012,-0.40972,-0.158451,-0.621146
-0.369066,0.475841,-0.470224,0.0510823,-0.64177
-0.15035,0.172721,-0.0986902,0.683781,0.686111
-0.318058,0.301163,-0.662459,-0.240626,-0.555513
0.0785912,0.318566,-0.361989,0.418191,-0.766742
0.380578,0.0690093,0.901627,-0.120756,-0.160875
-0.494888,-0.382882,0.365252,-0.687902,-0.0654119
0.067217,0.0275053,0.463595,-0.826517,0.308986
0.313281,0.716177,-0.27111,0.144444,0.54573
-0.498345,-0.256691,-0.365618,-0.000822357,-0.739775
0.682223,0.0824426,-0.432126,-0.481855,-0.33216
0.703128,0.493314,0.420884,0.257447,0.144255
-0.565702,-0.400798,-0.567696,-0.0166,-0.445437
0.526602,0.0308723,-0.12288,-0.507489,-0.666043
0.0212533,-0.798098,0.0461536,-0.422529,-0.426295
-0.32497,-0.586071,0.241528,-0.689067,0.129807
-0.18039,0.540459,0.554789,0.0487957,0.602411
-0.662852,-0.340583,0.175635,-0.192672,-0.615464
0.779716,0.411013,0.349227,-0.00375244,0.319268
0.368401,0.104666,-0.701143,-0.605204,-0.0210447
-0.0584404,0.867028,-0.149293,-0.209625,0.425735
0.650042,0.351281,0.613173,-0.259221,0.098023
-0.0953034,-0.779468,0.353147,0.0436909,0.508068
-0.681931,0.0176871,0.707804,0.118588,-0.140992
0.891317,0.278699,-0.132491,0.116972,-0.308797
0.229148,0.106501,-0.254626,-0.839824,-0.408025
0.714603,-0.189593,-0.242947,-0.317578,0.541075
-0.475161,0.356479,0.793061,-0.130683,0.0503444
0.785401,0.00196173,-0.415652,0.0447332,-0.459936
0.130367,-0.347525,0.0279626,-0.709786,-0.599656
0.44318,-0.483388,0.386407,-0.618895,-0.199492
-0.257292,0.198425,0.273592,0.634023,0.646597
0.226267,0.248,-0.730296,-0.594445,-0.0504044
-0.34067,-0.231716,0.783969,0.461368,-0.0655383
0.25756,-0.0780287,-0.430336,-0.723286,-0.464918
-0.539235,0.830952,0.0939719,0.0918481,0.00590526
-0.327043,-0.745452,0.508654,-0.280699,0.0181414
0.293414,0.101901,-0.922848,-0.0539317,0.222771
0.393099,-0.428921,-0.540599,0.606134,0.0277189
-0.0105891,-0.451956,0.534843,-0.568979,-0.434416
-0.429834,-0.410502,0.132018,0.739878,-0.287589
0.303569,0.750287,-0.0741416,-0.382525,-0.442626
-0.676484,-0.156055,0.101025,-0.632294,-0.323185
-0.516333,-0.14162,-0.343911,0.254514,0.725908
-0.409643,0.0189238,-0.389981,0.404764,-0.71894
-0.677749,0.41765,-0.571148,0.0112003,-0.202263
-0.445745,0.781215,0.231776,-0.124336,-0.346103
0.219649,0.0660619,0.397163,-0.637207,-0.619466
0.275361,0.53728,-0.583097,0.0375558,-0.545722
0.283116,-0.530078,0.358771,0.680254,0.21951
0.561282,-0.393427,0.147713,0.689669,-0.189773
0.435082,-0.256087,0.204466,-0.10354,-0.833285
0.185175,-0.587301,0.607993,-0.173489,-0.470675
0.829319,-0.0519855,0.232905,-0.00103172,0.504887
0.714322,0.429228,0.352293,0.39182,0.156946
0.224756,0.385419,0.460357,0.47826,0.601348
0.237067,0.682826,-0.589512,0.118899,0.33946
0.344591,-0.543444,-0.137986,-0.724274,0.202043
-0.880292,0.412038,-0.159799,-0.134193,-0.12034
-0.07705,-0.513473,-0.405846,0.692602,0.29797
0.285061,-0.00577557,0.0331037,-0.940272,-0.183659
0.397479,0.00891369,-0.304705,-0.807442,0.309608
-0.88775,0.433213,0.0982789,0.00757165,-0.118607
0.322941,-0.552742,-0.430606,0.580584,-0.263974
0.790189,-0.465203,0.0479514,-0.0374913,0.392307
-0.28538,0.615062,0.319388,-0.186625,0.63449
-0.3855,0.135625,-0.101303,0.0686822,0.905266
-0.425728,0.569364,0.584871,-0.171107,-0.347385
-0.33442,0.231011,0.473262,0.780783,0.0572714
0.372947,-0.0170135,0.661631,-0.576845,0.293764
-0.610967,0.332938,-0.148329,0.542695,-0.447527
-0.773858,-0.190424,0.188266,0.55439,0.142807
-0.369048,0.761336,0.450695,-0.253843,-0.130456
0.02756,0.602011,-0.500733,-0.411222,0.463947
0.20608,-0.512388,-0.807123,0.0285774,-0.201607
0.323142,-0.120507,-0.119276,0.761024,0.534949
0.0348985,0.0735733,0.750884,0.293136,0.586507
-0.0805022,0.423391,0.73881,0.259328,-0.451956
-0.663405,-0.462848,-0.55768,-0.0318624,-0.185306
0.0974618,-0.00846572,0.547751,0.768673,0.314759
0.212402,-0.00596186,0.515947,0.749611,-0.352135
0.203226,-0.511127,-0.801343,0.199364,-0.145846
0.284212,-0.262283,0.0427055,0.581659,-0.714326
0.0574716,0.864485,0.000220993,-0.0595527,-0.496649
-0.612689,-0.00784679,-0.710948,-0.0870095,0.335247
-0.00728779,0.138101,-0.146855,-0.0789403,0.974757
-0.0441287,0.780327,-0.619706,0.0706602,0.0174688
-0.403753,-0.218887,-0.105698,-0.827156,0.308993
0.145795,-0.37154,0.214244,-0.836608,0.309022
0.494076,0.498604,-0.595864,0.191744,0.34229
-0.598296,-0.338751,0.425335,-0.0629459,0.583913
0.826293,-0.0403779,-0.260902,-0.141261,-0.481683
-0.226055,0.637057,-0.589575,-0.21729,-0.384372
0.375289,-0.10872,-0.866673,0.0710486,0.308097
0.534011,0.313668,-0.285925,0.314526,-0.659097
-0.184129,0.702651,0.539264,0.430916,-0.0104125
-0.293594,0.516559,-0.526813,-0.605557,-0.0311356
0.68644,0.607969,0.279637,0.170566,-0.227805
-0.484565,0.118741,-0.580104,0.640438,0.0714158
0.253906,0.394125,0.636224,0.293383,-0.536769
0.56965,0.605264,0.0739378,0.51235,0.197749
-0.502423,0.212799,-0.0409373,-0.189736,-0.818761
-0.890249,-0.205448,-0.364965,0.000620418,-0.171774
0.0930474,0.216445,0.177794,-0.38842,0.872809
0.072452,0.615634,0.77229,0.113434,-0.0716426
-0.629485,-0.0508777,-0.046062,-0.534382,-0.558058
-0.245417,0.00192524,-0.830787,-0.0154809,0.497012
0.697206,0.0196906,0.213116,0.295894,0.614716
-0.0898383,0.0346602,-0.460516,0.850754,0.233114
0.56686,0.128375,0.393536,0.504419,-0.50338
-0.39518,-0.330626,-0.163761,-0.254041,-0.801347
-0.048289,-0.0972026,0.750755,0.508277,0.402553
-0.217684,-0.642125,0.354104,-0.602668,-0.225207
0.935674,0.0992873,0.128538,-0.2693,-0.156855
-0.426062,-0.272504,-0.0294837,-0.213159,0.833495
0.104988,0.0138976,0.674361,0.635381,0.360715
-0.475694,0.350511,0.325826,0.728691,0.137334
0.0411305,0.542929,0.686198,-0.422359,-0.235576
-0.063837,0.633312,0.665372,0.388516,-0.0425311
0.116799,0.464318,0.528307,0.516501,0.470176
0.106869,0.886616,-0.379821,0.150463,0.181574
-0.0173763,0.60587,-0.000881983,0.789735,-0.0620497
0.0273716,0.554801,0.712375,-0.381232,0.197024
-0.808186,-0.213718,0.497937,-0.0162195,-0.226844
-0.181321,0.8478,0.433053,-0.242411,-0.0471148
0.357872,-0.508134,-0.23799,0.728974,-0.176292
0.0385465,-0.010908,-0.452405,0.243771,0.857423
-0.0572725,0.257012,0.801998,0.0332862,-0.533417
0.451427,0.797284,0.316901,0.0485281,-0.237747
0.177113,-0.512514,0.510633,0.178364,-0.643108
0.581118,0.345699,-0.168387,-0.460343,-0.55002
-0.0686143,0.244684,0.783026,-0.342796,0.454096
-0.0251212,-0.39984,-0.569207,0.320338,-0.643012
0.604214,0.688761,0.116935,0.378425,-0.0787677
-0.17227,-0.0894336,-0.421968,-0.501802,-0.730083
-0.260585,0.276484,-0.103487,0.741204,0.543361
-0.258702,-0.464457,-0.00289964,-0.444217,-0.722934
0.141698,-0.483929,0.531691,0.627821,-0.257954
0.523393,-0.115358,-0.312276,-0.0144088,-0.785691
0.123253,0.604956,0.699687,0.128019,0.335487
0.384588,0.306638,0.101006,0.420337,0.755154
0.0556445,-0.450504,0.785067,-0.306897,-0.285636
-0.110271,-0.295893,0.319359,-0.746762,-0.486769
0.113808,-0.260575,0.4393,0.178139,-0.835566
0.135032,-0.135469,0.145795,-0.91002,0.340523
0.423986,-0.893122,0.0761786,0.0512118,-0.133386
-0.584881,-0.078347,0.137663,-0.172482,-0.776529
0.801154,0.00521416,0.477217,-0.348239,0.0982722
-0.29067,0.943107,-0.151251,-0.0653268,0.00560868
-0.361522,0.597181,-0.110268,0.696681,-0.122871
-0.0507885,-0.663702,0.608755,0.411571,-0.132471
0.111525,0.10111,-0.932582,-0.314834,-0.0742508
-0.209658,-0.243149,0.32216,-0.41823,-0.786808
-0.268859,0.35865,-0.56365,0.00410912,-0.69357
-0.39596,0.870759,0.0545368,-0.216103,-0.187275
0.406098,-0.2117,-0.339118,0.712742,0.408089
0.736439,-0.430876,-0.0732285,0.180955,0.484639
0.158678,0.33317,0.386594,-0.729109,-0.426632
-0.589864,0.530747,-0.309822,0.24575,0.462149
0.3072,0.248463,-0.168879,-0.794515,0.426835
-0.95539,0.0551533,0.107063,0.202145,0.170642
-0.226191,0.810928,0.321779,-0.140214,-0.409932
0.0521698,0.185784,-0.610412,0.668838,-0.382193
0.231092,-0.240539,-0.561204,0.742482,-0.151319
-0.926202,-0.172669,0.208578,0.112474,-0.232962
0.13538,0.542942,0.607521,0.555755,0.0707657
0.177218,0.268643,-0.872335,-0.321603,0.183921
-0.0733012,-0.515081,-0.381934,0.472012,0.603711
0.550417,0.467871,0.0233482,0.561773,0.405923
0.298835,0.7823,0.336237,-0.197364,-0.377948
-0.760462,-0.204234,-0.60751,0.102245,-0.0291071
-0.725524,0.598666,0.0992322,0.162124,0.281283
-0.132463,-0.781703,0.0597401,0.473253,-0.378011
0.0171398,0.162247,0.205659,0.554836,-0.788687
-0.255982,0.633389,0.291609,-0.649868,0.157792
-0.36205,0.76932,-0.435452,0.276471,0.111388
0.0716347,-0.654218,0.609002,-0.3622,-0.249071
-0.219941,-0.60841,-0.0516596,-0.499497,-0.575401
0.510845,-0.129218,0.122476,-0.52024,0.661943
-0.343077,-0.6959,-0.189189,0.539072,0.263199
0.0993655,0.584167,0.178898,-0.723408,0.302822
-0.287582,0.495416,-0.337921,0.387604,0.640104
0.208531,0.653565,0.139096,-0.261164,0.664952
-0.275461,0.232562,-0.11622,-0.884364,0.263786
-0.0616592,-0.405737,0.720061,-0.0763711,0.558602
0.145384,-0.331191,0.214539,0.521141,0.744744
-0.280093,-0.039694,-0.431276,0.579437,0.628581
-0.470847,-0.565841,0.355811,0.569559,0.0690573
-0.348499,-0.119882,-0.389053,-0.625976,-0.567298
-0.141431,-0.492564,0.368857,0.761047,0.145029
-0.307086,-0.451832,0.0201123,0.123192,-0.827071
0.431623,0.838252,-0.178968,-0.267894,-0.0845826
0.240634,-0.431,0.261956,0.82538,-0.0711334
-0.848983,0.0367223,-0.392535,-0.276488,0.218704
0.836335,0.363216,0.305866,-0.264451,-0.0950827
-0.607716,0.285821,0.438932,-0.587227,-0.103221
-0.00190009,0.394868,0.195165,-0.643607,0.622538
-0.52727,0.61117,0.577195,0.0792449,-0.108051
0.125688,-0.639501,0.237909,0.088979,0.713664
-0.742435,-0.0699538,0.112609,0.617418,-0.215889
-0.690257,0.604349,0.11418,0.137944,0.353641
0.413052,0.0505475,-0.582731,-0.0489879,0.692971
-0.843785,0.0916637,0.294108,-0.00755907,0.440301
-0.872614,0.11176,0.230021,-0.373821,-0.176494
0.0638362,-0.842379,-0.264864,0.456521,0.0796686
-0.12804,-0.17045,-0.391075,0.895516,0.0582486
-0.505471,0.00413918,0.792885,0.333079,-0.067437
0.110451,0.706998,-0.351023,0.408369,-0.442856
-0.552807,0.178246,0.0321172,0.809727,-0.0796125
0.18649,0.0164603,-0.187905,0.742789,-0.615767
0.201558,-0.481896,0.232,-0.75966,-0.3063
-0.514134,0.561118,-0.42191,0.377163,0.322533
-0.769722,0.428428,0.204478,0.0959334,-0.414781
0.0923632,0.0583804,-0.777023,0.545035,0.29057
0.778756,-0.559295,0.0703087,-0.232218,0.15363
0.269049,-0.687061,-0.660433,-0.142854,0.0403496
-0.539316,-0.351843,-0.448149,-0.358412,-0.505505
-0.809864,-0.173444,-0.0698891,0.0310736,0.556148
-0.533358,-0.0707702,0.752864,0.188001,-0.326515
-0.101807,-0.71585,0.304845,0.407777,-0.471126
-0.0101507,0.468131,0.707651,-0.227246,-0.479668
-0.691627,0.0725504,-0.341761,-0.242464,-0.583938
-0.795969,-0.126519,-0.428805,0.00481956,0.408498
0.80275,-0.294409,-0.355215,0.00565149,0.377227
-0.462005,-0.306418,0.576826,-0.401635,0.446451
-0.109453,-0.246897,0.682354,-0.346512,-0.588555
0.668087,-0.23488,0.476189,-0.419386,0.301835
-0.555398,-0.0435513,0.706702,0.403464,0.166312
0.259079,-0.16885,-0.229459,-0.119647,0.914619
0.285168,-0.785193,-0.49748,-0.095724,-0.220022
0.188174,0.273738,-0.8435,-0.073937,-0.41535
0.401697,0.601741,-0.226977,-0.303195,-0.576195
-0.539099,0.268218,0.73319,0.00355962,0.313466
-0.585088,-0.0184722,0.736971,-0.334888,0.0565879
0.179718,0.00424141,-0.666783,-0.684023,0.225861
0.369844,-0.387631,0.124042,0.20413,-0.811979
-0.0805222,-0.673596,-0.516379,0.507957,0.114295
0.525998,0.644832,0.215514,-0.511994,-0.00457083
-0.41145,-0.322614,-0.786347,0.205166,0.253877
0.349035,-0.597145,0.547094,0.248022,0.400555
0.562352,-0.0405917,0.361469,0.542518,-0.508505
0.74369,-0.576418,-0.216895,-0.207491,0.151169
0.182686,-0.288738,-0.746157,-0.384049,0.422785
-0.185294,0.301855,-0.131639,-0.595628,0.708223
-0.871126,0.381438,-0.118891,0.281336,0.00223961
-0.595254,0.196496,-0.644612,-0.0927806,0.423889
-0.087454,0.0922216,-0.771262,-0.58677,-0.211398
-0.204098,-0.477693,-0.049037,-0.843108,0.150174
0.364699,-0.476615,-0.726665,0.0146694,-0.332233
0.769171,0.187837,0.30038,-0.483794,-0.224521
-0.344008,0.851447,-0.241638,-0.282933,0.120863
0.201671,0.529379,-0.0609896,-0.818842,0.0759098
-0.202548,-0.0820786,-0.192615,-0.479785,0.82697
0.704509,0.0520259,-0.58081,-0.319072,0.24188
-0.0706112,-0.493998,-0.834471,0.12595,-0.18431
-0.00182925,-0.237875,0.465203,-0.853446,-0.0219024
0.281546,-0.13426,0.945888,-0.104673,-0.000641434
0.0309365,0.792299,-0.205456,0.309656,0.482147
0.478442,-0.453015,-0.309571,-0.457169,-0.511668
-0.067448,-0.410288,-0.348559,0.728962,-0.415329
0.468182,0.427923,0.642867,-0.111963,-0.418074
0.734944,-0.548282,0.345128,0.144657,-0.149137
-0.371103,-0.736263,-0.0621495,-0.305008,-0.474774
0.245696,-0.808919,-0.128998,0.198215,-0.480782
0.285775,0.178702,-0.573491,-0.406647,-0.627159
-0.818344,0.284443,-0.00943647,-0.408699,0.278336
-0.253702,-0.121963,0.00408264,-0.260257,0.92226
0.639981,-0.228091,0.0290419,0.283521,-0.677123
-0.217368,-0.607781,-0.0542921,0.459282,0.605001
0.851593,-0.204497,0.295693,-0.0130698,-0.381011
0.440339,-0.711245,0.315995,-0.0184114,0.448024
-0.113792,0.4112,-0.44948,0.509043,0.599068
-0.158868,0.593951,-0.623561,0.394927,-0.277693
-0.833062,-0.00986117,-0.342549,0.104731,0.419096
-0.376213,-0.164554,0.630542,0.196939,-0.629674
-0.468166,-0.49016,0.340932,0.454433,-0.465553
-0.576677,0.277378,-0.524299,-0.349424,0.438005
0.617414,0.0127166,-0.00513817,0.530925,-0.579322
-0.762365,-0.370234,-0.0533074,-0.486172,0.202305
-0.412496,-0.533817,-0.516335,-0.527298,0.0299985
-0.325325,0.447024,0.831514,-0.045217,0.0224666
0.381646,0.564162,-0.683645,0.265448,0.0320155
0.464442,0.403541,-0.641049,-0.215396,0.404405
0.81872,-0.276765,-0.417558,0.261456,-0.0996567
0.516931,0.394519,0.595923,0.163121,-0.442254
-0.647771,-0.343863,0.363007,-0.526611,-0.227959
0.394965,-0.446099,0.477721,0.568711,-0.307114
0.462454,-0.696741,-0.227319,0.451184,-0.204469
0.509358,-0.372951,0.0383516,-0.676384,0.37602
-0.595621,-0.267693,0.638495,0.0313476,0.406027
0.629711,0.240738,0.401657,0.165074,0.599658
-0.24855,0.718387,0.268684,-0.360224,0.465905
0.0198233,-0.426912,0.31373,0.847942,0.0152088
0.516423,-0.14441,-0.673053,0.440702,0.256572
-0.520596,0.816202,-0.213336,0.126646,-0.058876
0.0757822,-0.326702,-0.405813,0.496146,-0.689592
0.524678,-0.343917,0.769613,-0.0520513,0.107183
0.765964,0.0209513,0.459232,0.105229,0.435785
-0.246316,-0.464634,0.798468,-0.255839,0.140229
-0.157554,-0.819508,0.441619,0.225968,-0.241796
-0.641994,0.456918,0.511618,0.116904,-0.320636
0.931984,-0.281989,0.138378,-0.0386478,-0.178108
-0.205072,-0.50946,-0.397732,0.672833,-0.299283
-0.0218948,0.545773,0.731306,-0.391869,0.114472
-0.540527,0.612619,-0.187936,-0.537669,-0.0825235
0.457715,-0.186252,0.451199,0.627808,0.398907
-0.827361,0.289872,-0.024171,0.451848,0.169034
-0.120338,-0.806075,0.147789,-0.340778,0.446342
-0.679684,0.064215,-0.153818,0.172153,-0.692959
0.0925575,-0.215335,-0.718526,0.639669,0.14442
0.580944,-0.207791,0.618249,0.232675,0.427511
-0.14912,0.274208,-0.27564,0.827743,-0.380434
0.0353318,-0.338086,-0.229747,-0.834154,0.375153
-0.635858,-0.308867,-0.30259,-0.554758,0.313532
-0.128269,0.60449,0.359449,0.0359482,-0.697485
0.796607,-0.0615225,-0.531406,0.195776,-0.197379
-0.339673,-0.203037,-0.358005,0.650517,-0.539903
0.45522,0.476545,0.421549,0.565504,-0.266678
-0.269137,-0.0153883,-0.333793,0.897785,-0.107174
-0.24772,-0.800239,-0.0413264,0.540229,-0.0528941
0.691855,-0.478664,0.22045,0.48293,-0.0983271
-0.337467,0.215659,-0.200699,-0.248994,-0.859399
0.395892,0.15224,-0.0260022,-0.766089,0.481264
-0.342967,0.0113428,0.0739597,0.072245,-0.932756
-0.300703,-0.457525,-0.445127,0.391402,0.58879
0.323506,-0.749101,-0.466022,-0.31029,0.138619
-0.185241,0.186362,0.230256,0.809491,0.47064
0.0714444,0.408657,-0.7938,-0.142354,0.422153
0.564276,-0.356843,-0.114041,-0.612216,-0.407912
-0.169108,0.0512156,0.479627,-0.482606,0.71013
0.313828,0.425596,0.794185,-0.231395,-0.190325
0.0629865,0.706484,-0.269901,0.634085,0.159079
-0.369957,0.640607,0.63507,-0.207374,-0.060558
0.655421,0.154982,-0.486121,0.200875,0.521051
-0.717496,0.253523,-0.000817774,0.58642,-0.278369
0.526503,-0.136239,0.699116,0.36742,0.275408
0.151778,0.0965421,0.372767,-0.864355,-0.285162
-0.22653,0.934609,-0.21267,0.165458,-0.0637143
0.364889,-0.332448,-0.436878,-0.734407,-0.162166
-0.0550582,0.942248,0.140118,0.299223,-0.0249347
0.343512,-0.475918,-0.368711,0.394174,-0.60411
-0.520245,0.559348,-0.545795,-0.267031,0.218922
-0.183059,-0.366106,0.604768,0.670312,-0.14041
-0.91244,-0.0059431,0.378547,-0.0724573,0.144642
0.427985,-0.43161,0.25597,0.654627,-0.370487
0.116944,-0.194847,-0.571064,-0.460087,0.639952
0.181681,-0.137997,0.85271,-0.114361,-0.453765
0.188835,0.481919,-0.716114,0.191081,0.425715
-0.0689002,0.435893,0.674244,0.00330645,-0.596272
0.557701,-0.487999,0.591897,-0.301796,-0.0952104
-0.317679,0.299836,-0.0356134,-0.897401,0.058219
0.193446,-0.388073,0.0754941,-0.467113,-0.763932
0.0741052,0.872049,0.177371,0.343842,-0.294599
-0.344018,-0.683502,0.443328,0.0535223,-0.465793
-0.12525,0.0939717,0.930078,-0.29393,-0.156803
-0.127589,0.332517,-0.382534,0.367897,-0.771693
0.641968,0.023367,-0.336734,-0.450382,0.521486
0.0959952,-0.63985,0.320573,0.688927,-0.0509575
0.424829,-0.151492,-0.359897,-0.745809,0.333968
-0.933704,0.11404,-0.209271,-0.0965697,-0.240539
0.713927,-0.183327,0.0807082,-0.0474642,0.67073
-0.686511,-0.407845,-0.188495,0.218182,-0.531287
-0.308238,-0.0584826,-0.914511,-0.17011,0.194012
0.134208,-0.1408,-0.752328,-0.605765,0.170203
0.35136,-0.730241,-0.260744,-0.525957,0.0183448
-0.0560488,0.0246668,0.467652,0.0481022,-0.880389
0.590493,0.286303,0.598107,-0.381688,-0.256131
0.868589,0.111347,-0.195101,-0.126607,0.419739
0.313499,-0.757001,0.149131,-0.184427,0.520416
-0.803314,-0.00400417,-0.422133,0.256685,-0.336078
-0.064867,0.151369,-0.26372,-0.486504,-0.81751
-0.383245,-0.382698,-0.686126,0.292821,-0.388969
-0.571058,0.262372,0.549169,-0.274643,-0.476475
0.14349,-0.332972,-0.207788,0.852069,-0.317773
0.0635523,-0.473067,0.202199,-0.773744,-0.368333
0.0518986,-0.647218,-0.299236,-0.0860654,-0.691553
0.266238,-0.465306,-0.322126,-0.697054,-0.353171
0.848455,0.310932,-0.231402,-0.0376915,-0.358805
-0.139824,0.130547,0.474619,0.00303255,0.858069
-0.446286,-0.817274,0.204371,0.281188,-0.107198
0.144034,0.971796,0.154481,0.0847186,-0.0703229
0.155791,-0.882339,0.229671,0.34891,-0.148443
-0.22254,-0.786803,-0.121619,0.146494,0.54432
0.403875,0.204639,-0.407219,-0.562091,-0.558501
-0.318778,-0.84077,-0.272239,-0.270923,-0.207429
-0.41431,0.752689,0.1683,0.034544,-0.478946
-0.245636,-0.516867,0.471618,0.658987,-0.117096
-0.798134,0.107674,0.270702,-0.426084,0.306857
-0.57791,0.685444,-0.151228,0.350561,-0.222702
-0.315897,-0.294585,-0.0898702,0.823907,0.356739
0.0571421,0.700838,-0.426036,-0.488108,-0.289388
-0.0271761,-0.301511,-0.410731,0.555883,0.655648
0.749118,-0.272375,-0.595857,-0.0296666,-0.108459
-0.160998,-0.318753,0.826368,-0.311714,0.30111
0.350633,0.182598,0.102138,0.76253,0.500201
-0.602886,0.216048,-0.342478,-0.489737,-0.4812
-0.131763,-0.0776127,0.320381,0.935621,0.0244387
0.00816546,-0.399196,-0.0743899,-0.758615,-0.508762
0.795565,-0.357175,0.0265462,0.456465,-0.175569
-0.207671,0.220651,0.642491,-0.356179,0.606627
0.614929,0.298774,-0.642464,-0.0910694,-0.334441
-0.0499186,0.743335,-0.0468179,-0.22561,0.623977
-0.0827141,0.48021,-0.370489,-0.762993,0.208149
-0.17355,0.344929,-0.89219,0.00762531,-0.230789
-0.277558,0.927804,-0.12048,-0.136365,0.18099
0.748168,-0.236082,-0.570239,0.208569,0.13007
-0.326686,-0.478874,0.710925,0.0959019,0.38582
-0.214693,0.876225,0.359281,-0.117248,0.210018
0.10472,-0.81422,0.347819,-0.418191,-0.172506
-0.0946268,-0.492189,0.280694,0.402881,0.712112
-0.497173,0.173257,0.412796,-0.118582,-0.734184
-0.368287,6.53914e-05,-0.279852,-0.233438,0.854275
-0.143113,-0.379261,-0.493195,-0.285501,0.715995
-0.706534,-0.563058,-0.286142,-0.306403,-0.0872195
-0.188486,-0.748833,0.137653,-0.381334,0.489618
-0.233897,-0.0658274,0.310399,0.440182,0.808105
0.236015,-0.470504,0.11756,0.595499,0.594463
0.00562932,0.667016,0.623079,-0.277783,-0.299572
-0.223289,-0.631503,-0.731564,0.0198535,-0.121693
0.609838,-0.721391,-0.0738261,0.276261,0.161101
0.709828,0.536089,-0.293069,0.161714,-0.313838
0.445139,0.340897,0.0218019,0.148909,0.813921
0.0675839,0.478332,0.518474,-0.39455,-0.583392
0.139735,-0.7716,0.299607,-0.542101,0.0486025
0.509239,-0.239813,0.438994,-0.0201231,-0.70254
0.111054,0.326118,0.204433,0.809886,-0.425895
-0.841875,-0.147057,0.382975,-0.225425,0.267527
-0.806158,0.111212,-0.527417,-0.11929,-0.207336
-0.715325,0.38715,0.203717,-0.00103359,-0.541137
0.0255285,-0.398753,0.632641,-0.462209,-0.475335
0.461637,-0.391785,-0.396806,-0.365181,-0.5831
-0.754619,-0.033069,0.370531,-0.363262,0.404437
0.690248,-0.569008,0.103309,-0.038067,-0.431118
-0.136906,0.576225,-0.705754,-0.392487,0.0172989
-0.143908,-0.434753,0.706937,-0.52292,0.124147
-0.191366,0.677784,0.146818,-0.695238,-0.00810491
0.0234541,-0.172263,-0.0108972,0.11807,-0.979864
0.263749,0.443348,0.238779,-0.146518,0.810293
0.246598,-0.343727,0.409645,-0.218892,0.778445
-0.243278,-0.564663,0.243209,0.49424,-0.564317
-0.024492,0.299605,0.828356,0.298228,0.370559
-0.359568,-0.814719,0.00683235,-0.437338,0.110748
-0.034937,-0.0276839,-0.325491,0.450079,0.83258
-0.794288,0.290755,0.505078,0.135109,-0.111664
-0.3627,0.282769,0.0294635,-0.683257,0.566035
0.521769,0.641158,0.436761,-0.325604,0.136563
-0.839928,-0.347626,0.160091,0.384423,-0.00253519
-0.166879,-0.236321,0.891837,-0.348517,0.0220764
0.413039,-0.381412,-0.490226,-0.00453393,-0.665983
0.356364,-0.553821,0.300197,-0.530953,0.439295
0.0385827,-0.806964,-0.522985,0.182718,-0.207405
-0.884671,0.388844,-0.049806,-0.147896,0.203724
0.0506573,0.641708,-0.707227,0.00278729,-0.285606
-0.926264,-0.0179235,-0.344751,0.126026,-0.0947327
-0.504816,-0.695006,0.0726876,-0.356824,-0.360222
0.693619,-0.388676,-0.121226,0.48863,-0.331386
-0.0160787,-0.201868,0.64863,-0.30929,0.666399
0.758123,-0.184933,0.588099,-0.143678,0.154956
0.415231,0.54666,-0.339158,-0.622501,0.163821
-0.127168,-0.100302,0.0831866,-0.24041,-0.951992
0.157662,-0.819267,0.134489,-0.534217,0.0374344
-0.510373,0.39275,-0.436066,0.522757,-0.348825
-0.168788,-0.805229,-0.277507,0.482421,-0.126174
-0.277901,0.677795,-0.319064,0.482745,-0.3555
-0.0754011,0.796718,0.398738,-0.359081,-0.266761
0.45495,-0.354794,-0.292769,0.742876,-0.169301
-0.0620256,0.671872,0.695273,-0.226489,0.098431
-0.240572,0.45743,0.340151,0.627903,0.471408
-0.114809,-0.803132,0.18159,-0.223613,-0.50911
-0.151624,-0.189961,0.0563367,-0.580579,0.774456
0.605736,-0.084955,0.133945,-0.0570715,-0.775553
0.509614,-0.049006,0.42886,0.454678,-0.59289
0.756754,-0.156399,-0.288097,0.173162,0.540495
-0.0119945,0.971551,-0.0282036,-0.202872,-0.108325
0.411473,-0.0108381,0.622502,0.304368,0.593931
-0.473544,-0.19558,0.841566,-0.0676133,0.147634
-0.257189,-0.256931,-0.521418,-0.743903,-0.206624
0.978423,0.100071,0.0369818,-0.0450316,0.170062
0.663453,0.081331,-0.436126,-0.325663,-0.508197
-0.24504,-0.170589,0.20262,0.649527,-0.672623
0.180519,0.812523,0.506062,-0.219025,0.0529449
-0.269292,0.756087,0.290641,0.107603,0.51173
0.779614,0.495269,-0.126314,-0.294677,-0.20835
-0.199141,0.259688,-0.783137,-0.163369,-0.5014
0.184623,-0.596182,0.416434,-0.451884,-0.480103
0.542273,-0.0692737,0.584915,-0.560701,-0.217517
0.0137481,0.861109,0.00734411,0.498423,-0.0806683
-0.490292,0.0592373,0.260151,0.133388,0.8182
0.693342,-0.274162,0.0899942,0.160494,0.640592
-0.25522,-0.410415,-0.644581,0.120938,0.580365
-0.150325,-0.769506,-0.264995,0.548253,0.1257
0.915898,-0.0371279,0.377306,0.0249047,-0.11471
-0.19245,-0.390588,0.709748,-0.21239,0.510368
0.0896935,0.925048,-0.31964,0.00422253,0.183188
-0.579516,0.469165,-0.465389,-0.109444,0.462063
-0.257879,-0.0765995,-0.430295,-0.820146,0.267274
-0.206161,0.680453,-0.314453,-0.140364,-0.610666
-0.096779,0.0738914,0.959099,0.225978,0.102139
0.0451409,0.330555,0.814031,0.312703,0.358139
-0.747503,-0.272597,-0.0214292,-0.571303,0.208941
0.781435,-0.0789963,-0.303175,0.528758,-0.0920194
-0.223455,0.541699,-0.559118,-0.112177,-0.57522
0.492071,-0.294851,-0.642062,0.150381,-0.488099
-0.0327479,0.174706,-0.579193,0.674797,0.423651
-0.00234857,0.478823,0.698213,-0.531339,0.024726
-0.338467,-0.108138,0.175986,0.667887,0.630917
-0.329502,-0.157966,0.687392,-0.220741,0.590201
-0.580533,0.388123,-0.345377,-0.567364,-0.27455
0.116518,0.0366105,-0.198557,0.850627,-0.470291
-0.557808,-0.456636,-0.173848,0.634098,0.218235
-0.150876,-0.512983,-0.0410711,-0.583419,0.604954
0.519256,-0.355745,0.69626,0.146036,-0.312005
-0.730909,0.224361,0.617537,-0.171669,-0.0496899
0.170825,0.424564,0.722423,0.254113,0.452623
0.675697,-0.623074,0.0792438,-0.109216,-0.372476
-0.178506,-0.433012,-0.273632,-0.540632,0.64182
-0.846989,0.524237,0.0926106,-0.0106764,-0.0236652
-0.568911,0.398771,-0.219965,0.664014,0.163718
0.227536,0.541786,-0.0630141,-0.803845,-0.0231448
0.610977,-0.0634253,0.186055,0.67799,0.356093
0.286728,0.828079,-0.394706,0.0399001,-0.277241
-0.0556112,-0.710733,0.372751,-0.57876,-0.136932
-0.522472,0.759518,-0.226283,0.270903,0.164528
-0.0329306,-0.480295,-0.743546,0.456709,0.0997285
0.61236,0.571011,0.0348323,-0.539326,-0.0585573
0.247406,-0.757891,0.138026,0.0149826,-0.591277
-0.474783,-0.274075,-0.204927,0.470219,0.661726
-0.198058,-0.462689,0.107067,0.849137,0.126779
0.290117,-0.058686,-0.784397,0.465031,0.283431
-0.267543,-0.755419,-0.272735,0.37404,0.379814
-0.222585,-0.454948,0.703527,-0.207516,0.454339
0.382716,-0.252831,0.356414,0.60387,0.545157
-0.106258,-0.862545,0.0697622,0.491138,0.0176587
0.364764,-0.503783,-0.42867,-0.437767,-0.489512
-0.309349,0.425101,-0.307253,0.782404,0.115941
-0.234597,0.0828381,0.0382214,-0.877169,0.407815
-0.20919,0.297405,0.670047,-0.092258,-0.638742
0.321463,0.341266,0.456652,0.564622,0.501342
-0.0482615,0.553703,0.402145,0.656542,0.311996
-0.0514896,-0.839931,0.504813,-0.0544084,0.183451
-0.0637262,-0.110532,-0.658126,-0.0701956,-0.736383
-0.24573,-0.648826,-0.0622874,-0.64926,-0.307996
0.557861,0.242912,-0.346606,0.665264,0.254815
-0.0570631,0.527219,0.1506,0.154216,-0.81852
0.279271,0.0213799,-0.145468,0.949011,-0.00515919
0.59509,0.485403,-0.313948,-0.447797,0.334716
0.416396,0.582592,0.639881,-0.276468,-0.0338262
-0.397077,0.412734,0.721242,0.215198,0.328161
0.63309,0.332672,-0.0372208,-0.0455891,0.697519
0.451171,-0.0709011,0.35641,0.749393,-0.321585
0.408179,0.508804,0.341982,-0.619241,-0.278226
-0.266078,-0.021969,0.524721,0.120555,0.800931
0.0423403,0.0596804,0.120231,-0.58517,0.800002
-0.195319,0.889982,0.00643582,0.245219,0.32771
0.883559,0.0691779,0.08319,-0.453823,-0.0402316
-0.225052,0.57976,0.323036,0.702858,0.121572
0.849631,0.00934273,-0.238563,0.461375,-0.105669
0.328778,0.809231,0.0920095,-0.479403,-0.060998
0.0345016,0.886585,-0.363635,-0.269938,-0.0897644
-0.00331766,0.105383,-0.678278,0.508108,-0.519694
0.572853,0.558278,0.130311,0.184024,-0.556268
0.17538,-0.560989,0.455207,-0.0860066,0.663829
0.340195,0.721359,-0.487801,0.0967034,-0.336651
0.16467,0.0111905,0.915597,0.117777,0.344203
-0.0599625,-0.958319,0.097818,0.177422,-0.197136
0.80178,-0.439684,-0.198268,0.351082,0.0662865
0.671518,-0.479261,-0.29688,0.237346,-0.415386
0.0268833,-0.0212475,0.453844,-0.852578,-0.257338
0.0714673,-0.291596,-0.78905,-0.515525,0.150653
-0.457296,0.365789,-0.323479,-0.644031,0.366745
-0.0430477,-0.669068,0.0623235,0.738817,0.0237799
0.732408,-0.116622,0.585834,0.295856,0.137904
-0.10162,-0.284784,0.0459758,0.92593,0.219035
-0.829901,0.177244,-0.437159,-0.257005,-0.144145
-0.600637,0.316359,0.634792,0.269359,0.247164
0.704289,0.30051,0.439616,0.366965,0.285192
-0.491834,-0.167155,-0.499539,-0.685248,-0.105262
-0.250503,-0.900549,-0.355865,0.0138732,-0.039266
-0.165553,0.212131,-0.0439302,0.795357,-0.540191
0.778496,-0.190528,0.00433064,0.490591,0.342022
0.0432281,-0.0409856,-0.087339,-0.780427,0.613832
0.00966131,-0.0118967,-0.483114,0.678636,-0.552785
0.54304,0.327621,-0.573641,0.177587,-0.486802
0.325997,0.129133,-0.187587,-0.551578,-0.734381
-0.57764,-0.586916,-0.196433,0.515388,-0.136499
0.838402,-0.0113794,-0.365439,0.336482,-0.227214
-0.212071,0.599889,-0.499693,-0.0939861,0.580829
0.875937,-0.200037,-0.272021,0.201287,-0.279385
0.00440651,0.00948618,0.100411,0.0284956,0.994302
-0.238646,-0.176913,-0.750275,-0.484207,-0.335379
-0.199543,0.647922,-0.283636,0.173502,0.657324
-0.378511,0.362752,-0.146016,-0.455881,0.705445
-0.912693,0.0829399,0.371267,-0.10365,-0.115385
-0.522771,0.759079,0.173316,0.222306,-0.266048
-0.879261,-0.280481,0.358496,-0.122373,-0.0447351
0.533611,-0.39273,0.163284,-0.241349,0.688732
0.303418,0.100055,0.215563,-0.00208685,0.923462
0.2975,0.0648174,-0.864527,0.386782,0.103437
0.202241,0.243206,-0.683301,0.1807,-0.635327
0.0869343,0.19925,0.16773,0.324568,0.904144
-0.255378,0.263885,0.734313,0.466819,-0.329991
-0.673693,-0.0458959,0.0279352,-0.669961,0.307444
-0.117298,-0.289699,0.946933,-0.048435,-0.0440996
0.133029,0.14592,0.254645,0.642903,0.692168
-0.563179,-0.69646,0.237411,0.374365,0.0265609
-0.396524,0.166251,0.132794,0.475923,-0.756119
0.119972,-0.935191,-0.0982659,0.112165,0.296706
0.649428,-0.0892684,-0.408094,0.62561,0.114435
0.423935,0.649081,-0.301355,-0.477846,0.276835
-0.337803,-0.44738,0.102105,0.13411,-0.80944
-0.431687,0.0607055,-0.277882,-0.232465,0.826204
0.386912,-0.689987,-0.546759,-0.0800987,-0.263992
-0.0430652,0.255632,-0.473199,-0.358313,0.763493
0.333726,0.14315,-0.264103,-0.577303,0.681974
0.193774,0.606427,0.455469,-0.201011,0.587782
0.427335,-0.112727,-0.655208,0.592359,-0.158332
-0.0931233,-0.355911,-0.0897567,0.737054,-0.562845
-0.00654863,-0.0881619,-0.0871777,-0.924084,0.356243
0.630468,-0.366142,0.00259813,-0.545033,-0.412561
0.110586,-0.328601,0.688782,0.279499,0.5713
-0.464616,-0.749399,-0.369239,0.0927857,-0.282489
0.39589,-0.319004,0.0549875,-0.720603,0.468967
0.723796,-0.34377,-0.229869,-0.546204,0.0732245
-0.694045,-0.166638,0.382261,-0.483463,-0.332461
-0.281356,0.747297,0.0394761,-0.558245,-0.220922
0.478989,-0.346975,-0.624474,0.505585,-0.0494989
-0.628975,-0.26929,-0.635025,-0.128145,-0.332914
-0.457663,-0.202503,-0.441799,0.445685,-0.595879
0.0439001,-0.0580197,-0.765297,-0.619529,-0.175945
0.118657,0.795403,0.149213,-0.20571,-0.537334
0.369786,0.796707,-0.474525,0.0668134,-0.0341726
0.41199,-0.249906,-0.827982,-0.237335,-0.150437
-0.621554,0.0234833,-0.0260154,0.779928,-0.0557696
-0.791031,0.12639,-0.0806638,0.268462,0.528699
-0.226178,0.789605,-0.156595,-0.525189,0.147351
-0.726001,-0.417045,0.263682,-0.182415,0.447311
0.0986706,-0.276944,-0.926824,-0.0621211,0.221044
-0.14275,-0.290414,0.359012,-0.728362,0.48323
0.158688,-0.703226,-0.510243,0.449033,-0.139974
-0.599088,-0.216369,-0.337855,-0.611519,0.327276
-0.0755209,0.661544,0.694774,-0.246834,0.110989
0.0498516,0.0900499,-0.103214,0.695799,-0.703473
-0.236452,-0.156448,-0.079535,-0.693598,0.658047
0.396504,-0.477515,0.516305,0.588507,-0.060704
-0.0510194,-0.0137731,-0.653101,0.755011,0.00397806
-0.481303,-0.155446,0.282019,-0.78271,-0.224267
0.397106,0.400932,0.524291,0.596192,0.234874
0.316452,-0.130638,0.760806,0.265105,-0.482343
0.22042,-0.215391,0.941318,0.126402,0.0349319
-0.478622,0.0451322,-0.738866,0.422522,0.217858
-0.34498,0.299631,-0.447709,0.449125,-0.623371
-0.0277418,-0.59343,-0.526796,-0.0395225,0.60554
0.509019,0.785065,0.297096,0.144248,-0.126502
-0.336293,-0.75849,-0.260226,0.493112,-0.0273825
-0.157662,-0.440481,-0.386215,-0.150305,0.780247
0.471884,0.38817,-0.742619,0.0701459,-0.262255
-0.912043,-0.101936,-0.340155,0.139009,0.155347
0.32564,0.436284,0.806001,0.145521,0.182258
0.786693,-0.1434,0.506688,-0.17259,-0.275949
-0.363387,-0.469497,0.489776,0.533081,0.351176
0.194933,-0.00796485,0.222202,0.200924,0.935075
-0.620568,0.44951,-0.144069,-0.419973,0.460644
-0.660663,-0.25564,0.105293,-0.54231,0.442264
-0.267402,-0.371809,-0.609045,-0.0888564,0.644299
0.878477,0.133574,-0.420298,0.145179,-0.108267
0.475992,0.152109,-0.520369,-0.214174,0.659176
-0.212551,-0.640779,0.30149,-0.110544,0.662653
-0.518335,-0.00652873,-0.424753,-0.736441,0.0853662
-0.257824,0.279237,0.0422746,0.466437,0.79714
0.0168876,-0.712019,0.524821,0.456046,-0.108264
-0.142869,-0.18646,0.803386,-0.48222,-0.264283
-0.453493,0.082621,0.543976,0.665717,-0.220278
0.533432,-0.17926,0.430801,-0.352742,-0.611557
-0.71925,-0.552062,0.319477,0.154283,-0.222103
-0.786668,0.124018,0.113366,0.191155,0.56026
0.372791,0.7062,0.311677,-0.023755,-0.511908
-0.621321,-0.130316,-0.545866,-0.516265,-0.172507
0.32473,-0.834168,-0.0402042,-0.417522,-0.140426
0.541313,-0.0346919,0.272034,0.239297,0.757673
0.147163,0.365172,0.121744,0.60891,0.675366
-0.514591,-0.521749,0.348434,0.526234,-0.256318
-0.0794252,0.760288,-0.0568515,0.597099,0.238077
0.521499,-0.301766,-0.646101,-0.462749,0.0681068
0.574823,0.644491,-0.208338,-0.439554,-0.124936
0.622541,0.385455,0.299136,-0.525995,0.309209
0.192107,-0.10534,0.0956326,0.92789,-0.281649
0.86285,-0.322365,-0.282235,-0.191046,0.185756
0.616628,0.219802,0.293703,0.0592582,-0.690963
0.725254,0.32551,-0.565098,-0.167572,0.143449
0.816472,-0.394647,0.139931,-0.348463,0.191081
0.319753,0.315258,0.465691,-0.381034,0.659252
0.688144,0.0983506,0.0875626,-0.707014,-0.10565
-0.245738,0.474082,-0.015429,0.534046,0.65572
0.407458,0.284403,-0.220708,0.637772,0.545833
-0.338222,0.703116,0.328675,0.299781,-0.438403
0.56093,0.215841,0.0286523,0.794173,-0.0748858
-0.25921,-0.895019,-0.012547,-0.356787,0.0764374
-0.516476,0.138026,-0.742665,0.28804,-0.28538
-0.256154,-0.637109,-0.597055,0.327569,0.251471
-0.652694,0.0248792,-0.522149,0.536665,0.113923
-0.369827,-0.656289,-0.579143,0.176609,0.262017
-0.327527,0.180363,-0.0747001,-0.705311,0.595325
0.470748,0.194456,-0.435733,-0.541551,0.508799
0.187415,-0.601857,-0.363139,0.578045,0.373994
-0.00765098,0.957771,-0.188602,0.211877,-0.0161046
0.446096,-0.820968,-0.0951294,-0.0111354,-0.341219
0.457374,-0.618737,-0.0276564,-0.0975482,0.62861
-0.366774,0.409871,-0.639686,-0.224861,0.485349
-0.494032,-0.0454902,0.773711,0.331904,-0.205495
-0.10215,0.647227,0.638417,-0.402093,0.0109937
-0.322659,-0.0270268,-0.247003,-0.540056,0.736479
-0.183495,0.413656,0.774991,0.335871,0.288584
-0.845988,0.474017,0.0427714,-0.0314364,-0.225841
0.409058,-0.263172,-0.708101,-0.490783,-0.148735
-0.0499627,0.143055,0.104966,0.60198,0.776061
0.494896,-0.571212,-0.0705094,0.21491,-0.614429
-0.337772,-0.105319,-0.180594,-0.802736,-0.444056
-0.188044,0.0820892,-0.394581,0.323527,0.835441
-0.416323,-0.576289,0.257598,0.243244,-0.607478
0.0280748,0.297738,-0.905211,0.289007,-0.0593576
-0.332941,-0.750142,0.561116,-0.102294,-0.0140964
0.513622,-0.0404638,-0.20866,-0.758976,0.334431
0.377361,-0.678862,-0.349728,0.239647,-0.466082
-0.0648024,-0.166457,-0.131682,-0.884081,0.409467
0.470821,0.397567,-0.300667,-0.628816,-0.361177
-0.454969,0.213529,0.317218,0.753865,0.280438
-0.266134,0.727767,-0.363498,-0.124222,-0.502996
0.426657,-0.171761,-0.690439,-0.367555,-0.422598
-0.293796,0.66788,0.0722788,-0.337394,0.59135
-0.534427,-0.502702,0.190554,-0.0574824,0.652001
-0.285459,0.655228,0.189012,0.080245,0.668401
-0.144885,-0.744799,-0.546361,-0.213156,-0.285145
-0.760297,-0.423875,0.0602218,0.337312,-0.353908
0.115356,0.252384,0.144404,0.949236,0.0288939
0.16335,0.51619,-0.688226,-0.392282,-0.278253
0.692938,-0.0655854,0.631256,0.286326,0.191531
0.0359441,0.637492,0.18785,0.256345,0.698617
0.138057,-0.565078,0.718761,0.00374456,0.376685
0.180638,-0.560081,-0.330275,-0.349879,0.648328
-0.0125095,0.383408,0.416618,-0.777506,-0.272
0.82171,0.0684438,0.426888,-0.209527,-0.308138
0.383859,-0.369101,0.0636379,-0.839271,0.0709778
-0.283366,0.730035,-0.324467,-0.522397,-0.0910213
-0.0425889,0.526953,-0.42197,0.481801,-0.554036
-0.841768,0.306136,0.296561,0.301529,0.120034
0.731394,-0.580489,-0.135088,0.323265,0.0757182
-0.438283,-0.416548,0.522924,0.493324,0.342493
-0.176527,0.795986,0.568988,0.0563054,0.0977883
-0.278957,0.0502066,-0.474274,-0.0508818,-0.83362
0.174317,-0.152091,-0.0713726,-0.912969,-0.326939
-0.808468,-0.284982,-0.0106877,0.386601,-0.338528
-0.0450244,-0.452999,0.385649,-0.417445,-0.686618
-0.378549,0.29625,-0.223727,-0.0648732,0.847807
-0.0755309,-0.660696,-0.726926,-0.160598,-0.0703313
0.222074,-0.72478,-0.610758,-0.141601,0.179879
-0.210631,0.501742,0.241844,0.656934,-0.46172
0.816514,0.17044,-0.226159,-0.460051,-0.199969
0.626794,-0.436819,-0.354827,0.423679,-0.333377
0.71579,0.233898,-0.447956,0.133598,0.462608
-0.185217,0.28277,-0.301598,-0.0622128,-0.887111
0.564602,0.666158,-0.131585,-0.466399,0.0519577
-0.205739,-0.427449,-0.254758,0.428283,-0.727526
0.156284,0.219178,-0.585977,0.587399,0.491401
0.739897,0.149847,0.0835623,-0.522609,-0.386118
0.0916961,0.28186,0.79014,0.328869,-0.421635
-0.0653106,0.842353,0.328506,0.367152,0.210253
0.0786525,0.455256,0.729891,-0.385719,0.322473
0.107147,0.461829,0.472052,-0.525017,-0.526319
-0.799132,-0.54676,-0.215847,0.113578,-0.075518
-0.520812,0.0898334,0.639749,-0.0285611,0.556418
0.0223896,0.800653,-0.40179,0.415107,0.160091
-0.0409548,-0.0929087,0.220169,-0.726128,-0.642786
-0.212499,0.0524071,0.372264,-0.500079,-0.750748
0.72235,0.0611107,-0.157971,0.122825,0.660395
0.568731,-0.306166,-0.00295868,-0.510463,-0.567009
0.827718,0.333283,-0.287329,-0.325419,-0.117144
0.152369,0.0316407,-0.323514,0.621387,0.69756
-0.409168,0.22922,-0.605605,-0.275551,0.58343
0.265608,0.282881,-0.044935,0.844519,0.3655
-0.899812,-0.190233,0.270317,-0.123852,-0.2579
0.635908,0.400123,0.179619,0.463248,0.433906
-0.138819,0.367529,-0.00540538,0.908731,0.146208
0.702618,-0.536371,0.279651,-0.368106,0.0575831
0.828569,0.510349,0.17623,0.00115398,-0.151603
0.142314,0.761833,0.282986,0.540611,-0.165197
-0.196369,-0.112722,0.709373,-0.444141,0.498448
-0.304837,-0.487963,-0.525307,0.534972,-0.330271
0.393935,0.524911,-0.00697357,0.685596,-0.313964
0.151812,0.00699553,-0.589305,0.679753,-0.407677
-0.617879,-0.336965,-0.311061,-0.613885,0.166043
0.574825,-0.366751,0.612542,0.00924245,-0.404302
0.290529,-0.418701,0.745802,0.420662,0.0887962
-0.574494,-0.128469,-0.237225,0.662057,0.397413
0.479979,-0.315931,-0.647213,-0.441489,-0.243935
0.634753,-0.723658,0.17301,0.208693,0.0288553
0.255085,0.750367,-0.537161,-0.268412,0.088577
0.529577,-0.390411,0.310567,-0.298079,0.617383
-0.134906,0.156126,-0.728483,0.642695,0.125044
-0.0560418,-0.902194,0.386049,0.127346,0.124557
-0.339596,0.595432,0.00988621,0.435838,0.583295
0.0558249,-0.459895,0.39524,-0.00453932,-0.793481
-0.460389,-0.737338,0.292444,-0.240921,-0.309908
0.699283,-0.0827419,0.18597,0.0851866,-0.680218
0.860354,-0.174086,-0.00823888,-0.462999,0.124306
0.415503,-0.415152,-0.459514,0.106694,-0.65784
-0.362225,0.0886381,0.3753,-0.0568181,0.845504
0.270532,-0.828248,0.446422,0.114679,0.170472
0.14404,0.400875,-0.403962,-0.510049,-0.625131
0.411675,0.369889,-0.699868,-0.443461,0.0925344
-0.131505,-0.651486,-0.113643,0.673833,0.308283
0.0525055,0.309277,-0.574947,-0.472387,-0.588079
-0.392218,-0.236137,-0.421688,0.37904,-0.682508
0.112913,0.583052,0.0641495,-0.406876,0.689331
-0.100833,0.385532,-0.621012,-0.252726,-0.626597
0.922475,-0.0501169,0.380093,0.0483745,0.0427989
-0.575123,0.539614,-0.0154754,0.555862,0.261173
-0.706728,0.276591,-0.536657,0.336224,0.151142
-0.19644,0.146466,0.895573,-0.366313,0.0481281
-0.122548,0.442434,-0.302697,-0.590554,0.590922
-0.54472,-0.357895,-0.500775,0.0953847,-0.561435
-0.19041,-0.722825,0.167048,0.449677,0.459801
-0.457982,0.152439,0.423774,-0.290018,-0.710175
0.966378,-0.167386,-0.153285,-0.134097,0.0121206
-0.30802,0.232908,-0.771459,-0.390214,-0.317555
0.282691,0.889846,-0.345742,0.0151774,0.102996
-0.206502,-0.700088,0.369145,0.0827504,-0.570618
-0.695078,-0.674235,0.0677963,0.196924,0.129793
0.488579,-0.598108,0.310342,0.353542,0.425413
0.299222,-0.77622,0.460214,0.214369,0.221372
0.69729,-0.384759,-0.0914203,-0.414302,-0.437918
-0.508471,-0.0467173,0.679358,0.520094,0.0720694
-0.692741,0.0157193,-0.445503,-0.52166,0.225448
-0.301317,-0.159489,0.350583,0.088252,0.870461
0.482025,-0.225007,-0.621422,-0.56238,0.124002
0.353244,-0.432118,0.531848,-0.619918,-0.139509
-0.183633,0.767947,0.34601,-0.24419,0.44282
0.908035,-0.281298,-0.0203167,0.309742,-0.0576546
-0.81131,0.430819,-0.220967,-0.325632,-0.0239255
-0.650589,-0.0660267,-0.453289,-0.585214,-0.154354
0.195882,-0.169991,0.520365,-0.562969,-0.58898
0.327747,0.836301,0.237894,-0.321432,0.18364
0.133822,-0.420218,-0.288499,-0.149209,-0.834492
-0.470416,-0.390558,0.298431,0.0907335,0.72703
-0.296963,0.170731,-0.291865,0.605803,-0.657832
-0.903493,0.262621,-0.267315,0.103044,0.173709
0.471606,0.0105257,0.76163,-0.00922267,0.446589
-0.280335,0.240084,0.338691,-0.851232,0.161233
0.399512,0.621717,0.270822,0.355911,0.505483
-0.856007,0.216124,-0.156137,0.162465,-0.411193
0.502272,-0.80719,-0.267942,0.166567,-0.0192232
-0.0400584,-0.895208,-0.0683385,0.268256,-0.345431
0.333146,0.510534,0.432244,-0.62361,0.227276
-0.427906,-0.0620639,-0.135023,0.0423336,-0.888796
0.44484,-0.0108882,0.588406,-0.673903,-0.0323926
-0.191891,0.120865,0.360623,0.392417,0.814051
0.342155,0.398015,-0.744335,-0.166795,0.377775
0.396676,-0.635355,-0.580412,0.140262,-0.284715
-0.057626,-0.663229,0.517924,0.0715187,-0.534589
0.143648,0.514873,0.163485,-0.814996,-0.145117
-0.575663,-0.114566,0.753644,-0.295061,-0.0401795
0.14652,0.710765,0.439656,-0.390307,-0.356535
0.309582,0.121049,-0.286489,0.869007,-0.232868
-0.645532,0.637509,0.159496,-0.0227003,-0.39241
-0.697028,-0.398992,0.565983,-0.165195,0.0856595
0.00603355,-0.152274,-0.835962,-0.228074,-0.478249
0.336302,0.111176,-0.410161,-0.762886,0.35321
-0.083166,-0.59577,-0.566335,-0.309275,-0.469685
-0.120388,-0.511893,0.326809,-0.703763,0.347668
0.035211,0.2977,0.254338,0.889012,-0.237935
-0.252854,-0.0843869,0.15715,-0.835677,0.453283
-0.679341,0.121826,-0.431653,-0.577483,0.0617742
-0.40396,-0.537945,-0.532759,0.440661,-0.264243
0.100695,-0.14525,-0.739661,-0.172598,-0.629139
-0.645989,0.236929,-0.415486,-0.593831,-0.0397395
0.0984527,0.111611,-0.456844,-0.731789,-0.482184
-0.393329,-0.221472,-0.874431,0.168945,0.047932
0.0159114,0.622222,-0.607965,-0.488804,-0.0313206
0.448915,-0.656707,0.171651,-0.218464,0.536648
0.125092,-0.783897,-0.0062382,0.419832,0.441771
-0.662579,0.688436,0.181776,-0.105463,-0.202404
0.0723351,-0.223934,-0.539339,0.705596,-0.395998
-0.413768,-0.0983696,-0.0172856,0.528083,-0.73272
0.280492,0.275169,0.09767,0.58417,-0.702653
-0.447462,-0.123394,0.617348,-0.633556,-0.0291056
-0.463893,0.718088,0.478896,0.108795,-0.170167
-0.146973,0.156425,0.013348,0.626008,0.748111
-0.50118,-0.36781,0.751859,-0.220019,-0.0202261
0.401947,0.0323734,-0.176237,-0.711432,-0.544865
0.909371,-0.139395,0.153377,-0.348856,-0.093784
-0.899478,0.0606113,0.0413933,-0.412306,-0.124346
-0.299833,0.681192,0.0665229,0.111934,-0.655813
-0.177407,-0.482523,0.603998,0.093937,0.599597
-0.518026,0.265312,0.0223217,0.159524,0.797486
0.338326,0.466588,0.620659,-0.463269,0.250953
0.452584,-0.158076,-0.418568,-0.333245,0.697393
0.463453,-0.0498655,-0.0836146,-0.260131,-0.84249
-0.1324,-0.0432602,-0.734239,-0.406247,-0.527755
0.638138,0.728109,-0.146004,-0.105153,-0.179803
0.288095,0.8001,-0.414459,-0.261993,0.190402
-0.19966,0.252843,-0.824599,-0.312911,0.339405
0.811538,-0.0279285,0.157633,0.555226,0.0701783
-0.185035,0.389698,0.147011,0.406495,0.791269
0.321735,0.605787,0.268313,-0.663078,-0.137649
-0.61254,0.589019,-0.443099,0.275587,-0.0774501
0.502886,-0.834234,0.21241,-0.0410914,0.0492721
-0.20761,0.0639513,0.680309,-0.406149,0.569211
-0.713553,0.668693,-0.0507799,-0.118486,0.160524
-0.166541,0.574132,0.288675,-0.701887,0.263796
-0.623137,-0.474615,0.445379,0.428524,-0.0594234
-0.331218,0.270174,-0.692861,-0.581855,0.00358022
0.733327,-0.386221,-0.0217808,0.0172217,0.556482
0.0998131,0.963478,0.00521531,0.21339,-0.124781
-0.0227079,-0.249167,0.595207,-0.54285,0.541142
0.340194,-0.0259749,0.410001,0.672223,0.513143
0.201107,-0.0592559,-0.276668,0.813733,-0.461038
0.682,-0.385284,0.569719,0.245247,0.0434378
0.0756043,0.477504,-0.777153,-0.0873137,-0.39675
0.795115,0.41774,0.397038,-0.0859139,0.152943
0.532218,0.593572,0.116589,0.535312,-0.254253
-0.297736,0.200618,-0.791017,-0.427086,-0.253728
-0.587564,-0.132679,-0.573768,-0.401595,0.382716
0.418691,-0.369548,-0.686666,0.249209,0.395933
0.361973,0.0811214,0.2922,-0.424911,-0.769515
0.699219,0.420854,-0.519972,-0.231424,0.0930543
0.42572,-0.052256,-0.861451,-0.275812,-0.0291152
0.324578,0.267488,-0.284366,0.160015,0.845464
0.152216,0.460789,-0.392374,0.288496,-0.728196
-0.774127,0.169247,-0.59407,-0.0408114,0.125347
0.361174,-0.218215,-0.69667,-0.580876,0.0222273
0.494623,-0.456076,-0.0594905,-0.707849,-0.205452
0.0699109,0.144378,-0.580978,-0.650014,0.462273
0.501154,-0.168048,0.831789,0.0812253,0.158336
-0.55846,0.72033,-0.260388,-0.236367,-0.208096
0.0202783,-0.246179,0.371605,0.681779,0.578377
0.756147,-0.608947,-0.158866,0.0116249,-0.169005
-0.72271,-0.478621,0.420732,0.263422,0.00593978
-0.242209,-0.0126992,-0.545186,-0.80033,0.0608754
-0.418538,-0.3218,-0.650211,0.324896,0.438993
0.133904,-0.303195,-0.910627,0.0038997,-0.248183
-0.133875,-0.189585,0.169268,0.395457,0.871493
-0.462933,0.494189,-0.724034,0.0215624,0.129505
-0.421615,0.811587,0.204869,0.202376,-0.281263
0.645862,0.400214,-0.441922,-0.4424,-0.174691
0.319712,0.739144,0.528684,-0.261231,0.0678993
-0.789926,-0.42552,-0.123515,0.110119,-0.41147
-0.219575,0.298682,0.819485,-0.223969,0.375995
0.838293,0.0498972,0.50273,0.178875,0.0851245
0.441364,-0.329047,0.331424,-0.756894,0.12772
-0.520247,-0.58641,0.40586,-0.305324,-0.357474
0.0171242,-0.120745,-0.853324,-0.390643,-0.322054
-0.5464,0.217708,0.247862,0.758488,-0.129351
0.00148986,0.591472,0.695058,0.359002,0.195711
0.00391975,-0.382081,-0.160255,0.593536,-0.691168
-0.164849,-0.789052,-0.0104101,0.333859,-0.491162
-0.169488,0.193426,-0.801421,0.522291,-0.13073
0.403362,-0.542397,0.200001,0.553534,-0.443033
0.038874,0.144731,-0.873692,0.382497,-0.263943
-0.0687609,0.211541,0.283956,0.230433,0.902436
0.5122,0.0768815,0.00182453,0.414131,0.747784
0.336306,0.13827,-0.560164,0.0497395,-0.742198
-0.157971,0.386587,0.10469,-0.305595,-0.85092
-0.051483,-0.582881,0.586168,-0.0802727,0.556543
-0.625295,0.653535,-0.0255715,-0.0921735,0.414046
0.674778,0.23937,-0.447352,-0.495589,-0.206206
0.0215383,0.182482,0.960043,0.112832,0.178574
0.155592,-0.312317,-0.907238,0.221341,-0.081048
-0.099794,0.216119,0.834103,-0.259626,-0.424218
-0.252148,-0.0942433,-0.288544,-0.855137,-0.336529
-0.260705,0.0278789,0.747598,0.590698,0.152914
0.364675,-0.587263,0.276167,-0.0296363,-0.66445
0.576413,0.0936499,-0.524072,0.394364,-0.477606
0.12589,-0.978022,-0.152915,-0.0151169,-0.0422623
0.00643785,-0.389322,0.507461,-0.600851,0.477909
0.646004,-0.246944,-0.612638,0.177183,0.341825
-0.586715,-0.399919,-0.366753,-0.382888,0.461271
0.545567,0.566614,-0.019602,-0.580121,0.21482
-0.166302,0.469282,-0.67327,-0.494555,-0.226953
-0.629219,-0.237177,0.690949,0.183783,-0.201999
-0.277092,-0.644669,0.434025,0.393464,0.40802
0.624126,0.307472,-0.336554,-0.483899,0.410837
-0.178462,0.202121,-0.863376,-0.145344,0.400947
0.430652,-0.292621,0.210348,0.560768,0.606672
0.564024,-0.499822,0.29358,0.417677,0.411314
0.180566,-0.29161,0.3647,0.802564,-0.320626
0.415189,-0.373938,-0.17902,0.452881,-0.674881
-0.606445,-0.538339,-0.428027,0.188688,-0.354234
0.544347,-0.694545,0.250031,-0.293992,-0.27673
-0.162675,-0.0622295,0.0420746,0.926878,-0.332488
0.033027,-0.543675,-0.623128,0.0832006,0.551623
-0.828464,-0.338216,-0.161826,-0.328999,-0.254296
-0.382788,0.5513,0.414784,-0.0951594,-0.606075
-0.884056,0.274143,0.0193098,-0.347486,-0.146057
0.299378,0.115631,-0.0135409,0.648329,-0.69042
-0.479458,-0.684697,0.233562,-0.474387,0.151102
0.0319385,0.766179,0.373375,0.297059,-0.424935
-0.0141746,-0.761779,-0.147746,0.218942,0.591464
-0.473834,-0.0553296,0.238933,-0.738245,-0.412025
-0.374139,0.345894,-0.526257,0.650781,0.199441
0.523088,0.393208,-0.21298,0.721928,0.0709972
0.618949,-0.238545,-0.414889,0.567321,-0.259266
-0.260592,-0.633247,-0.312722,0.547714,-0.363336
0.642495,-0.450521,0.407642,0.343282,0.319054
-0.669468,-0.531112,0.414605,-0.24262,0.200494
0.0916429,0.0240087,0.5045,-0.604529,0.609365
-0.184426,0.217385,-0.447167,0.00500735,0.847544
0.239809,-0.064419,-0.75828,0.588026,0.136368
0.538214,0.182494,0.186169,-0.429951,0.674981
0.037399,0.163258,0.0871826,0.76106,-0.620007
-0.561279,-0.589631,-0.253124,-0.521119,0.0407015
-0.117154,0.3329,-0.719059,0.599073,0.0603039
0.100001,-0.170565,0.199195,0.169787,-0.944218
0.0306161,-0.108378,0.423653,-0.875292,-0.195218
-0.646069,0.688762,-0.113721,-0.15808,-0.261964
0.728958,0.500805,0.197761,0.118407,-0.405972
0.329225,0.393179,0.708289,-0.227536,-0.432352
-0.587635,0.0159345,0.020266,0.521997,-0.616127
-0.379474,-0.423133,-0.249407,-0.0441609,0.784974
-0.103239,-0.346512,-0.901266,0.129326,-0.197598
0.321092,0.453839,0.349176,0.705485,0.258927
-0.474055,0.281597,0.412211,-0.0576151,0.721714
0.0887613,0.178051,-0.16763,0.655166,0.708388
0.205605,0.109267,-0.394299,-0.567485,-0.685184
-0.388748,0.341516,-0.183279,0.830155,-0.0841893
0.61461,-0.0717434,-0.456997,0.534407,-0.350949
-0.302166,-0.55124,-0.128277,0.694378,-0.326634
-0.239977,-0.238891,0.0874576,0.369416,-0.860743
0.220195,0.494948,-0.268865,-0.725646,0.327293
-0.617414,0.235577,-0.0985892,-0.358017,0.652347
0.315836,0.36066,-0.12487,-0.460576,0.738403
-0.890494,-0.396569,-0.0279249,-0.222126,0.0152555
-0.855709,0.212717,-0.0822827,-0.34575,-0.313821
0.391301,-0.112845,0.538934,0.68382,0.272825
-0.743277,-0.0419877,0.215659,-0.498696,0.385624
0.587133,-0.161281,0.780431,-0.0791305,0.126697
-0.344726,0.434689,0.490033,0.655707,-0.150179
-0.230948,0.758783,-0.100577,-0.554275,0.229454
-0.556026,-0.316183,0.35043,-0.530558,0.428781
-0.442761,-0.404547,-0.785405,-0.15331,-0.025818
0.451529,-0.186092,0.0344223,-0.855868,-0.161089
0.158194,-0.74462,-0.461233,-0.447953,-0.0721651
0.13591,0.143655,-0.200195,-0.947764,0.14895
-0.659783,-0.246592,0.121295,-0.680166,0.168378
-0.877609,-0.0163948,-0.0762162,-0.455589,0.135118
0.387676,0.394414,-0.590101,0.279823,0.516454
0.909572,0.0136222,0.332086,-0.0776105,-0.241432
0.311994,-0.676653,-0.00339751,0.0499289,-0.663866
-0.345078,-0.198438,0.102222,-0.91047,-0.0497468
-0.318613,0.659421,-0.455604,0.236183,-0.449584
-0.233318,0.863583,0.0323587,-0.359159,-0.256593
0.320667,-0.714503,-0.141514,-0.411078,-0.442828
0.126636,-0.536613,0.712584,0.425584,0.106933
0.133243,-0.205992,-0.865886,-0.284038,-0.326371
-0.20874,0.02139,0.331524,0.917204,-0.0785107
-0.222044,-0.456933,0.508881,-0.443094,-0.534092
0.352876,0.40473,0.188394,-0.436922,-0.698273
-0.318258,-0.188271,0.684207,0.356695,-0.51585
0.280846,0.687911,0.622131,0.152433,-0.200228
0.0799282,-0.0377793,0.0548792,-0.834517,-0.5408
0.122944,-0.100528,-0.525468,0.602466,-0.57742
-0.346721,0.236844,-0.639453,-0.359388,0.538433
-0.443465,-0.766109,-0.463658,-0.0272372,-0.0257209
-0.147119,0.956451,0.196299,0.0485383,0.160178
-0.396002,0.277496,-0.170922,-0.817759,-0.26502
0.365321,-0.0543929,-0.10708,0.815667,-0.434759
0.698245,-0.194097,-0.086177,0.651819,-0.207792
0.0973583,0.0504743,-0.638768,0.721073,0.242394
-0.464475,-0.44141,-0.40674,-0.338106,0.555091
-0.326578,0.617551,-0.471124,0.453556,-0.293554
0.506364,0.550167,0.14002,0.443173,-0.478021
0.580309,0.605414,0.234846,-0.12981,-0.476711
0.806076,0.198118,-0.252177,0.46295,0.180244
0.460557,-0.605546,-0.610422,-0.214078,-0.0657749
0.430923,0.494413,-0.266971,0.199974,-0.679376
-0.654752,-0.0847638,0.289932,0.109072,-0.684274
0.118757,-0.398454,0.643192,-0.175778,0.618488
-0.44826,0.0377432,0.596338,0.185881,-0.639065
0.48739,0.32496,-0.28604,0.755659,-0.062866
0.95853,0.128838,-0.0954626,0.196307,-0.13306
-0.0596995,-0.535392,0.200945,-0.175667,-0.798266
0.100351,-0.84522,-0.451714,0.218079,-0.159658
-0.0864599,-0.00193657,-0.965209,0.210846,0.135022
-0.387692,-0.562825,0.0980398,0.344469,-0.636525
0.293411,-0.0295438,-0.673649,0.65664,0.166406
-0.581358,0.459799,-0.242329,0.0989526,0.617412
-0.389522,0.183683,0.356303,0.552117,0.617946
-0.333318,0.207663,0.39363,0.257113,0.790435
-0.0139052,-0.327632,-0.75863,0.530538,-0.192353
0.540184,0.55936,-0.200307,-0.248595,0.543898
0.30624,-0.637886,-0.0977987,0.263374,0.650662
0.270963,-0.194961,-0.899597,0.28363,0.0281831
-0.462418,-0.0593442,-0.122677,-0.71025,-0.511803
-0.157101,-0.34769,-0.217588,-0.784583,-0.439461
-0.341861,0.308929,0.590491,-0.297283,-0.589747
0.646948,0.166552,-0.623691,0.337306,-0.227655
-0.0473469,0.0225922,0.617804,0.587902,-0.520252
0.353534,0.512067,0.180505,0.566352,-0.510381
0.24598,0.311703,-0.513064,-0.626286,-0.432324
-0.387034,0.190608,-0.330645,0.819742,0.175242
0.363737,-0.232629,-0.700482,0.46853,-0.318788
0.791953,-0.00336927,0.145194,-0.4756,0.356091
0.054622,0.109293,-0.675132,-0.551298,-0.475091
0.224142,0.573087,-0.143464,-0.541656,-0.553725
-0.203003,-0.58167,0.717865,0.314476,-0.0840196
0.396613,0.474796,-0.747269,-0.036401,0.233167
0.397737,0.134502,0.41105,0.318438,0.743839
0.831412,-0.0247858,-0.465972,-0.0168843,-0.296893
0.304215,0.336233,0.612637,0.176295,0.623114
0.166952,0.418576,0.613426,-0.578073,0.293808
0.425415,0.448451,0.537093,0.178313,-0.546483
-0.352176,0.00929128,0.344299,-0.568443,0.659846
-0.31328,-0.177788,-0.12362,-0.792042,-0.474769
0.0586424,-0.367039,-0.180389,0.701228,0.57755
0.035765,0.210963,-0.340785,0.516247,-0.757686
0.126822,-0.0832255,-0.270871,0.388551,-0.868346
-0.197983,0.262555,-0.939205,-0.106524,0.0245962
0.326215,-0.241649,0.194017,0.849798,0.268953
-0.424365,0.240733,0.291208,-0.680962,0.461885
-0.227815,-0.0905427,-0.766222,0.0773336,0.589542
-0.233032,-0.541912,0.237016,0.180008,0.750656
0.764618,0.0702907,-0.295229,-0.161227,0.54582
-0.766995,0.349648,0.0813379,-0.16864,-0.501436
-0.28408,0.23358,-0.331935,-0.517689,0.696788
-0.279998,0.255048,-0.867748,-0.0835348,0.309681
0.688685,-0.44412,0.418981,0.370215,0.124826
0.12684,0.525215,-0.622706,-0.533301,0.190461
-0.234038,0.196214,-0.929382,-0.158701,-0.130971
0.410907,0.305928,-0.204964,0.82092,0.150031
0.10647,-0.0895082,0.579666,0.69723,0.396566
-0.131185,0.365914,-0.051335,-0.869646,-0.29544
-0.0275379,0.694233,-0.619573,-0.336332,0.139828
-0.172078,-0.81499,0.0505766,0.547937,-0.0641266
0.207734,0.0306959,-0.753387,0.620702,0.0348842
-0.168607,-0.71878,0.0879529,0.135237,0.655107
-0.110922,0.464354,-0.376808,-0.207137,-0.765754
-0.012068,-0.333194,-0.0610201,0.593938,-0.731595
-0.706728,-0.116458,0.399534,-0.523156,0.22786
0.670572,0.52185,-0.14872,-0.235826,-0.446357
0.476338,0.666384,-0.392862,0.25235,0.338368
-0.418391,0.624776,-0.391046,0.346843,0.398692
0.348584,0.16916,-0.89101,-0.182707,0.15489
-0.206964,0.869034,0.348647,-0.280713,-0.0589766
-0.259961,0.606133,-0.187567,-0.279883,0.671028
0.0504405,-0.0908793,0.391238,0.861594,0.306666
-0.147961,-0.709068,0.619034,-0.193855,0.23277
-0.675955,-0.646112,-0.189433,0.265554,0.132015
-0.382993,0.19058,0.422001,0.683946,0.412216
0.165292,0.556451,-0.577178,-0.393981,0.41843
-0.38745,-0.440962,-0.276645,-0.675741,0.350255
0.730594,-0.625962,0.198983,0.168436,-0.0620028
0.213483,0.423797,-0.458287,0.0364188,0.749098
-0.215413,0.0614396,-0.360705,0.616113,0.665409
0.485637,-0.662565,0.404536,-0.0308,0.40921
-0.224824,-0.0879249,0.469243,-0.204288,0.824798
0.338684,-0.55568,0.160585,-0.6797,-0.304175
-0.00992433,-0.069913,-0.531133,0.807837,-0.24656
-0.000362798,-0.334641,0.0767452,0.621027,0.704285
-0.165932,0.165507,0.561434,-0.733792,-0.294606
-0.608439,-0.0673611,-0.583131,0.455102,-0.279457
-0.647785,-0.195653,0.0105923,-0.128489,-0.724855
-0.843133,-0.0268371,0.526829,-0.0306849,-0.0928017
0.42021,0.576019,0.0772265,0.511691,-0.473144
-0.0634432,-0.0027025,-0.145488,-0.302278,-0.940107
-0.347128,-0.609218,-0.303526,0.505227,0.400069
0.130343,0.179871,-0.374093,0.64761,0.625708
-0.654268,0.355815,0.109491,-0.0613217,0.654725
-0.547014,-0.324153,0.31002,-0.351729,-0.613811
-0.0834227,-0.527117,-0.651268,0.512626,0.165617
0.464467,0.333984,-0.0349723,-0.646668,0.500727
0.128881,0.449427,0.469376,-0.646764,-0.378659
-0.571172,-0.299745,0.580526,0.299963,-0.395319
0.303115,0.825594,0.365524,-0.183709,-0.243587
0.10077,-0.553809,0.191531,-0.801271,0.0803403
-0.0944625,0.84488,-0.380113,0.362464,-0.0268387
0.282362,-0.339553,0.860926,-0.119428,-0.220171
-0.116909,-0.12172,0.200417,0.802602,0.537756
0.503738,-0.126611,-0.797487,0.295855,-0.0451183
-0.876688,0.438589,-0.0266124,-0.139408,-0.14647
-0.0647773,-0.870003,0.393265,0.273138,0.0908631
-0.656845,-0.561198,-0.0215443,0.216937,0.451517
0.191717,-0.537792,-0.287367,0.452328,0.618587
-0.296757,-0.0775451,-0.776442,0.342906,-0.431565
-0.066598,-0.645493,0.64979,0.0653254,0.393231
0.0194037,0.501177,-0.794718,-0.264743,-0.217976
0.740763,-0.245751,-0.55719,-0.219949,0.189795
0.0281895,0.228864,0.598511,-0.609204,-0.464488
-0.296268,-0.566801,-0.408966,-0.641614,0.112971
0.224027,0.0527099,-0.160246,-0.959103,-0.0556046
-0.156509,-0.699693,0.497431,0.486534,-0.0538897
0.372337,0.59923,-0.216613,-0.674153,0.0360609
0.391957,-0.847167,0.186052,0.237096,0.195076
-0.312355,0.562159,0.404494,0.168617,-0.630389
-0.709195,-0.10447,-0.506082,0.463509,0.126947
0.71084,0.0574987,-0.399938,0.485321,-0.308753
0.656525,-0.101457,-0.650716,0.36004,0.0694995
-0.0899647,-0.449506,-0.537137,0.501304,0.500587
0.154488,0.869902,-0.451585,0.111269,0.0625131
-0.259011,0.0932215,0.95872,0.0458377,0.0458804
-0.720539,0.179835,-0.0578257,-0.0427726,0.665503
0.745522,0.589569,-0.214055,-0.111888,-0.194123
-0.217085,0.650086,0.721972,-0.111897,-0.0211324
0.468495,-0.815024,-0.123392,-0.256461,0.193545
-0.206973,-0.377875,-0.641793,0.355533,0.523692
0.108326,-0.18314,0.956831,0.154733,0.121794
-0.0333498,-0.0385683,0.587481,0.250118,-0.768317
-0.120907,0.094547,0.668545,0.422346,0.590521
-0.0366079,-0.127684,0.196301,0.592648,-0.769119
-0.000679289,0.272831,-0.287311,0.628656,0.67093
-0.430291,0.288833,0.664321,0.536646,0.0506019
-0.874601,-0.37791,0.162815,0.240446,0.0835953
0.533863,0.393111,-0.6621,0.266432,0.22757
0.0427703,0.20536,0.0944192,-0.620364,-0.74904
-0.37216,-0.753208,0.0380497,-0.0060435,0.538872
-0.207636,-0.618271,0.54366,0.396512,-0.349152
-0.0060279,-0.559256,0.0424268,0.808301,0.175088
-0.582379,-0.584596,-0.375694,0.329963,0.259119
0.208773,-0.408944,0.0494304,0.159478,-0.871495
-0.1704,-0.201007,0.834452,0.481792,0.0663953
0.305384,0.127504,0.871071,0.112323,0.342397
0.607899,0.00175136,0.335092,0.458576,0.554677
0.0014845,-0.637797,0.594838,0.446133,-0.208269
0.810601,-0.470585,-0.208385,-0.148136,0.238233
0.412948,-0.308695,-0.678612,0.480336,0.210868
0.486703,-0.451026,-0.398015,-0.10235,-0.621714
-0.549305,0.362582,-0.279876,0.626045,0.320334
-0.571635,0.103092,-0.555039,0.300131,-0.511735
-0.223696,-0.474296,0.178757,-0.599732,0.577094
-0.314015,0.323883,-0.136261,0.631558,0.614989
-0.449815,0.628896,0.362053,-0.467493,0.229469
-0.674265,-0.362736,0.0457552,0.624151,0.145111
-0.261003,0.429094,0.343994,0.755728,-0.240721
0.152094,0.356649,-0.103088,-0.703937,-0.586486
-0.423804,0.201252,0.3656,0.796842,-0.109687
-0.108663,-0.176704,0.382182,0.895859,0.0770077
0.459618,-0.164648,0.636127,0.455365,0.381579
0.56928,-0.0270431,0.107317,-0.721681,0.382822
-0.0955109,0.589497,0.725278,0.308773,-0.156405
-0.392043,-0.332119,0.195025,-0.833777,0.0450853
-0.953183,0.272158,-0.0423391,-0.112618,-0.0516778
0.299002,-0.54008,-0.504373,0.576383,0.180167
0.0782009,-0.916059,-0.0391219,0.0470769,-0.386559
0.226871,-0.0504331,0.661904,-0.5219,-0.481726
-0.128434,-0.00342485,0.208834,-0.966883,-0.057532
-0.538173,-0.401195,0.496162,0.383172,0.391307
0.542752,-0.168164,-0.541443,0.464294,0.407797
0.312775,0.627854,0.166606,0.046278,0.690058
0.199853,0.705159,-0.51394,0.120666,0.42804
0.421629,-0.637223,-0.25951,0.586881,-0.07513
0.443115,-0.144252,-0.872436,0.116719,0.0852734
0.318418,0.606813,0.166568,0.396105,-0.586762
-0.455548,-0.528436,-0.680721,0.0512988,0.223085
-0.284643,0.279608,0.467877,-0.766985,-0.18463
-0.230496,0.184106,-0.717237,-0.536843,-0.332395
0.331646,0.534887,-0.201982,0.0897073,-0.743661
-0.194503,0.674677,-0.335237,-0.160083,0.607245
-0.686595,-0.152844,-0.339968,0.325223,0.535048
-0.382581,0.547427,-0.425663,-0.206338,0.575163
-0.572571,-0.167541,-0.204371,0.203879,-0.748972
0.223227,-0.447512,0.237607,-0.319565,0.768061
-0.00105279,0.345871,-0.65174,-0.0938153,0.665931
0.191571,-0.178158,0.41433,-0.516408,0.700433
0.895798,-0.0469668,0.329741,-0.159253,0.243901
-0.441292,-0.761192,-0.2278,0.362459,-0.205911
-0.121081,-0.0885728,0.286585,0.895387,-0.305643
0.240544,0.432804,-0.522567,-0.683211,-0.124917
-0.0370698,0.231525,0.494721,0.454425,-0.701318
0.477892,0.751843,-0.0732919,-0.275492,0.358086
0.167345,-0.62517,-0.25352,-0.151818,0.702797
-0.160973,0.459758,0.229811,-0.803205,-0.256001
-0.223649,0.480802,-0.431438,-0.723956,-0.0929172
0.289517,-0.724609,0.405183,-0.455984,0.139043
-0.116063,0.103786,0.0476154,0.803146,0.571771
-0.25715,0.0639316,0.419366,0.80562,0.328666
-0.68365,-0.0611193,-0.0795191,-0.682716,-0.229535
0.362448,0.448096,-0.786762,0.201412,0.0949458
-0.124614,-0.420453,-0.213346,-0.665541,0.565707
-0.420346,-0.0603014,0.623413,-0.647044,0.127503
-0.327423,0.848796,0.258963,-0.232372,0.223107
-0.297692,0.530703,0.218385,0.604503,-0.465265
0.213817,0.602763,0.00133003,0.741662,-0.203396
0.229476,-0.0308164,0.730128,0.646248,0.0291755
0.0263887,0.224924,0.525964,0.400653,-0.716114
0.164444,-0.859842,-0.116475,0.411602,0.222251
-0.769567,-0.0651884,-0.154371,0.36374,0.496517
-0.552762,0.504376,0.633363,-0.168968,-0.103736
0.240279,0.164373,0.0315412,0.272623,-0.915719
-0.586326,0.300787,-0.623219,0.420299,-0.0129977
-0.34072,-0.777262,0.484063,0.0493343,0.196561
0.0337107,0.382384,-0.64292,0.661947,0.0319883
0.016128,0.224993,0.96073,0.134027,-0.0850046
0.620667,-0.324796,-0.613594,-0.151466,0.327596
-0.607841,-0.0943851,0.609189,0.0111087,0.502886
0.426299,0.213258,-0.324406,0.725904,-0.376876
-0.426496,-0.830735,-0.262191,-0.231342,-0.0781252
-0.356444,0.540987,0.0335303,0.754212,-0.117874
-0.190087,-0.125453,0.967807,0.0628509,-0.0862153
0.010526,-0.635053,-0.685705,-0.241027,-0.264947
0.527567,0.665374,-0.163415,0.498932,-0.0134825
0.388409,-0.630293,0.609615,-0.274767,0.0647489
-0.56835,0.00330726,0.563788,-0.395377,0.446869
-0.0662833,-0.0832284,-0.233779,0.428377,-0.865633
0.167046,0.255009,0.611759,0.678067,-0.269532
0.264662,-0.128405,-0.952111,0.0534859,0.0323283
0.569436,0.0469933,-0.660254,-0.101595,0.474143
-0.353451,-0.309159,0.0093574,0.267943,-0.842289
0.162109,-0.255314,-0.674599,0.47138,-0.481715
0.609139,0.71774,-0.152862,-0.0973015,0.283235
-0.301487,-0.673685,0.605344,-0.132759,-0.271497
0.392949,-0.376842,-0.3694,0.751686,0.0591092
0.0265087,0.426064,-0.624073,-0.123623,-0.643232
-0.655974,-0.439092,-0.60816,-0.0948601,0.0037497
0.792922,0.547081,0.0210861,0.249978,0.0861286
-0.104946,-0.569669,-0.58659,0.117651,0.555053
-0.570247,0.142977,0.358199,0.599039,0.410143
0.140754,0.636167,-0.338877,0.472471,0.488545
-0.613913,0.295004,-0.158429,0.600494,-0.387035
0.0303023,-0.264837,-0.858441,-0.164775,0.406697
-0.218213,-0.662487,0.419887,-0.476899,-0.332784
-0.247975,-0.325507,-0.0638961,-0.697064,0.588724
0.104415,-0.283417,0.539393,0.635711,0.459743
0.658319,-0.49887,-0.158802,-0.539403,0.0454606
-0.10403,0.387295,0.874087,0.240966,0.129621
-0.204581,0.041819,0.748109,-0.377103,-0.504726
-0.274515,0.265088,-0.0808273,-0.919348,0.0319833
-0.205138,0.322204,-0.762641,-0.4243,0.307683
0.722227,0.21256,-0.311332,0.0838913,-0.572702
-0.16087,0.399526,0.860383,0.0275389,-0.271639
-0.0506236,-0.324855,-0.590455,-0.170919,0.719275
-0.24104,-0.123942,-0.0327265,0.636503,0.722061
-0.199753,0.586948,0.530457,0.396015,0.41995
0.0386068,0.187303,-0.0835362,0.582727,0.787528
0.811707,-0.130783,0.2394,-0.049592,0.514938
-0.744762,0.12431,0.607691,-0.236807,-0.0587671
-0.828936,0.00382133,0.456264,0.232648,-0.2255
0.508173,-0.695502,0.427395,-0.26246,-0.0841666
0.233481,-0.0806826,-0.57761,-0.755494,-0.191574
0.469231,-0.75576,-0.106525,0.408343,0.168733
-0.988958,0.0127456,-0.0741998,0.015955,-0.122908
-0.465797,0.522014,0.393534,0.456218,0.384036
-0.605582,-0.229271,0.469759,0.590432,-0.105671
-0.562206,-0.485408,-0.254231,0.605565,-0.130903
0.562522,-0.493961,0.212126,-0.318458,-0.544471
-0.0384527,0.0622441,0.178635,-0.925551,-0.326318
-0.0364512,-0.124319,-0.695358,-0.362523,0.606521
0.00484769,-0.802233,-0.228074,-0.216724,0.507112
-0.31364,0.328673,0.238471,0.580907,-0.632318
0.348041,0.753584,0.0448865,-0.00423491,0.554645
0.869014,-0.0391252,-0.356613,0.301645,0.15745
0.81909,-0.12638,-0.0473869,-0.279498,-0.477442
-0.376051,0.600415,0.701789,-0.066528,0.0613211
-0.767935,-0.134733,-0.509882,0.0310219,0.358311
-0.875309,0.136517,0.0935701,0.115328,-0.44405
0.317133,-0.948113,-0.0105284,-0.0276824,0.048161
0.810322,0.553626,-0.0383163,-0.151651,0.117627
-0.952177,-0.00111668,0.141918,0.236957,0.141419
-0.494211,0.479117,0.586706,-0.382645,0.189115
-0.340922,0.0276574,0.662301,-0.665079,0.0362686
-0.153287,0.395963,-0.444169,0.351634,0.704687
-0.204942,-0.939288,-0.0182658,0.276725,-0.0249568
-0.557393,0.515427,0.426155,-0.441083,-0.212565
0.52636,-0.613968,-0.0293389,0.0819339,-0.58572
0.538365,0.624113,0.0182332,-0.499244,0.267868
-0.59875,0.114308,-0.607793,0.485829,0.142242
0.332268,-0.244889,0.222887,0.134352,0.871837
-0.56249,0.711208,0.0787078,-0.228011,0.345534
-0.457892,0.649558,0.214102,0.144436,-0.548717
-0.185627,-0.557669,-0.599562,-0.379731,-0.388824
0.230759,0.0172103,0.513861,-0.515186,0.64501
0.210328,0.188798,0.373555,0.230149,0.853315
0.319523,-0.772619,0.245187,0.408746,-0.274044
0.130009,-0.0891695,0.941385,0.29278,0.046696
-0.716673,0.266346,-0.0869147,0.583889,-0.264886
0.448169,-0.650063,0.277858,-0.498287,-0.221565
-0.824638,-0.0532051,0.0717742,0.303254,-0.468194
0.169551,0.741868,-0.267716,-0.187272,-0.561843
-0.262202,-0.393818,-0.849018,-0.215701,-0.0994187
0.668058,-0.188981,-0.10362,-0.698427,0.148648
0.0119076,0.255316,-0.419276,-0.141691,0.859298
-0.144558,0.371875,-0.016005,-0.763959,0.50329
0.427377,-0.0682045,-0.667078,0.24144,0.55536
-0.276066,-0.268643,0.0327446,0.711596,0.590479
-0.721051,0.599818,-0.0238823,-0.339519,0.0743769
-0.404621,0.65011,0.122401,-0.606881,-0.17122
-0.440838,-0.0157477,0.424156,-0.612428,0.500637
0.624811,0.319528,0.292584,0.0565193,-0.648248
0.61886,0.0497911,0.294547,-0.727458,0.00619927
0.25266,0.201842,-0.255499,-0.908091,0.0580181
0.0198869,-0.590857,-0.492173,-0.615926,0.167824
-0.0711779,0.202009,0.519646,-0.720347,-0.406999
-0.169023,0.229154,-0.855188,-0.376649,0.214271
0.633714,0.496304,-0.389187,-0.408414,0.186154
-0.309322,0.528992,-0.128465,0.311698,0.712525
-0.18382,-0.103487,0.024704,-0.0461769,0.976474
-0.674206,0.15757,-0.709845,0.0964407,-0.0641892
-0.16749,0.00108636,0.735432,0.278671,-0.598687
0.682858,0.336753,-0.316933,-0.514412,-0.239514
-0.43802,0.0997945,0.618429,0.521867,0.377043
-0.0101885,-0.780684,0.117646,0.0515989,0.610833
-0.311968,-0.305883,-0.777604,0.437249,0.112926
-0.528559,-0.0585092,-0.473198,0.348075,0.609224
-0.691214,0.492278,-0.0280943,0.0243092,0.52554
0.0918877,0.365994,-0.323832,-0.866913,0.0647296
0.0475188,0.391813,0.304523,-0.484647,-0.717699
-0.856491,-0.0831181,-0.415851,0.0706483,0.289699
0.758708,0.530045,-0.189737,-0.197797,-0.25293
-0.186234,0.689024,-0.365349,-0.177609,-0.576525
-0.112491,0.250816,-0.649735,0.377997,0.59934
-0.483433,0.0298293,0.401953,0.777762,0.0188974
-0.0405036,-0.289445,0.707999,-0.322353,-0.553961
-0.686537,-0.324365,0.00776176,0.113572,0.638182
0.808318,0.509435,-0.135621,0.265714,0.0170582
-0.203787,0.0139081,0.137326,0.935009,0.249495
-0.732786,-0.0850302,-0.583994,-0.312694,-0.129668
0.400834,0.100457,-0.243926,-0.861792,-0.17179
-0.366908,-0.152501,0.295464,0.706108,-0.502642
-0.440045,-0.360409,-0.350408,0.674195,0.315484
0.572504,0.334969,-0.282867,0.235338,0.649273
0.773202,0.297005,0.197089,-0.396971,-0.339075
0.633836,-0.380402,-0.0822239,0.447446,0.497211
0.0391686,-0.0410603,-0.668096,0.741863,0.041008
-0.0218544,-0.0202728,-0.63807,-0.108935,0.761226
0.560698,0.376904,0.156921,-0.651293,0.306416
0.770322,-0.0550411,0.159439,0.479224,0.388089
0.774906,0.397077,0.478559,-0.0567727,0.0948438
-0.485831,-0.00398859,0.763353,0.37592,0.196634
-0.496047,0.373524,0.176726,0.669432,0.36539
-0.157963,0.622195,0.351103,-0.178696,0.658127
-0.114772,-0.338886,0.495495,0.703258,0.361469
-0.260869,0.166432,-0.578907,0.168114,0.734034
0.165129,0.00198923,-0.112305,0.0621628,0.978066
0.400766,0.00346325,0.062521,0.792048,0.454288
-0.244823,-0.124479,-0.248868,-0.573563,-0.731639
-0.940808,0.167029,-0.100409,0.234219,0.151466
0.673576,0.172089,0.607722,0.269094,-0.272261
0.0186837,-0.623848,-0.466473,-0.490022,0.389427
-0.500006,0.677707,-0.370019,0.39065,-0.0266069
-0.840015,-0.317093,0.0141523,0.285773,-0.334967
-0.486712,-0.0252895,-0.653803,-0.402504,0.413969
0.377556,0.0166713,-0.296539,0.551303,0.682517
0.256225,0.276803,-0.210583,0.317093,-0.845437
0.798977,-0.371574,-0.229494,0.283436,-0.302489
0.798227,-0.06844,0.428114,0.270075,-0.318868
0.409972,-0.796919,0.43828,-0.0331725,0.0853059
0.565074,0.349232,-0.332608,-0.197975,-0.641104
0.0695685,-0.223422,0.138828,0.884374,0.382584
0.0205549,0.870713,-0.193841,0.365461,-0.262905
-0.834031,-0.424998,0.246645,-0.135751,0.209973
-0.0214226,0.162618,0.881684,0.410552,-0.164285
-0.430304,-0.562007,-0.549021,-0.171298,0.414455
