"treeID","Alpha","Index1","Index2","Index1_R","Index2_R"
1,0.75,0,4,0,1
2,0.5,0,4,0,1
3,0.25,0,4,0,1
5,0.85714,4,11,1,2
6,0.71429,4,11,1,2
7,0.57143,4,11,1,2
8,0.42857,4,11,1,2
9,0.28571,4,11,1,2
10,0.14286,4,11,1,2
